LINEAR id,Plinear,Pztf,Pmean,Pratio,NdataLINEAR,L_rms,L_chi2dof,L_chi2dofR,Lmean_rms,Lmean_chi2dof,Lmean_chi2dofR,Lmmax,Lampl,NdataZTF,Z_rms,Zchi2dof,Zchi2dofR,Zmean_rms,Zmean_chi2dof,Zmean_chi2dofR,Zmmax,Zampl,MainPeakL,BlazhkoPeakL,BlazhkoPeriodL,BpowerRatioL,BsignificanceL,MainPeakZ,BlazhkoPeakZ,BlazhkoPeriodZ,BpowerRatioZ,BsignificanceZ,Ampl_diff,dP,IndicatorType,ChiType,BE_score,LCType,period_vs_amp
608497,0.485636,0.748671,0.617154,1.54163,556,0.0801402620686389,20.4,2.5,0.9271465147392228,166.4,7.8,14.85,0.86,31,0.0719294370510127,109.2,4.9,0.3052183812350655,103.8,9.5,14.71,1.02,2.0592,2.093,29.529,0.0467,17.4563,1.0002,1.0295,34.188,0.3134,6.8994,0.16,0.42621,,Z,11.0,1,period
664583,0.602994,0.603021,0.603008,1.000045,449,0.1159036053841335,1.8,1.1,0.1479083727644281,2.8,1.4,16.18,0.56,48,0.0640806636021812,4.7,2.2,0.0681967927283136,4.6,2.2,16.12,0.46,1.6584,1.6612,357.7818,0.0407,10.5905,1.6584,1.667,116.6181,0.0639,8.6314,0.1,4e-05,Z,,,1,
810169,0.465185,0.465212,0.465198,1.000058,289,0.1407287344064615,6.0,2.1,0.1582691696718483,8.2,2.3,15.47,0.77,59,0.0534578163328539,10.3,2.5,0.0452504709114176,11.9,2.2,15.73,0.61,2.1497,2.2232,13.6017,0.066,9.937,2.1496,2.223,13.6184,0.0364,8.6093,0.16,6e-05,,Z,6.0,1,period
843294,0.374216,0.374214,0.374215,0.999995,290,0.1234279512599683,3.3,1.4,0.1187903971591824,3.4,1.4,15.53,0.36,57,0.0513718210772877,1.8,1.2,0.052994666777784,1.9,1.3,15.48,0.31,2.6723,2.706,29.6252,0.0287,11.4573,1.3362,1.3393,316.9572,0.1486,11.3686,0.05,1e-05,Z,,,2,
880588,0.600138,0.600134,0.600136,0.999993,295,0.1104185700512317,3.2,1.2,0.1168174995040122,3.3,1.2,16.08,0.91,75,0.0507948928210199,7.5,1.9,0.0476122780695919,7.0,1.8,16.18,0.7,1.6663,1.691,40.5268,0.0618,7.4387,1.6663,1.6691,354.6099,0.0737,12.1826,0.21,1e-05,L,,,1,
924301,0.507503,0.50744,0.507472,0.999876,418,0.0955154247337387,13.8,1.9,0.2025289150841913,35.3,3.8,15.42,0.87,44,0.0990775184529305,89.0,5.0,0.1171071599066272,79.7,5.5,15.53,0.6,1.9704,2.0043,29.5072,0.0503,11.4848,2.0048,2.016,89.6459,0.0665,5.164,0.27,0.00012,,Z,7.0,1,period
999528,0.658401,0.658407,0.658404,1.000009,564,0.1434565706485954,1.8,1.2,0.145827403968467,1.9,1.2,16.22,0.57,45,0.0427418410052125,5.7,1.6,0.0424236265490164,6.0,1.6,16.17,0.55,1.5188,1.5527,29.5247,0.0685,14.9114,1.5188,1.5296,92.5926,0.0671,6.5103,0.02,1e-05,Z,,,1,
1005497,0.653607,0.653605,0.653606,0.999997,607,0.0731019162235362,2.1,1.1,0.0731737793172606,2.1,1.1,15.66,0.6,45,0.0377459924769939,3.0,1.4,0.0384507043089482,3.1,1.4,15.62,0.51,1.53,1.5639,29.4638,0.0567,11.4094,1.53,1.549,52.6316,0.0836,7.2669,0.09,0.0,Z,,,1,
1080552,0.702908,0.351453,0.52718,0.499999,548,0.2720944956026248,8.2,2.5,1.1272864932112212,17.3,3.7,15.93,0.42,135,0.2025347774492662,30.3,5.0,0.6264982675688041,79.3,10.2,15.99,0.29,1.4227,1.4396,59.1191,0.0283,8.7082,2.8453,2.8922,21.3288,0.0237,6.5219,0.13,0.66667,,Z,10.0,2,period
1092244,0.649496,0.649558,0.649527,1.000095,590,0.1068267894579595,2.3,1.2,0.158590688238338,5.2,1.7,16.09,0.72,82,0.1100439236506526,13.0,2.9,0.1277444578752576,17.3,3.3,16.17,0.47,1.5397,1.5735,29.5421,0.1267,13.4443,1.5393,1.6125,13.6482,0.0747,0.0136,0.25,0.0001,,Z,6.0,1,period
1169665,1.238946,0.412945,0.825946,0.333303,305,0.204607294140059,24.5,4.7,0.2199065881716589,29.1,5.9,14.43,0.3,152,0.1224009385137496,4.5,2.1,0.1869609198317896,10.1,3.2,14.43,0.24,0.8071,0.8342,36.9481,0.0891,6.9136,2.4217,2.4265,210.5263,0.025,14.4473,0.06,1.00007,L,,,2,
1212611,0.630896,0.630893,0.630894,0.999995,297,0.0493084901714861,0.9,0.9,0.0508119589623606,0.9,0.9,15.64,0.75,165,0.0294621856948783,1.8,1.1,0.0299997855630055,1.8,1.1,15.66,0.57,1.585,1.5962,89.3256,0.0606,10.3725,1.5851,1.6388,18.6047,0.0264,6.597,0.18,0.0,L,,,1,
1249142,0.565642,0.565649,0.565646,1.000012,417,0.0425734844105833,1.2,1.0,0.0495698881701263,1.9,1.1,15.31,0.81,39,0.0255917971745219,1.8,1.4,0.0265357585269725,1.8,1.4,15.35,0.63,1.7679,1.8017,29.5465,0.1135,11.2741,1.7679,1.7715,276.6252,0.0526,5.0817,0.18,1e-05,Z,,,1,
1391917,0.663718,0.331865,0.497792,0.500009,499,0.0568304152386131,3.0,1.2,0.9829893327607468,51.4,7.8,15.07,0.39,44,0.0442934503599976,1.3,1.0,0.1437746527940458,28.7,3.1,15.09,0.25,1.5067,1.5236,58.9797,0.0798,24.4424,3.0133,3.0174,242.4242,0.039,7.1881,0.14,0.66665,L,,,2,
1448299,0.606912,0.60694,0.606926,1.000046,435,0.0957139367078195,32.5,2.7,0.1151807407462094,35.1,3.0,15.05,0.77,40,0.0620974003986725,20.6,2.6,0.0652170550643654,20.7,2.8,15.15,0.52,1.6477,1.6816,29.4551,0.0762,16.5293,1.6475,1.6618,69.808,0.0656,5.5273,0.25,5e-05,Z,,,1,
1491775,0.785391,0.354951,0.570171,0.451942,293,0.1836205901118293,4.8,2.0,0.5377800223497867,13.8,3.8,15.72,0.4,152,0.0908072952320943,9.3,2.2,0.966044145593974,68.4,10.8,15.82,0.32,1.2733,1.2845,88.7311,0.1242,12.5865,2.8174,2.8222,209.4241,0.0407,14.9164,0.08,0.75493,L,,,2,
1602363,0.880732,0.293574,0.587153,0.33333,311,0.0,0.0,0.0,0.0,0.0,0.0,0.0,0.0,0,0.0,0.0,0.0,0.0,0.0,0.0,0.0,0.0,1.1354,1.1589,42.526,0.0527,6.1879,0.0,0.0,0.0,0.0,0.0,0.0,1.00001,L,,,2,
1615764,0.488189,0.48819,0.48819,1.000002,334,0.0538450194999486,3.0,1.5,0.0511508670338942,3.0,1.4,15.32,1.07,80,0.0322077979846741,3.4,1.6,0.0322077979846741,3.4,1.6,15.44,0.83,2.0484,2.0712,43.8789,0.0866,11.1127,2.0484,2.0712,43.8404,0.0504,10.5182,0.24,0.0,Z,,,1,
1626282,1.248502,0.416076,0.832289,0.33326,307,0.1855557942198456,1.3,1.1,0.279185040816696,2.0,1.3,16.25,0.37,208,0.1927637087750931,7.4,2.8,0.5430675525681602,20.0,4.8,16.3,0.25,0.801,0.8235,44.287,0.1539,11.0319,2.4035,2.4106,141.3428,0.0067,12.4912,0.12,1.00016,L,,,2,
1736308,0.555848,0.555843,0.555846,0.999991,372,0.0549701349389625,2.9,1.3,0.054586350885753,3.0,1.2,15.41,0.7,44,0.0228793395267921,1.9,1.0,0.0224794503011821,2.0,1.0,15.32,0.59,1.7991,1.833,29.4377,0.0861,13.7119,1.7991,1.8264,36.6367,0.0529,5.6501,0.11,1e-05,Z,,,1,
1748058,0.310237,0.310176,0.310206,0.999803,463,0.1427240257921986,2.2,1.4,0.994518450742895,13.5,4.2,15.74,0.38,39,0.2568031882384265,15.0,4.5,0.2304353600583854,14.8,4.5,15.82,0.23,3.2233,3.2572,29.5203,0.0428,20.2894,0.73,0.75,50.0,0.1649,6.4254,0.15,0.0002,Z,,,2,
1876491,0.760128,0.760123,0.760126,0.999993,301,0.1108493992556899,2.5,1.2,0.1114404171574058,2.5,1.2,15.74,0.41,152,0.0505909348027367,1.8,1.3,0.0505225059001895,1.8,1.3,15.71,0.3,1.3156,1.3365,47.8813,0.0635,6.5301,1.3156,1.3204,205.5498,0.0453,9.1168,0.11,1e-05,L,,,1,
1890167,0.651279,0.0,0.32564,0.0,269,0.0,0.0,0.0,0.0,0.0,0.0,0.0,0.0,0,0.0,0.0,0.0,0.0,0.0,0.0,0.0,0.0,1.5354,1.5596,41.4422,0.1056,7.9065,0.0,0.0,0.0,0.0,0.0,0.0,2.0,L,,,1,
1936459,0.649248,0.64924,0.649244,0.999988,431,0.111122177405282,0.6,0.7,0.1069227698462309,0.6,0.7,16.45,0.45,40,0.0559128592714177,1.5,1.2,0.0580249768943176,1.5,1.2,16.41,0.36,1.5402,1.5741,29.5203,0.0754,10.9704,1.5403,1.5654,39.8248,0.1023,7.3171,0.09,1e-05,Z,,,1,
2023155,0.608582,0.608583,0.608582,1.000002,438,0.0423532095637444,2.4,1.1,0.0423532095637444,2.4,1.1,15.14,0.83,40,0.0191583816308687,1.2,1.0,0.0193463291042706,1.1,1.0,15.18,0.66,1.6432,1.677,29.5203,0.063,11.1155,1.6433,1.6657,44.5534,0.0884,6.4394,0.17,0.0,Z,,,1,
2041979,0.653694,0.653639,0.653666,0.999916,276,0.1346473218004794,1.5,1.2,0.1815838597679481,2.4,1.3,16.14,0.63,304,0.1691178755207829,17.7,3.8,0.1670718755276403,17.7,3.5,16.22,0.33,1.5298,1.5944,15.4607,0.063,6.6223,1.5299,1.5347,207.4689,0.0144,9.8341,0.3,8e-05,,Z,6.0,1,period
2075949,0.477806,0.477666,0.477736,0.999707,519,0.0972416412264804,4.0,1.6,0.5021407950202004,29.7,4.4,15.57,0.69,130,0.1167166607647518,22.2,4.7,0.1571510731618987,56.2,5.6,15.86,0.6,2.0929,2.1268,29.4768,0.0754,16.9427,2.0935,2.1389,22.041,0.0317,8.6985,0.09,0.00029,,Z,6.0,1,period
2079147,0.617457,0.617458,0.617458,1.000002,459,0.0741477677504628,0.9,0.8,0.0733611615524358,0.8,0.7,15.9,0.46,44,0.0459090658937486,1.3,1.1,0.0459090658937486,1.3,1.1,15.81,0.42,1.6195,1.6534,29.5377,0.0798,14.2038,1.6195,1.6407,47.2367,0.0597,5.8857,0.04,0.0,Z,,,1,
2125638,0.606318,0.606323,0.60632,1.000008,542,0.0570167418354185,1.9,0.9,0.0582876162975964,1.9,0.9,15.5,0.54,38,0.0285321121715915,1.2,0.9,0.0301751776043731,1.3,0.9,15.5,0.41,1.6493,1.6831,29.5552,0.0522,15.5539,1.6493,1.6544,193.6108,0.1035,6.9193,0.13,1e-05,Z,,,1,
2202528,0.786581,0.393274,0.589927,0.499979,294,0.338749964258963,11.3,2.8,0.8964777832412509,19.0,4.8,15.47,0.27,132,0.0939245679767172,3.4,1.8,0.8476555996801431,43.5,8.2,15.43,0.28,1.2713,1.2754,244.4988,0.0432,6.5468,2.5427,2.547,230.1496,0.0152,7.7933,0.01,0.6667,,L,6.0,2,period
2243683,0.579777,0.579803,0.57979,1.000045,531,0.1466662929030958,22.0,3.1,0.1601286448729824,24.8,3.2,15.07,0.52,31,0.0939535137074025,9.3,3.4,0.112387674237988,11.0,3.8,15.12,0.42,1.7248,1.7588,29.4204,0.0526,16.6097,1.0006,1.0046,248.4472,4.6862,27.1733,0.1,4e-05,Z,,,1,
2248787,0.563528,0.563539,0.563534,1.00002,540,0.0911132301196467,8.8,2.1,0.0925869850219474,9.3,2.0,15.27,0.74,36,0.0373164709746543,17.4,1.4,0.042996653608046,14.6,1.8,15.34,0.48,1.7745,1.8085,29.4638,0.0498,15.1232,1.0048,1.0099,194.9318,0.164,5.983,0.26,2e-05,Z,,,1,
2251043,0.533678,0.467972,0.500825,0.876881,462,0.3395036984628449,7.2,2.1,0.5965672142617712,13.1,3.3,16.12,0.34,40,0.3055627485125392,37.8,7.3,0.3510761819478246,57.8,9.3,16.02,0.36,1.8738,1.9077,29.4724,0.0386,12.4368,1.8739,1.9395,15.2497,0.0613,5.7195,0.02,0.1312,,Z,7.0,1,period
2252873,0.703487,0.703496,0.703491,1.000013,397,0.2826866604355076,2.5,1.3,0.2796727025743403,2.6,1.3,16.03,0.23,23,0.0086794325971036,0.4,0.5,0.0091995374711868,0.4,0.5,16.01,0.84,1.4215,1.4554,29.4507,0.0453,9.0001,2.0016,2.0048,311.042,0.5206,6.4239,0.61,1e-05,Z,,,1,
2276533,0.586232,0.586234,0.586233,1.000003,322,0.0841959452733917,1.0,0.9,0.0855243408471698,1.0,0.9,15.8,0.64,51,0.0251853561025816,1.5,0.9,0.0286999429542926,1.6,1.0,15.8,0.53,1.7058,1.7736,14.7514,0.1174,10.1631,0.8528,0.8637,91.9118,0.0631,5.4908,0.11,0.0,Z,,,1,
2397296,0.488814,0.328032,0.408423,0.671077,522,0.1369747040397737,3.2,1.2,0.9406356286287832,18.7,3.7,16.17,0.65,43,0.0821909534611851,26.4,3.0,0.3407370392846567,99.2,9.7,16.15,0.65,2.0458,2.0796,29.5421,0.0595,14.0709,3.0485,3.0773,34.6801,0.0554,7.4663,0.0,0.39367,,Z,6.0,1,period
2445331,1.480263,0.595856,1.03806,0.402534,445,0.2524597382004195,4.3,1.8,0.4722184023089828,8.0,2.5,16.44,0.56,36,0.0424368910506183,1.7,1.2,0.2141104648521577,19.9,4.1,16.28,0.58,0.6756,0.6875,83.8223,0.0725,5.9083,1.6782,1.6913,76.0746,0.1201,8.173,0.02,0.85198,Z,,,1,
2462460,0.682155,0.0,0.341078,0.0,309,0.0,0.0,0.0,0.0,0.0,0.0,0.0,0.0,0,0.0,0.0,0.0,0.0,0.0,0.0,0.0,0.0,1.4659,1.4905,40.7581,0.0954,7.9786,0.0,0.0,0.0,0.0,0.0,0.0,2.0,L,,,1,
2464031,0.592292,0.592293,0.592292,1.000002,336,0.0932876924972983,0.6,0.7,0.0932876924972983,0.6,0.7,16.39,0.6,136,0.0353651271931245,1.7,0.9,0.0357843744643917,1.8,1.0,16.37,0.47,1.6884,1.7167,35.2361,0.0691,8.1666,1.6884,1.6932,208.1165,0.0201,5.8812,0.13,0.0,L,,,1,
2595739,0.692085,0.256895,0.47449,0.37119,327,0.1920276177505475,4.8,2.0,0.7608485192583814,13.9,3.5,15.32,0.3,187,0.2721371756098198,5.4,2.8,0.5864202478781173,12.3,3.4,15.47,0.17,1.4449,1.4789,29.4551,0.0561,8.0121,3.8927,3.9392,21.4984,0.0031,10.8979,0.13,0.91717,,Z,7.0,2,period
2660232,0.614343,0.614344,0.614343,1.000002,497,0.0850893894122822,0.6,0.7,0.0850893894122822,0.6,0.7,16.55,0.65,45,0.0364656656368024,0.8,0.9,0.0360715230537012,0.8,0.9,16.54,0.45,1.6278,1.6616,29.5159,0.0798,10.6209,0.8139,0.8346,48.4144,0.1132,8.0202,0.2,0.0,Z,,,1,
2669011,0.591153,0.591151,0.591152,0.999997,450,0.0416784570304135,2.4,1.1,0.0404391809353504,2.3,1.1,15.03,0.66,41,0.0232743512551499,1.5,0.7,0.0219787529613849,1.5,0.7,15.05,0.5,1.6916,1.7256,29.4464,0.1033,14.9008,1.6916,1.7015,101.2146,0.0751,6.536,0.16,0.0,Z,,,1,
2672279,1.165739,0.388549,0.777144,0.333307,389,0.247084884202775,8.8,2.9,0.2017750569467105,8.0,2.9,15.12,0.33,205,0.1029677701626046,5.3,2.2,0.1140771108933637,11.7,2.3,15.12,0.26,0.8578,0.8953,26.6525,0.0903,5.957,2.5737,2.5784,210.5263,0.0106,12.8209,0.07,1.00006,,L,7.0,2,period
2714034,0.610868,0.6108,0.610834,0.999889,536,0.1201906086215582,2.4,1.5,0.1838350579308633,6.4,1.9,15.69,0.46,42,0.0278351504234706,0.7,0.8,0.0364478350317299,1.4,1.1,15.59,0.4,1.637,1.6708,29.5989,0.0533,12.1025,1.0001,1.0034,302.1148,2.8246,143.2064,0.06,0.00011,Z,,,1,
2812086,0.646015,0.646,0.646008,0.999977,296,0.0823589402902304,19.9,3.0,0.0834932449398829,23.4,3.1,14.59,0.61,136,0.0639639877021079,11.7,3.2,0.0670235699209966,11.9,3.3,14.46,0.58,1.548,1.5781,33.173,0.051,7.6062,1.548,1.5519,258.7322,0.0694,10.848,0.03,2e-05,Z,,,1,
3048546,0.656287,0.656293,0.65629,1.000009,291,0.053392455175473,1.6,1.0,0.0575183440999426,2.0,1.0,15.69,0.88,135,0.023509038022889,1.1,1.0,0.0231007594748311,1.2,1.0,15.79,0.7,1.5237,1.5407,59.0667,0.0747,7.6335,1.5237,1.5583,28.9561,0.0276,5.968,0.18,1e-05,L,,,1,
3056979,0.582725,0.0,0.291362,0.0,496,0.0,0.0,0.0,0.0,0.0,0.0,0.0,0.0,0,0.0,0.0,0.0,0.0,0.0,0.0,0.0,0.0,1.7161,1.733,58.9971,0.0609,24.6334,0.0,0.0,0.0,0.0,0.0,0.0,2.0,L,,,2,
3117883,0.551379,0.551387,0.551383,1.000015,271,0.0797396867483315,1.0,0.9,0.0758132206388833,1.0,0.8,16.19,0.84,232,0.025712229813112,1.7,1.1,0.0246156646981259,1.8,1.0,16.27,0.69,1.8136,1.8345,47.9042,0.0502,6.8083,1.8136,1.8167,323.6246,0.0809,12.0388,0.15,1e-05,Z,,,1,
3139572,0.211316,0.366614,0.288965,1.734909,275,0.2321890432985547,2.0,1.2,1.306606944567213,5.1,2.7,16.49,0.39,152,0.1728858766080283,18.1,2.8,0.626175612860505,37.4,7.4,16.58,0.28,4.7323,4.8029,14.1543,0.0065,12.1472,2.7291,2.7326,284.0909,0.0281,13.7811,0.11,0.53743,,Z,7.0,2,period
3140139,0.30459,0.304585,0.304588,0.999984,255,0.2606507704576563,7.7,2.5,0.2482740274971232,7.8,2.6,15.62,0.4,105,0.1355776127971276,13.3,3.3,0.1331680466877232,13.3,3.3,15.69,0.3,3.2831,3.3529,14.3338,0.0256,10.8164,3.2832,3.2878,213.6752,0.0253,11.1886,0.1,2e-05,,Z,9.0,2,amp
3196582,0.268017,0.268018,0.268018,1.000004,479,0.1329389977441877,8.6,2.5,0.1316885292568706,9.0,2.5,14.82,0.35,48,0.0583139813822479,2.5,1.4,0.0583139813822479,2.5,1.4,14.89,0.27,3.7311,3.765,29.5203,0.0285,25.6121,1.0031,1.0062,319.4888,0.1522,9.0641,0.08,0.0,Z,,,2,
3218931,0.693979,0.693939,0.693959,0.999942,274,0.0499011100764189,28.8,2.6,0.0499197256042523,32.7,2.6,14.24,0.79,171,0.0473405255838957,5.5,2.2,0.0468478024285794,7.8,2.1,14.28,0.59,1.441,1.5088,14.7395,0.0912,2.4484,1.4411,1.446,203.666,0.0197,8.6264,0.2,6e-05,,L,6.0,1,period
3219035,0.326746,0.326509,0.326627,0.999275,376,0.2276583527119551,23.9,3.9,0.8243722771123498,51.5,7.6,14.83,0.32,168,0.1393036719935862,11.5,2.6,0.3594969252068888,39.5,5.0,14.93,0.23,3.0605,3.1287,14.6692,0.0327,10.1934,3.0627,3.0661,294.1176,0.02,12.0769,0.09,0.00073,,Z,11.0,2,period
3377349,0.584204,0.584209,0.584206,1.000009,547,0.0397967823485357,6.9,1.6,0.037701293065731,6.6,1.5,14.71,0.64,47,0.0269413798679002,1.0,1.1,0.0230299660942166,0.9,1.0,14.69,0.54,1.7117,1.7457,29.4377,0.0616,17.795,0.9999,1.0031,318.9793,0.4283,17.5627,0.1,1e-05,Z,,,1,
3589854,0.612893,0.612953,0.612923,1.000098,468,0.1100567167418435,29.1,3.9,0.1687149973507319,47.9,5.2,14.57,0.49,45,0.1158212714274583,34.1,3.8,0.1333128004702836,43.3,4.3,14.52,0.39,1.6316,1.6656,29.4031,0.0565,15.3618,1.3169,1.3741,17.4978,0.1024,4.2129,0.1,0.0001,,Z,11.0,1,period
3591037,0.558643,0.558609,0.558626,0.999939,449,0.0746887418705516,5.4,1.3,0.1120091052825338,12.5,1.7,15.69,0.76,45,0.0471169956583523,7.1,2.0,0.0642282324915868,12.2,2.6,15.71,0.59,1.7901,1.7929,352.1127,0.0622,13.9545,1.3964,1.4181,46.1361,0.0924,5.5436,0.17,6e-05,Z,,,1,
3649421,0.571508,0.571508,0.571508,1.0,359,0.1061389636494473,2.0,1.2,0.1061389636494473,2.0,1.2,15.91,0.54,24,0.0588049228443363,3.3,1.6,0.0588049228443363,3.3,1.6,15.9,0.45,1.7498,1.7837,29.4638,0.0839,8.334,1.0013,1.0053,247.8315,0.66,11.201,0.09,0.0,Z,,,1,
3666049,0.528692,0.528697,0.528695,1.000009,507,0.0698444684535036,0.6,0.8,0.0709280042160038,0.7,0.8,16.25,0.91,45,0.0273507667077202,1.5,1.1,0.02809938920909,1.5,1.2,16.32,0.7,1.8915,1.9254,29.4898,0.0499,12.5177,0.9457,0.9647,52.687,0.2121,10.0806,0.21,1e-05,Z,,,1,
3729253,0.572174,0.999989,0.786082,1.747701,296,0.0,0.0,0.0,0.0,0.0,0.0,0.0,0.0,0,0.0,0.0,0.0,0.0,0.0,0.0,0.0,0.0,1.7477,1.767,51.8672,0.1111,6.6422,0.0,0.0,0.0,0.0,0.0,0.0,0.54424,L,,,1,
3787533,0.687319,0.343659,0.515489,0.499999,507,0.1690449531233182,5.5,2.0,0.6981011906552584,23.6,4.5,15.41,0.36,45,0.0611265895025187,1.8,1.4,0.3094734949194394,53.0,6.9,15.51,0.29,1.4549,1.4719,58.9275,0.0864,21.0512,1.0027,1.0354,30.5717,0.3223,8.456,0.07,0.66667,L,,,2,
3797767,0.613224,0.613213,0.613218,0.999982,536,0.055316864376908,6.0,1.5,0.0514358898568604,6.1,1.5,15.1,0.64,44,0.0541373001066358,4.7,1.7,0.0626352140407813,5.1,2.0,15.08,0.53,1.6307,1.6647,29.4377,0.0908,14.6752,0.8153,0.8248,105.4296,0.1486,6.0794,0.11,2e-05,Z,,,1,
3798134,1.25088,0.416945,0.833912,0.333321,521,0.1657462789451658,2.1,1.2,0.1738789821713344,2.3,1.1,16.11,0.44,45,0.0854445167687662,3.0,1.3,0.0968098441914197,2.4,1.7,16.28,0.27,0.7994,0.8107,88.4564,0.144,18.951,1.1992,1.2386,25.3614,0.0671,6.0372,0.17,1.00003,L,,,2,
3898889,0.633548,0.31677,0.475159,0.499994,442,0.1514815017044996,1.3,1.1,1.3471513017468535,8.0,3.4,16.15,0.43,48,0.0478167720096471,2.5,1.0,0.4734171107989693,43.4,8.0,16.25,0.33,1.5784,1.5954,59.0319,0.07,16.1503,1.0002,1.0459,21.8962,0.055,2.6207,0.1,0.66668,L,,,2,
3941776,0.532222,0.532209,0.532216,0.999976,271,0.0849813684972384,18.8,2.8,0.0860354780883889,21.2,2.9,14.88,0.77,45,0.0841669519636859,21.4,3.6,0.0770345416362265,20.8,3.3,14.94,0.54,1.8789,1.9253,21.5564,0.065,9.3459,1.0001,1.0396,25.2685,0.1443,4.1216,0.23,2e-05,,Z,10.0,1,amp
4136438,0.517298,0.517307,0.517302,1.000017,458,0.0605608470166391,1.2,0.8,0.0671168175893265,1.5,0.9,16.01,0.94,48,0.0170754458426141,1.2,0.7,0.0145547180207665,1.0,0.6,16.13,0.74,1.9331,1.936,352.1127,0.0933,14.5651,1.0031,1.0062,320.0,0.1079,6.8177,0.2,2e-05,Z,,,1,
4139829,0.584193,0.584179,0.584186,0.999976,464,0.0881594098543572,1.2,1.0,0.0922113305163984,1.3,0.9,16.14,0.75,43,0.0371279234689584,2.2,1.3,0.0303856682995493,1.8,1.2,16.21,0.56,1.7118,1.7146,356.5062,0.1574,15.9235,1.7118,1.7153,287.7698,0.0715,6.7181,0.19,2e-05,Z,,,1,
4182729,0.681458,0.681461,0.68146,1.000004,299,0.0524278412695954,1.6,1.1,0.0539837673522993,1.6,1.2,14.93,0.54,334,0.0448640782489825,2.4,1.3,0.0452627774222799,2.4,1.3,14.89,0.43,1.4674,1.4722,211.8644,0.057,7.4245,1.4675,1.4703,345.4231,0.0626,13.0882,0.11,0.0,L,,,1,
4331112,0.659718,0.329859,0.494788,0.5,478,0.0573485712337759,2.2,1.3,0.8704564072353304,69.2,10.1,14.73,0.34,45,0.0474985327329215,2.7,1.1,0.2703835950632313,40.3,6.9,14.76,0.27,1.5158,1.5328,58.9797,0.1145,23.2709,3.0316,3.125,10.7072,0.0254,4.9857,0.07,0.66667,L,,,2,
4343459,0.572793,0.572789,0.572791,0.999993,412,0.0621809869253108,1.7,0.8,0.0640363407614469,1.7,0.9,15.82,0.68,38,0.0238218991232958,2.6,1.0,0.0244003188267575,2.7,1.0,15.75,0.55,1.7458,1.7797,29.4855,0.0617,15.2641,1.7458,1.749,313.9717,0.122,9.5689,0.13,1e-05,Z,,,1,
4346789,0.940605,0.47031,0.705458,0.500008,335,0.0805810682984076,0.8,0.7,0.6977862408501537,6.6,2.8,16.1,0.45,39,0.0520005445943835,1.0,1.1,0.111452663853977,27.2,4.2,16.11,0.3,1.0631,1.0801,59.0493,0.1289,12.9361,2.1263,2.1881,16.176,0.0525,5.9525,0.15,0.66665,L,,,1,
4359545,0.514304,0.514305,0.514304,1.000002,278,0.1367601925440798,19.8,2.9,0.1367601925440798,19.8,2.9,15.32,0.69,156,0.0950388782564262,20.0,3.8,0.0949232050048847,19.7,3.7,15.37,0.51,1.9444,2.0028,17.1086,0.0432,4.3282,1.9444,1.9735,34.3761,0.0195,11.9568,0.18,0.0,,Z,10.0,1,amp
4367103,0.326883,0.326888,0.326886,1.000015,375,0.1491238573669362,0.5,0.7,0.1596306643973042,0.5,0.7,16.42,0.33,38,0.0404491755852359,0.7,0.7,0.0370053676624954,0.7,0.6,16.42,0.25,3.0592,3.0931,29.5334,0.0486,20.8889,3.0592,3.0858,37.5516,0.056,8.5078,0.08,2e-05,Z,,,2,
4367166,0.585748,0.585744,0.585746,0.999993,382,0.1037909435988839,0.6,0.8,0.1062741517337314,0.6,0.7,16.43,0.59,38,0.0264741405679489,0.4,0.7,0.0254339283990465,0.4,0.7,16.41,0.51,1.7072,1.7411,29.5508,0.0512,11.0337,1.7072,1.7242,58.8582,0.0902,6.5609,0.08,1e-05,Z,,,1,
4545362,0.52132,0.521322,0.521321,1.000004,483,0.0680745510644445,1.3,1.0,0.0664582802517355,1.4,1.0,15.92,0.96,45,0.0196656425985491,1.3,1.0,0.0195363653525129,1.4,1.0,16.06,0.72,1.9182,1.952,29.634,0.0608,13.004,2.0003,2.0049,219.539,0.4133,44.9517,0.24,0.0,Z,,,1,
4546177,0.536335,0.536311,0.536323,0.999955,255,0.1457434764395732,20.2,3.3,0.1482517466858078,22.8,3.3,15.09,0.76,45,0.0983990329582291,19.4,4.5,0.0926497678094839,19.2,4.5,15.25,0.53,1.8645,1.9337,14.4592,0.1093,8.5173,1.8647,1.9338,14.4781,0.0562,6.2045,0.23,4e-05,,Z,10.0,1,amp
4547090,0.612285,0.612341,0.612313,1.000091,511,0.0326759941985469,5.5,1.1,0.0860551937782017,29.5,2.8,14.94,0.9,45,0.0440488693883921,10.3,2.5,0.0440723513285445,8.8,2.8,15.04,0.65,1.6332,1.6671,29.5116,0.0977,15.5603,1.0022,1.0455,23.1,0.1029,3.5866,0.25,9e-05,,Z,6.0,1,period
4600749,0.513403,0.51341,0.513407,1.000014,576,0.0494924676686684,2.4,1.2,0.0503777503255828,2.2,1.3,15.39,1.0,48,0.0258067911978217,1.7,1.6,0.0251110149671884,2.1,1.6,15.51,0.78,1.9478,1.9661,54.6299,0.0494,4.8896,2.0032,2.0313,35.6062,0.0762,7.9246,0.22,1e-05,Z,,,1,
4620408,0.803871,0.803872,0.803872,1.000001,582,0.1070699462121952,1.5,1.1,0.108003429137207,1.5,1.2,15.62,0.38,48,0.0341315836610167,1.5,0.9,0.0341315836610167,1.5,0.9,15.63,0.32,1.244,1.2468,357.1429,0.0949,16.3557,2.0024,2.0269,40.7997,0.0594,7.3103,0.06,0.0,Z,,,1,
4645153,0.657413,0.328705,0.493059,0.499998,610,0.246886411609135,192.8,10.9,0.973346668246928,395.2,22.6,14.0,0.33,48,0.0403979331475295,1.1,0.9,0.3964469961374944,54.2,8.4,13.89,0.26,1.5211,1.5381,59.0319,0.0242,11.6991,3.0423,3.1307,11.3065,0.031,5.6512,0.07,0.66667,,L,8.0,2,period
4670587,0.357698,0.715393,0.536546,1.999992,555,0.2190855687228528,31.8,4.1,0.810478647067657,77.4,6.9,15.01,0.38,46,0.1825935741692359,23.3,4.4,0.2386352417437207,49.5,4.4,15.01,0.36,2.7957,2.7985,355.8719,0.0312,22.2632,0.9319,0.9657,29.6077,0.1308,6.1478,0.02,0.66666,,Z,12.0,2,period
4912051,0.571577,0.571435,0.571506,0.999752,638,0.1480967267654705,9.4,2.1,0.2694129125357141,24.7,2.9,15.61,0.63,45,0.1466565391549391,36.5,4.9,0.1729129195238086,40.2,5.4,15.74,0.42,1.7495,1.7835,29.4855,0.0387,11.1132,2.0034,2.0944,10.986,0.0632,4.6086,0.21,0.00025,,Z,7.0,1,period
5037484,0.622999,0.622996,0.622998,0.999995,376,0.0474472663885891,3.2,1.4,0.0469422180726461,3.1,1.4,15.04,0.89,47,0.0184307158413101,1.3,1.1,0.0166459079655533,1.3,1.0,15.11,0.74,1.6051,1.6405,28.3046,0.0461,8.5066,1.6051,1.6237,53.8938,0.0586,6.9242,0.15,0.0,Z,,,1,
5095929,0.280684,0.280683,0.280684,0.999996,288,0.2289531607844867,0.9,0.8,0.2289531607844867,0.9,0.8,16.63,0.32,51,0.0784470507002398,2.1,1.4,0.0790390065514837,2.2,1.4,16.53,0.31,3.5627,3.6304,14.7743,0.0074,7.6702,1.1876,1.1966,111.4827,0.0934,8.9776,0.01,0.0,Z,,,2,
5272753,0.485827,0.485831,0.485829,1.000008,601,0.0373204491087362,1.5,0.9,0.0404739822095601,1.5,1.0,15.43,1.09,48,0.0274725773284998,3.5,1.6,0.0301083250613328,3.1,1.8,15.56,0.79,2.0583,2.0861,35.9777,0.0533,14.7049,2.0029,2.0399,26.9869,0.0438,5.4928,0.3,1e-05,L,,,1,
5308380,0.609172,0.609169,0.609171,0.999995,487,0.1005733443858847,1.6,1.1,0.1044325240269276,1.6,1.2,16.03,0.69,51,0.0262377817777206,1.4,1.1,0.0256105992489906,1.3,1.1,16.19,0.63,1.6416,1.6755,29.5116,0.0514,12.0085,1.6416,1.663,46.62,0.0636,7.6055,0.06,0.0,Z,,,1,
5374444,0.361871,0.361869,0.36187,0.999994,329,0.1934306327030606,3.0,1.5,0.186346089719407,3.0,1.5,15.99,0.35,47,0.0879856333979876,7.5,2.3,0.0908418731862743,7.4,2.3,15.96,0.35,2.7634,2.8339,14.1804,0.0197,9.7332,2.7634,2.7821,53.5762,0.056,9.3225,0.0,1e-05,Z,,,2,
5549773,0.374917,0.374914,0.374916,0.999992,533,0.0908883145126392,0.6,0.7,0.0916782581200323,0.6,0.7,16.02,0.38,45,0.0387322840281059,0.9,0.9,0.0462210254633886,0.9,1.0,16.01,0.28,2.6673,2.7012,29.4681,0.0441,20.1079,2.6673,2.6704,320.5128,0.0681,11.7385,0.1,1e-05,Z,,,2,
5749985,0.606284,0.60629,0.606287,1.00001,340,0.110298811707468,1.0,0.8,0.1062095636398639,1.0,0.8,16.19,0.45,51,0.0304788110673449,1.1,0.7,0.0319173527815266,1.1,0.7,16.15,0.35,1.6494,1.7171,14.7612,0.0639,7.5675,1.6494,1.6533,254.1296,0.0502,6.7386,0.1,1e-05,Z,,,1,
5808634,1.094901,0.365116,0.730008,0.333469,269,0.2123422684844771,5.0,2.1,0.5983155301466243,9.9,3.3,15.55,0.33,39,0.0564164101355102,4.1,1.3,0.3011338737758061,33.8,5.6,15.55,0.27,0.9133,0.9567,23.0415,0.0598,0.5581,2.7389,2.7488,100.9082,0.057,7.6286,0.06,0.99969,Z,,,2,
5895287,0.539169,0.539184,0.539176,1.000028,522,0.0953663155453932,5.2,1.7,0.0979940619292697,6.4,1.8,15.53,0.75,45,0.0709824026344161,13.7,3.0,0.0753145023866393,14.0,3.2,15.65,0.52,1.8547,1.8887,29.4594,0.0689,14.0426,1.8547,1.8773,44.1112,0.0533,5.0135,0.23,3e-05,Z,,,1,
5931160,0.6647,0.664708,0.664704,1.000012,587,0.0511306764252143,0.9,0.8,0.0478784379987097,0.9,0.8,15.17,0.35,45,0.0380765985018731,1.0,0.9,0.0464217415317065,1.0,1.0,15.1,0.26,1.5044,1.5383,29.5421,0.0822,14.5345,1.5044,1.5162,84.4951,0.0545,5.8301,0.09,1e-05,Z,,,1,
6668961,0.562697,0.28135,0.422024,0.500003,465,0.094925236531937,0.8,0.7,1.1548008664030471,6.7,3.0,16.4,0.46,51,0.1013441213231245,4.1,2.3,0.4251310608039835,40.6,7.0,16.47,0.36,1.7772,1.7941,58.9623,0.0541,18.8639,1.7772,1.8523,13.3094,0.1114,7.0149,0.1,0.66666,L,,,2,
6729261,0.279963,0.55992,0.419941,1.999979,625,0.3716251460298929,5.2,1.9,0.7772429541094513,8.5,2.6,15.84,0.21,43,0.2494559581260968,7.0,3.4,0.2871216801053026,16.3,3.9,15.98,0.18,3.5719,3.6058,29.4985,0.0127,21.3925,0.5692,0.5925,42.8541,0.1573,4.4135,0.03,0.66666,,Z,6.0,2,period
6805826,1.259047,0.629461,0.944254,0.49995,314,0.2172495058519655,18.6,3.8,0.8149197462616322,51.8,8.9,14.93,0.31,52,0.142514690708548,27.7,4.2,0.340119665250495,61.9,8.8,14.9,0.32,0.7943,0.8111,59.2066,0.0814,6.0242,1.9618,2.0026,24.5008,0.0552,7.0165,0.01,0.66675,L,,,2,
6819457,0.436282,0.436265,0.436274,0.999961,325,0.1202477732611472,32.5,3.6,0.1473590058839923,39.8,3.9,15.03,0.95,103,0.1557671245918419,71.8,8.1,0.1566812946924053,74.9,8.5,15.23,0.65,2.2921,2.295,346.0208,0.0669,9.4986,2.2922,2.3845,10.8301,0.0288,8.7593,0.3,4e-05,,Z,7.0,2,amp
6838366,0.382839,0.76569,0.574264,2.000031,292,0.2187099085100194,12.7,2.7,0.7428911962366851,33.0,5.3,15.49,0.42,39,0.1659924188868814,36.1,5.1,0.6254014763811092,65.8,8.0,15.44,0.38,2.6121,2.7139,9.8193,0.0328,7.1187,2.0034,2.0361,30.5998,0.069,6.3658,0.04,0.66668,,Z,9.0,2,period
6883239,0.563711,0.563712,0.563711,1.000002,305,0.0567179444329854,15.1,2.9,0.0567179444329854,15.1,2.9,14.35,0.79,66,0.0548182148739232,10.6,2.5,0.0534756865702515,10.6,2.5,14.45,0.56,1.774,1.8444,14.1935,0.0929,7.2619,1.774,1.7769,336.7003,0.0472,10.2268,0.23,0.0,,Z,10.0,1,amp
6918683,0.344067,0.344073,0.34407,1.000017,268,0.0842046072148762,1.3,1.1,0.0860415260702777,1.4,1.1,15.49,0.44,59,0.0436746598515096,1.2,1.1,0.0425024343068056,0.9,1.0,15.56,0.32,2.9064,2.9769,14.1844,0.0393,14.3588,1.4532,1.4626,106.1008,0.055,9.0648,0.12,2e-05,Z,,,2,
6958952,0.706795,1.060181,0.883488,1.499984,432,0.2567636084788012,6.3,2.2,0.921808789004439,12.0,3.0,16.11,0.44,80,0.2036327228198527,22.3,4.4,0.41477522290836,46.5,6.1,16.13,0.3,1.4148,1.4318,59.0493,0.0337,7.2216,0.9432,0.9607,57.1429,0.0372,4.2887,0.14,0.39999,,Z,7.0,2,period
6967017,0.529691,0.529677,0.529684,0.999974,323,0.0680330939394646,13.3,2.3,0.0700676396684037,15.2,2.3,14.63,0.63,37,0.0492547248760329,15.4,2.8,0.0518808092050091,19.0,2.9,14.64,0.6,1.8879,1.9218,29.4724,0.0791,14.2362,2.8909,2.9133,44.5236,0.0614,5.786,0.03,3e-05,Z,,,1,
7086820,0.573677,0.573679,0.573678,1.000003,266,0.0512123808093738,3.1,1.0,0.052938109999529,3.1,1.0,15.47,0.97,42,0.0215945921278904,1.3,1.3,0.0221562107304119,1.3,1.3,15.57,0.71,1.7431,1.7771,29.4768,0.0755,11.646,1.743,1.7677,40.4613,0.0692,5.3548,0.26,0.0,Z,,,1,
7124989,0.613706,0.613707,0.613706,1.000002,608,0.0357477731977583,1.5,0.9,0.0357477731977583,1.5,0.9,15.21,0.84,43,0.0336172736450425,2.5,1.7,0.0336460786077905,2.4,1.7,15.24,0.64,1.6294,1.6633,29.5029,0.0412,11.8879,1.6295,1.6408,88.7705,0.0511,5.4589,0.2,0.0,Z,,,1,
7131981,0.662521,0.662521,0.662521,1.0,569,0.0413357733028558,2.4,1.2,0.0413357733028558,2.4,1.2,15.21,0.75,50,0.0152660766249076,1.1,0.7,0.0152660766249076,1.1,0.7,15.19,0.57,1.5094,1.5432,29.5465,0.0544,12.6425,1.5094,1.5138,223.7136,0.0742,9.163,0.18,0.0,Z,,,1,
7254801,0.561133,0.561071,0.561102,0.99989,310,0.1101452466786472,2.2,1.3,0.19806123910575,5.7,1.8,15.88,0.63,54,0.0955274647963707,8.8,2.5,0.1055798665879469,10.8,2.9,16.02,0.41,1.7821,1.8527,14.1563,0.055,6.4741,1.7823,1.8655,12.02,0.036,2.4837,0.22,0.00011,,Z,6.0,1,period
7260181,1.73387,0.732523,1.233196,0.422479,292,0.1893051096006007,25.5,3.7,0.3523818417006401,49.4,5.0,14.82,0.38,65,0.1957869360995521,47.2,5.9,0.6224386361658475,99.5,9.7,14.85,0.36,0.5767,0.6003,42.4989,0.2295,7.1833,1.3651,1.3857,48.6381,0.0572,9.3489,0.02,0.81199,Z,,,2,
7279621,0.415469,0.415467,0.415468,0.999995,324,0.1860246000311332,5.0,1.9,0.186883261803951,5.1,1.9,15.59,0.38,61,0.0962350262084679,17.1,2.6,0.0979028009084326,17.2,2.7,15.56,0.34,2.4069,2.5166,9.1183,0.0311,5.3593,0.8023,0.8112,113.1862,0.0615,5.6337,0.04,0.0,Z,,,2,
7391221,0.694556,0.347276,0.520916,0.499997,506,0.0903459691489334,1.3,1.0,1.219313032707789,15.1,4.1,15.74,0.36,83,0.0571736055785708,1.8,1.3,0.3660032637208781,49.9,8.1,15.78,0.3,1.4398,1.4567,58.9623,0.1088,24.6175,2.8796,2.9425,15.9058,0.0269,7.0656,0.06,0.66667,L,,,2,
7411461,0.467033,0.482633,0.474833,1.033402,552,0.0649120947218648,2.4,1.0,0.772525121761106,34.9,4.8,15.83,1.09,43,0.0951878992017451,75.8,6.2,0.4714562758521174,185.5,9.3,15.7,1.1,2.1412,2.1751,29.4811,0.0736,14.6889,1.1383,1.1922,18.5718,0.1376,0.8074,0.01,0.03285,,Z,7.0,1,period
7420913,1.05292,0.35098,0.70195,0.33334,272,0.073082714436712,5.0,2.0,0.0755581077352056,4.5,1.8,14.63,0.37,41,0.0259335609581137,1.1,0.6,0.0447244665277056,1.1,1.1,14.59,0.27,0.9497,0.9762,37.7644,0.1388,7.0187,2.8492,2.8556,157.1092,0.0403,7.2172,0.1,0.99999,L,,,2,
7519479,0.702027,0.351011,0.526519,0.499996,560,0.1551190707034835,1.6,1.1,1.2852749401771053,7.5,3.1,16.19,0.36,51,0.1114641276948602,6.1,2.1,0.2223867964829666,24.4,4.5,16.2,0.27,1.4244,1.4414,59.1017,0.0437,16.3399,0.9497,0.9763,37.594,0.0577,5.3459,0.09,0.66667,Z,,,2,
7535651,0.594803,0.594804,0.594804,1.000002,263,0.0513408650460581,3.8,1.3,0.0497682172064702,3.7,1.2,15.05,1.06,156,0.0256971223425267,2.2,1.3,0.0256971223425267,2.2,1.3,15.21,0.77,1.6812,1.7209,25.2302,0.0528,6.6067,1.6812,1.6843,321.0273,0.0528,16.9854,0.29,0.0,Z,,,1,
7555727,0.990143,0.393013,0.691578,0.396925,260,0.3935586357489468,7.6,2.9,0.7560872071554501,12.0,4.0,15.55,0.32,197,0.0866865960458608,4.8,1.8,2.9130861950862537,52.9,10.3,15.58,0.27,1.01,1.0271,58.4283,0.1131,9.1663,2.5444,2.5476,316.4557,0.0116,14.6479,0.05,0.86343,,L,6.0,2,period
7580734,0.314956,0.314957,0.314956,1.000003,387,0.1691748133396496,4.1,2.0,0.1691748133396496,4.1,2.0,15.46,0.38,69,0.1328188477314949,12.6,2.9,0.1276706546961379,12.8,3.0,15.59,0.29,3.175,3.2089,29.5596,0.0295,16.956,1.0583,1.0861,36.0295,0.0977,13.3639,0.09,0.0,Z,,,2,
7593064,0.745898,0.745899,0.745898,1.000001,478,0.0973303813250195,0.7,0.8,0.0973303813250195,0.7,0.8,15.85,0.36,46,0.0566532172882313,1.9,1.3,0.0564586952627131,1.9,1.3,15.75,0.29,1.3407,1.3745,29.5552,0.068,11.9132,1.3406,1.3684,36.036,0.1366,9.8653,0.07,0.0,Z,,,1,
7685659,0.675784,0.337916,0.50685,0.500036,393,0.1155943022344569,1.0,1.0,1.095939684602455,8.9,3.3,15.95,0.39,39,0.0768116215659257,2.0,1.3,0.2084037922260526,16.6,3.5,15.96,0.29,1.4798,1.4967,59.0145,0.1001,16.5591,2.9595,3.0846,7.9917,0.0379,6.3293,0.1,0.6666,L,,,2,
7827663,0.390832,0.390832,0.390832,1.0,385,0.2157563737686413,17.7,3.4,0.2157563737686413,17.7,3.4,14.93,0.32,70,0.1457006044537759,11.2,2.7,0.1457006044537759,11.2,2.7,14.88,0.3,2.5586,2.5925,29.5334,0.0264,14.7403,1.2793,1.3393,16.6722,0.0333,3.4099,0.02,0.0,,Z,8.0,2,period
7908628,0.549017,0.549028,0.549022,1.00002,263,0.049393632475553,1.8,1.1,0.0575990202926176,2.5,1.2,15.27,0.88,140,0.0231923954620015,2.6,1.2,0.0251560198566555,2.7,1.3,15.36,0.65,1.8214,1.8442,43.9657,0.0674,7.1387,1.8214,1.8245,326.7974,0.0485,10.0699,0.23,2e-05,L,,,1,
7925995,0.476607,0.476607,0.476607,1.0,270,0.0369933634993698,3.1,1.5,0.0369933634993698,3.1,1.5,15.08,1.14,63,0.0262433303565049,3.7,2.1,0.0262433303565049,3.7,2.1,15.18,0.97,2.0982,2.1458,20.9798,0.0589,8.9378,1.0491,1.0654,61.0128,0.1131,8.0378,0.17,0.0,Z,,,1,
7984971,0.642691,0.27285,0.45777,0.424543,323,0.2863524710597776,6.8,2.2,0.8521900655021076,13.3,3.5,15.31,0.19,69,0.2538011644603723,13.7,3.7,0.4057867295945367,26.7,5.4,15.52,0.19,1.556,1.5672,88.7311,0.0288,11.2725,2.0025,2.0888,11.5861,0.0186,3.7382,0.0,0.80792,,Z,6.0,2,period
7997579,0.486693,0.486689,0.486691,0.999992,465,0.1527172050601566,2.6,1.3,0.1555399325918763,2.6,1.3,16.32,0.77,45,0.1038396853228787,8.4,2.6,0.0998218482544438,8.1,2.5,16.54,0.48,2.0547,2.0886,29.4551,0.0694,10.7203,2.0546,2.0601,182.8154,0.0622,6.5504,0.29,1e-05,Z,,,1,
8130793,0.640631,0.64051,0.64057,0.999811,256,0.1558503830525026,17.3,3.4,0.2305884624376336,24.7,4.5,14.72,0.35,52,0.0677909287496082,3.4,1.6,0.0917626044726779,7.1,2.5,14.64,0.31,1.561,1.5998,25.7334,0.0537,5.1508,1.5612,1.5645,307.2197,0.1411,8.2011,0.04,0.00019,Z,,,1,
8140987,1.131832,0.377246,0.754539,0.333306,486,0.1910560899926924,14.7,3.1,0.1797201729263266,16.9,3.2,15.09,0.37,71,0.1119909028529226,7.6,2.5,0.1008253938813049,22.3,2.6,15.11,0.27,0.8835,0.8948,88.4564,0.0726,14.3749,1.3254,1.3697,22.5759,0.0355,6.5312,0.1,1.00006,L,,,2,
8153673,0.71967,0.359863,0.539766,0.500039,442,0.1509681128197749,10.5,2.8,0.9557453277851437,56.0,7.4,14.81,0.31,46,0.0548888483924759,1.7,1.2,0.3660627438618675,54.9,8.2,14.77,0.27,1.3895,1.4065,58.9623,0.0956,18.0851,2.7788,2.8285,20.1511,0.028,4.7782,0.04,0.6666,L,,,2,
8245702,1.918421,0.390059,1.15424,0.203323,273,0.1743307677752968,2.4,1.4,0.7050251913105098,5.8,2.8,16.51,0.61,138,0.115446522353657,2.9,1.6,0.5958394209202723,25.1,5.1,16.65,0.28,0.5213,0.5325,88.6918,0.115,7.6681,2.5637,2.6031,25.4259,0.0122,7.7044,0.33,1.32413,L,,,2,
8337518,0.536969,0.53697,0.53697,1.000002,466,0.0659019998243113,1.0,0.8,0.0674681448597328,1.0,0.8,16.24,0.96,66,0.0314370073749096,2.1,1.2,0.0314370073749096,2.1,1.2,16.33,0.68,1.8623,1.8962,29.5159,0.0885,11.0986,1.8623,1.8852,43.63,0.0526,8.7487,0.28,0.0,Z,,,1,
8405435,0.666743,0.666737,0.66674,0.999991,260,0.0521396537620668,1.1,0.9,0.0465716217557979,1.0,0.9,15.49,0.67,201,0.0243638549505304,1.8,1.0,0.0248810765933991,1.7,1.0,15.52,0.53,1.4998,1.5056,172.5626,0.0853,7.0839,1.4998,1.5057,171.6738,0.0181,14.4982,0.14,1e-05,L,,,1,
8428593,0.955946,0.468274,0.71211,0.489854,299,0.1338847076011537,51.2,4.6,0.6236046015918321,144.8,11.3,15.12,1.07,196,0.0307694614589538,4.2,1.7,1.1844630307919897,206.8,16.9,15.2,0.86,1.0461,1.0492,323.1018,0.102,2.1945,2.1355,2.2019,15.0625,0.0268,17.3801,0.21,0.68483,,L,9.0,1,period
8595866,0.33194,0.331942,0.331941,1.000006,318,0.0842169886045285,1.4,1.0,0.0855401844868816,1.4,1.0,15.48,0.35,69,0.0549628963428432,1.6,1.2,0.0663967795833145,1.7,1.5,15.56,0.27,3.0126,3.0464,29.5465,0.0296,16.1702,0.9999,1.0042,235.2941,0.2765,10.6182,0.08,1e-05,Z,,,2,
8610884,0.592421,0.592429,0.592425,1.000014,277,0.1523754075287486,6.3,2.2,0.1573550415108336,6.3,2.2,15.48,0.45,186,0.1271784871281089,25.3,3.7,0.1229517469086671,25.7,3.7,15.4,0.4,1.688,1.7144,37.843,0.0504,9.1348,1.6879,1.6908,352.7337,0.0404,15.638,0.05,1e-05,L,,,1,
8611846,0.601569,0.601574,0.601572,1.000008,269,0.089442394023039,0.7,0.7,0.0862871256409388,0.7,0.7,16.22,0.53,75,0.036301509072357,0.9,0.9,0.033622085288688,0.9,0.9,16.18,0.42,1.6623,1.7266,15.5642,0.0772,7.1344,1.6623,1.6673,201.6129,0.0546,12.2669,0.11,1e-05,Z,,,1,
8640362,0.33272,0.344192,0.338456,1.034479,444,0.1340560051433908,12.6,4.1,1.5241125932070196,12.6,3.9,15.73,1.28,66,0.0775024558693253,2.3,1.4,0.405953741025139,31.5,6.2,15.84,0.27,3.0055,3.0373,31.4367,0.0118,6.9057,1.4527,1.4948,23.7135,0.0225,5.3003,1.01,0.0339,,L,8.0,2,period
8907563,0.513164,0.513164,0.513164,1.0,259,0.1215439380265615,2.8,1.1,0.1215439380265615,2.8,1.1,16.13,0.77,87,0.0905491546661155,15.9,3.4,0.0905491546661155,15.9,3.4,16.2,0.64,1.9487,1.9757,37.0508,0.082,8.2394,1.9487,2.0027,18.5202,0.0571,16.1234,0.13,0.0,L,,,1,
9227464,0.352865,0.352858,0.352862,0.99998,352,0.2897407801377706,34.4,4.4,0.301696303332601,35.0,4.3,14.93,0.3,135,0.1691604259749909,9.1,2.8,0.1637006075081016,9.2,2.8,15.02,0.22,2.8339,2.9184,11.8399,0.0181,7.5471,0.9447,0.9737,34.4175,0.053,9.5332,0.08,2e-05,,Z,9.0,2,amp
9449335,0.47572,0.475695,0.475707,0.999947,257,0.0880160444188826,15.1,2.0,0.1425277396322321,31.2,3.2,15.24,0.89,139,0.0635955329292852,14.5,3.0,0.0664564315628626,25.5,3.3,15.41,0.61,2.1021,2.1359,29.5465,0.1036,11.6301,1.0008,1.034,30.1023,0.0551,9.2197,0.28,5e-05,,Z,6.0,1,period
9532981,0.591,0.591042,0.591021,1.000071,282,0.1600594656094758,7.4,1.7,0.2060557886182857,10.2,2.2,16.0,0.59,72,0.1667527020186703,21.1,4.7,0.177686143170733,23.2,4.5,16.01,0.41,1.692,1.6948,357.7818,0.0979,6.5416,1.6919,1.6947,355.2398,0.0817,14.0854,0.18,7e-05,,Z,7.0,1,period
9756199,0.657727,0.657671,0.657699,0.999915,277,0.170330108822019,1.2,1.0,0.3011394576827967,2.3,1.5,16.37,0.4,74,0.0771316504681482,2.9,1.4,0.0836041568858377,2.9,1.4,16.41,0.29,1.5204,1.5373,59.0145,0.0837,9.0009,1.5205,1.5541,29.7619,0.0261,7.0282,0.11,9e-05,L,,,2,
9818617,0.626065,0.626066,0.626065,1.000002,267,0.0676212595147736,0.9,0.8,0.0676212595147736,0.9,0.8,16.12,0.76,62,0.0265025487428007,2.0,1.0,0.0246321487582685,1.9,0.9,16.12,0.62,1.5973,1.6048,133.6005,0.0798,6.3692,1.5973,1.6001,352.7337,0.0598,10.4412,0.14,0.0,L,,,1,
9838775,1.102646,0.367561,0.735104,0.333345,279,0.1146691178752346,1.0,0.8,0.143590265052844,1.1,0.9,16.43,0.46,71,0.0951979219414525,2.2,1.6,0.0882519741632549,3.5,1.4,16.46,0.27,0.9069,0.9182,88.6525,0.0846,9.1095,1.3603,1.3699,103.9501,0.0391,9.1148,0.19,0.99997,L,,,2,
9852554,0.651339,0.651367,0.651353,1.000043,339,0.1352235083563752,1.1,1.0,0.1575813062664165,1.6,1.1,16.42,0.67,69,0.102352344861151,11.0,2.8,0.084025617504696,9.7,2.2,16.43,0.52,1.5353,1.557,46.0617,0.0544,7.4618,1.5353,1.5403,197.2387,0.0336,6.4626,0.15,4e-05,L,,,1,
9854852,0.668734,0.668729,0.668732,0.999993,294,0.028590180148596,2.3,0.8,0.0327709189575986,2.5,0.9,15.04,0.65,65,0.0307935255963436,2.2,1.3,0.0290437522221103,1.9,1.2,15.09,0.55,1.4954,1.5012,171.3796,0.0733,11.4712,1.4954,1.5269,31.6857,0.0326,7.2602,0.1,1e-05,L,,,1,
9856232,0.626142,0.626129,0.626136,0.999979,335,0.1129414698031987,24.3,3.4,0.1107307832308639,25.0,3.3,14.98,0.83,68,0.0797440611224871,37.3,3.6,0.0954900906653818,36.5,4.4,15.04,0.56,1.5971,1.6337,27.3187,0.0657,5.0604,1.5971,1.6164,51.7331,0.0335,8.1357,0.27,2e-05,,Z,10.0,1,amp
9918809,0.47946,0.479509,0.479484,1.000102,265,0.1662627594748201,7.8,1.9,0.1808201939841665,8.3,2.2,15.81,0.6,126,0.2806876770552423,95.8,10.3,0.2751390730903676,103.2,8.6,15.86,0.5,2.0857,2.1556,14.3113,0.0438,5.8301,2.0848,2.0877,352.7337,0.0184,14.4836,0.1,0.0001,,Z,6.0,1,period
9961135,0.590896,0.590891,0.590894,0.999992,296,0.0866729122113347,2.6,1.1,0.0908926000429105,2.7,1.1,15.58,0.57,71,0.0685711644303672,4.7,1.8,0.0620924618619018,4.7,1.7,15.56,0.45,1.6923,1.7099,57.0288,0.0961,7.3855,1.6924,1.6977,186.2197,0.0318,7.71,0.12,1e-05,L,,,1,
9964640,0.636584,0.0,0.318292,0.0,260,0.0,0.0,0.0,0.0,0.0,0.0,0.0,0.0,69,0.0,0.0,0.0,0.0,0.0,0.0,0.0,0.0,1.5709,1.5878,59.1017,0.0621,10.2793,0.0,0.0,0.0,0.0,0.0,0.0,2.0,L,,,2,
9979905,0.338739,0.338739,0.338739,1.0,457,0.09510644119178,7.9,2.5,0.09510644119178,7.9,2.5,14.72,0.46,70,0.0605025301835803,5.0,1.8,0.0605025301835803,5.0,1.8,14.8,0.37,2.9521,2.986,29.5072,0.0354,19.9321,1.0008,1.0255,40.4531,0.1074,7.5705,0.09,0.0,Z,,,2,
10085065,0.33749,0.337492,0.337491,1.000006,444,0.058549569311762,4.1,1.4,0.0632540052726622,4.2,1.5,14.73,0.4,68,0.0555171931769312,1.1,1.0,0.0514701706869201,1.0,0.9,14.74,0.31,2.963,2.9658,357.7818,0.086,23.7726,0.9877,0.9952,133.2445,0.1054,10.9103,0.09,1e-05,Z,,,2,
10420063,0.487395,0.487394,0.487394,0.999998,488,0.0518131694643486,67.9,4.2,0.0519356813533617,66.2,4.2,13.99,0.97,65,0.0583190106319436,19.5,3.7,0.0583190106319436,19.5,3.7,14.13,0.68,2.0517,2.0857,29.4421,0.0421,10.4333,2.0517,2.1007,20.4207,0.0899,22.549,0.29,0.0,,Z,10.0,1,amp
10481905,0.48472,0.484775,0.484748,1.000113,510,0.1163592439032196,18.1,2.6,0.2102340344855031,38.6,4.2,15.11,0.71,62,0.0669509266075213,50.4,3.3,0.1422897901445639,77.1,6.2,15.15,0.6,2.063,2.097,29.4898,0.0528,11.9191,1.0001,1.0046,220.5072,0.0278,3.9229,0.11,0.00011,,Z,11.0,1,period
10503746,0.573563,0.57357,0.573567,1.000012,264,0.0851732951320413,12.8,2.7,0.0812190910235284,13.7,2.7,14.87,0.83,103,0.0460606295242981,3.6,1.4,0.0496045449547137,3.9,1.5,15.03,0.54,1.7435,1.7576,70.9471,0.07,7.171,1.7435,1.7463,353.3569,0.0351,16.31,0.29,1e-05,L,,,1,
10655742,0.513675,0.99463,0.754152,1.936302,270,0.0,0.0,0.0,0.0,0.0,0.0,0.0,0.0,0,0.0,0.0,0.0,0.0,0.0,0.0,0.0,0.0,1.9468,1.9747,35.7718,0.0727,8.897,0.0,0.0,0.0,0.0,0.0,0.0,0.63774,L,,,1,
10725047,0.483728,0.0,0.241864,0.0,319,0.0,0.0,0.0,0.0,0.0,0.0,0.0,0.0,0,0.0,0.0,0.0,0.0,0.0,0.0,0.0,0.0,2.0673,2.0888,46.5549,0.1146,11.1101,0.0,0.0,0.0,0.0,0.0,0.0,2.0,L,,,1,
10814742,0.462687,0.462683,0.462685,0.999991,257,0.088746133379768,26.8,2.5,0.090452262033402,27.2,2.7,14.99,0.9,76,0.0854152920190992,39.9,4.3,0.0839103399650213,40.7,4.2,15.13,0.62,2.1613,2.2185,17.4749,0.0711,6.126,2.1613,2.2405,12.6295,0.0262,7.831,0.28,1e-05,,Z,10.0,1,amp
10954700,0.594403,0.594391,0.594397,0.99998,422,0.1285183476860974,4.8,1.5,0.129052872790494,4.8,1.5,15.87,0.7,51,0.0615144853750238,20.5,2.6,0.0709047917463446,18.6,3.1,15.8,0.62,1.6824,1.6852,355.8719,0.1406,15.252,1.6824,1.7091,37.4462,0.0529,5.8187,0.08,2e-05,Z,,,1,
10980498,0.278969,0.278971,0.27897,1.000007,309,0.1674169685148984,1.1,1.0,0.1627660451275153,1.1,0.9,15.94,0.33,48,0.1219249421139145,6.5,2.2,0.1260959304867952,6.4,2.3,15.91,0.27,3.5846,3.5874,357.1429,0.0804,29.0508,1.1949,1.2195,40.6339,0.0685,6.6653,0.06,1e-05,Z,,,2,
11007728,0.579997,0.579984,0.579991,0.999978,268,0.1644636002332981,1.4,1.1,0.1708428078899007,1.4,1.1,16.24,0.45,43,0.0444321259713644,2.1,1.4,0.0497029926182741,3.7,1.7,16.26,0.49,1.7241,1.7608,27.2591,0.1224,14.5087,1.0,1.0031,322.0612,0.1453,7.4062,0.04,2e-05,Z,,,1,
11256803,0.515911,0.340015,0.427963,0.659057,251,0.2096245586122239,22.4,3.7,0.8196635949751925,54.7,9.1,15.2,0.47,78,0.0636171929817532,6.2,1.9,0.5933392750468351,77.3,10.7,15.21,0.41,1.9383,1.972,29.7309,0.0408,7.4782,1.4705,1.4842,73.2332,0.0267,7.1484,0.06,0.41101,,L,7.0,2,period
11296138,0.618447,0.618464,0.618456,1.000027,263,0.0930990116413891,14.5,2.8,0.0969097706140202,16.1,2.8,14.71,0.49,65,0.0610892902393296,11.7,2.1,0.0778493545213209,15.3,2.5,14.67,0.43,1.617,1.6398,43.8116,0.0742,5.4876,1.6169,1.6662,20.2778,0.05,7.8075,0.06,3e-05,L,,,1,
11364592,0.318602,0.637115,0.477858,1.999721,331,0.187669338260747,0.8,0.8,1.2179466873680067,3.7,2.1,16.7,0.42,44,0.2079476489128522,24.1,3.8,0.2869534041665508,27.6,5.8,16.62,0.34,3.1387,3.1726,29.5247,0.048,17.1394,1.0463,1.0525,162.0746,0.0965,5.7337,0.08,0.66654,Z,,,2,
11366353,0.266815,0.266816,0.266816,1.000004,260,0.0759425829135548,20.5,2.6,0.0823631846296554,21.7,3.0,14.15,0.37,44,0.0255045394078822,1.1,1.0,0.0255045394078822,1.1,1.0,13.98,0.45,3.7479,3.7846,27.2814,0.0541,28.9419,1.0,1.0067,147.6015,0.1118,5.309,0.08,0.0,Z,,,2,
11382007,0.642531,0.642532,0.642532,1.000002,278,0.0948191735913325,0.8,0.8,0.0950428740394045,0.8,0.7,15.8,0.32,43,0.0459637055473027,0.9,1.0,0.0459637055473027,0.9,1.0,15.64,0.32,1.5563,1.5592,355.8719,0.1718,12.3746,0.7782,0.7878,103.1992,0.2134,8.7727,0.0,0.0,Z,,,1,
14229885,0.600104,0.600114,0.600109,1.000017,260,0.0267755609143822,2.5,1.2,0.0277102684437865,2.5,1.4,14.59,0.99,223,0.0223985871693142,2.7,1.4,0.022618108199742,3.9,1.4,14.66,0.79,1.6664,1.6796,75.815,0.133,7.4706,1.6663,1.676,104.1124,0.0123,12.7154,0.2,2e-05,L,,,1,
15075296,0.524657,0.524659,0.524658,1.000004,266,0.0610103505710876,1.0,0.8,0.0592139621678065,1.0,0.8,15.79,1.04,355,0.0284360050422223,2.9,1.6,0.0295421810970415,3.0,1.6,15.9,0.78,1.906,1.9229,59.0493,0.0851,6.2268,1.906,1.9102,236.1275,0.0063,9.5481,0.26,0.0,L,,,1,
16494763,0.441664,0.441659,0.441662,0.999989,252,0.1020324371461935,27.1,3.8,0.1001297622949282,27.6,3.7,14.48,0.75,150,0.0990440438261926,17.8,3.2,0.1031929099605446,18.2,3.3,14.62,0.53,2.2642,2.3164,19.1333,0.0948,4.6787,2.2642,2.2782,71.1744,0.0056,9.0784,0.22,1e-05,,Z,10.0,1,amp
16846842,0.607479,0.607475,0.607477,0.999993,402,0.0870071168903232,1.5,0.7,0.086735059703396,1.5,0.7,16.2,0.49,50,0.0321516575064725,1.5,0.8,0.0320486759231145,1.5,0.8,16.27,0.39,1.6461,1.649,349.6503,0.0682,13.8019,1.6462,1.6506,224.7191,0.0908,8.7036,0.1,1e-05,Z,,,1,
17082055,1.146783,1.146792,1.146788,1.000008,530,0.0680740269606789,1.5,1.1,0.0682802676413867,1.5,1.1,15.94,0.89,41,0.01713301272065,0.8,0.8,0.0184592810159784,0.7,0.8,16.02,0.62,0.872,0.9058,29.5508,0.1791,5.97,0.872,0.8765,222.4694,0.1057,5.4646,0.27,1e-05,Z,,,1,
17165200,0.646414,0.323213,0.484814,0.500009,586,0.0822374612007787,2.2,1.2,1.4560755155346687,36.0,7.4,15.25,0.34,50,0.0556444268800384,1.7,1.4,0.4948197225509829,62.6,8.0,15.22,0.28,1.547,1.5639,59.1366,0.0608,23.6426,1.5469,1.5796,30.656,0.0367,5.5326,0.06,0.66665,L,,,2,
17168875,0.626305,0.626306,0.626306,1.000002,589,0.0595224841185314,1.4,0.9,0.0589914220501716,1.3,0.9,15.97,0.93,50,0.0230820329285317,2.2,1.1,0.0230820329285317,2.2,1.1,16.06,0.75,1.5967,1.6593,15.9732,0.0303,11.421,1.5967,1.6065,101.9368,0.0678,7.822,0.18,0.0,Z,,,1,
17216032,0.585994,0.586,0.585997,1.00001,472,0.0791973689943489,5.3,1.4,0.080629729127634,5.4,1.4,15.45,0.61,49,0.0520989587462783,9.9,2.0,0.0509608944034612,9.8,1.9,15.48,0.46,1.7065,1.7093,355.2398,0.0408,15.6738,1.7066,1.7233,59.6481,0.0503,6.9341,0.15,1e-05,Z,,,1,
17266250,0.28381,0.283811,0.28381,1.000004,551,0.0566245130103826,17.2,2.3,0.0566245130103826,17.2,2.3,14.23,0.44,41,0.047279086628428,1.2,1.2,0.0457384051349213,1.2,1.2,14.27,0.34,3.5235,3.5574,29.5116,0.0277,30.7598,3.5235,3.5423,53.1067,0.0588,10.7775,0.1,0.0,Z,,,2,
17312184,1.073435,0.357807,0.715621,0.333329,319,0.0790237292561609,6.4,2.2,0.1044501838861926,7.0,2.5,14.51,0.4,69,0.0536260530745991,2.7,1.2,0.0523978592256341,3.6,1.2,14.58,0.26,0.9316,0.9542,44.2772,0.1989,10.2272,1.3974,1.4405,23.2126,0.0279,5.1601,0.14,1.00001,L,,,2,
17452152,0.538108,0.5381,0.538104,0.999985,549,0.0392470962132582,1.4,0.9,0.0416103791542282,2.4,0.9,15.61,0.96,45,0.0212304014462953,3.6,1.3,0.0244969160961087,7.1,1.4,15.68,0.75,1.8584,1.8922,29.5116,0.0869,13.2508,0.8557,0.8592,287.7698,0.1016,5.7041,0.21,1e-05,Z,,,1,
17547893,0.541471,0.541479,0.541475,1.000015,524,0.0475911156038424,2.1,1.1,0.0485998094083277,2.2,1.1,15.54,0.93,46,0.0201320568321276,2.3,1.1,0.0222086548562284,2.4,1.2,15.65,0.7,1.8468,1.9248,12.8312,0.0645,11.3975,0.9234,0.9498,37.9363,0.164,7.8704,0.23,1e-05,Z,,,1,
17555840,0.518813,0.518836,0.518824,1.000044,545,0.1903224508441411,3.5,1.5,0.1846352523164196,3.7,1.5,16.46,0.7,46,0.1149997043985601,22.6,4.0,0.1095788094473776,20.8,3.9,16.45,0.6,1.9275,1.9613,29.5902,0.039,11.4546,0.9273,0.9321,208.9864,0.1363,5.5432,0.1,4e-05,Z,,,1,
17623132,0.556053,1.11214,0.834096,2.000061,564,0.0485766128406624,3.5,1.3,0.3547902010124847,66.9,7.5,15.21,0.93,34,0.0455488225911537,20.5,3.5,0.1302271007970276,136.8,10.1,15.24,0.84,1.7984,1.8323,29.4898,0.0501,12.2269,0.8992,0.9337,28.9771,0.2678,8.5115,0.09,0.66669,,Z,7.0,1,period
17633750,0.572807,0.572802,0.572804,0.999991,317,0.0727320414839591,1.6,1.1,0.0777293678708529,1.7,1.1,15.8,0.69,40,0.0359510934327519,2.7,1.4,0.032893271579389,2.6,1.3,15.89,0.52,1.7458,1.7824,27.3112,0.0422,8.5979,0.7456,0.7586,77.0119,0.1877,6.339,0.17,1e-05,Z,,,1,
19448961,0.335895,1.013566,0.67473,3.017508,251,0.1784722535472613,1.3,1.1,0.5078849496899307,4.8,2.2,16.09,0.42,208,0.2507843242647699,6.0,2.6,1.0413398090731754,14.1,4.2,16.2,0.2,2.9771,3.0148,26.5358,0.0337,7.6349,0.9866,0.992,185.8736,0.047,9.4416,0.22,1.00436,,Z,8.0,2,period
20072948,0.678505,0.513403,0.595954,0.756668,257,0.0,0.0,0.0,0.0,0.0,0.0,0.0,0.0,0,0.0,0.0,0.0,0.0,0.0,0.0,0.0,0.0,1.4738,1.4931,52.0021,0.069,6.3117,0.0,0.0,0.0,0.0,0.0,0.0,0.27704,L,,,1,
21126144,0.547549,0.54755,0.547549,1.000002,574,0.0307212868137275,5.1,1.2,0.0307212868137275,5.1,1.2,14.75,0.86,46,0.0199959263108649,2.5,1.2,0.0201517555849451,2.4,1.2,14.8,0.68,1.8263,1.8603,29.4638,0.1136,14.3718,1.003,1.0108,128.4522,0.0748,5.6091,0.18,0.0,Z,,,1,
21200464,0.55507,0.555074,0.555072,1.000007,531,0.0279792845600406,3.6,1.3,0.0310502241725286,3.5,1.3,14.73,0.95,45,0.0175547364742627,2.1,1.2,0.0167998176479235,2.2,1.1,14.78,0.75,1.8016,1.8353,29.6077,0.0441,10.5936,0.6005,0.6172,60.1323,0.1553,6.0096,0.2,1e-05,Z,,,1,
21303309,0.675428,0.675434,0.675431,1.000009,450,0.0628824853275524,0.8,0.8,0.0625131838748899,0.9,0.8,15.74,0.44,41,0.0388066709995548,1.3,1.2,0.0377605065059573,1.2,1.1,15.69,0.34,1.4805,1.5144,29.5377,0.0788,11.1143,0.5013,0.5091,128.4522,0.6707,7.1952,0.1,1e-05,Z,,,1,
21397555,0.278619,0.27862,0.27862,1.000004,434,0.0956460324121172,1.6,1.1,0.0979189709158238,1.6,1.1,15.7,0.4,41,0.0337039486420743,0.7,0.7,0.0337039486420743,0.7,0.7,15.76,0.29,3.5891,3.623,29.5203,0.0313,26.4225,1.1964,1.2105,70.7464,0.0876,6.0639,0.11,0.0,Z,,,2,
21460667,0.534598,0.534601,0.5346,1.000006,441,0.0790458072300904,3.7,1.7,0.0853236226829257,4.1,1.7,15.52,0.86,43,0.0348942148663466,2.3,1.6,0.0370142309875618,2.3,1.7,15.62,0.6,1.8706,1.9044,29.5334,0.0519,12.4177,0.9353,0.9578,44.4543,0.2924,12.0856,0.26,1e-05,Z,,,1,
21474739,0.462885,0.462875,0.46288,0.999978,512,0.0307852873848289,11.1,1.8,0.0356511301965475,18.7,2.0,14.33,0.83,46,0.0296197653546356,3.0,1.7,0.0358154705715242,3.5,2.1,14.43,0.63,2.1604,2.2392,12.6855,0.0665,18.0862,1.4967,1.523,37.9219,0.073,7.2862,0.2,2e-05,Z,,,1,
21492633,0.311278,0.31128,0.311279,1.000006,457,0.0810915221489462,2.1,1.2,0.0821703750964369,2.2,1.2,15.37,0.44,38,0.0294863916663878,1.6,1.0,0.0255520494580237,1.3,0.9,15.39,0.37,3.2126,3.2464,29.5377,0.0462,20.9961,1.2099,1.2298,50.3271,0.1277,7.0803,0.07,1e-05,Z,,,2,
21556651,0.614826,0.614808,0.614817,0.999971,572,0.1146129047081425,6.5,1.8,0.124689187753023,7.5,2.0,15.55,0.66,46,0.0816656231751111,19.1,3.1,0.0797864209218539,21.5,2.9,15.62,0.49,1.6265,1.663,27.3523,0.0608,14.3024,0.8133,0.8209,131.7523,0.116,8.1209,0.17,3e-05,Z,,,1,
21574197,0.699513,0.349752,0.524632,0.499994,553,0.1321286539296392,1.3,1.0,1.2335797433465845,8.4,3.4,16.17,0.38,46,0.0525817201376275,1.1,1.1,0.5202760159795295,32.7,6.0,16.15,0.3,1.4296,1.4465,59.0319,0.0691,19.4774,0.9997,0.9997,0.0,10.6356,245.091,0.08,0.66668,L,,,2,
21574229,0.531469,0.531472,0.53147,1.000006,373,0.0567249560728238,0.8,0.8,0.0570833594565999,0.9,0.8,16.19,1.01,46,0.0280021258555372,2.5,1.3,0.0221757831550724,2.6,1.0,16.29,0.77,1.8816,1.9422,16.5057,0.1155,13.7098,0.9408,0.9606,50.5306,0.1368,6.8868,0.24,1e-05,Z,,,1,
21650357,0.263574,0.263576,0.263575,1.000008,500,0.1633150192568762,0.7,0.8,0.167219983972181,0.7,0.8,16.53,0.39,40,0.0429544367009343,0.8,0.8,0.0433566440449164,0.9,0.8,16.65,0.33,3.794,3.8279,29.529,0.0417,30.4062,1.003,1.0241,47.3821,0.1211,7.2307,0.06,1e-05,Z,,,2,
21837152,0.566716,1.773295,1.170006,3.129072,288,0.0770700773979776,1.8,1.1,0.759868661247483,22.7,3.9,15.55,0.62,32,0.183167791083179,90.5,8.8,0.0472983737261808,70.7,5.4,15.39,0.59,1.7646,1.7984,29.5116,0.0697,15.009,0.2381,0.2481,100.553,0.447,2.6949,0.03,1.03126,,Z,7.0,1,period
21847613,0.696094,0.34805,0.522072,0.500004,456,0.1641346379567406,1.2,1.0,0.6297361417212897,5.6,2.4,16.21,0.37,72,0.0940310876967792,2.3,1.5,0.1828123430306975,12.2,2.7,16.22,0.25,1.4366,1.4535,59.0493,0.0641,17.8654,1.4366,1.4671,32.7439,0.0672,6.5816,0.12,0.66666,L,,,2,
21874209,0.611295,0.611286,0.61129,0.999985,593,0.1208120227730747,17.9,2.5,0.1221338719033477,18.1,2.5,15.12,0.59,44,0.0565840792102136,9.3,3.2,0.0545508107654506,9.4,3.1,14.96,0.68,1.6359,1.6698,29.4985,0.0793,16.2134,0.818,0.8364,54.1565,0.1554,7.9206,0.09,1e-05,Z,,,1,
21945241,0.472332,0.472334,0.472333,1.000004,404,0.0721902270523341,1.1,0.9,0.0752575665338389,1.2,1.0,16.23,1.1,49,0.023825212674224,3.1,0.9,0.0249701795039639,3.4,0.9,16.44,0.85,2.1172,2.1544,26.8637,0.0569,10.4838,1.0586,1.0781,51.2821,0.1371,7.4161,0.25,0.0,Z,,,1,
21947560,0.480496,0.480497,0.480496,1.000002,322,0.0778603444944146,12.7,2.5,0.0778603444944146,12.7,2.5,14.89,0.76,60,0.0457259171211426,25.5,2.9,0.0478323793163095,25.0,3.0,14.83,0.77,2.0812,2.119,26.4306,0.0325,6.8567,1.0786,1.1179,25.4647,0.0583,5.8731,0.01,0.0,,Z,8.0,1,period
21948290,0.511127,0.511115,0.511121,0.999977,354,0.101148769220036,11.9,2.3,0.1119008178967836,14.5,2.2,15.39,0.76,57,0.063604733045984,12.5,2.5,0.0538162015523858,16.1,2.1,15.41,0.64,1.9565,1.9796,43.2339,0.0612,8.8706,0.6522,0.6631,91.617,0.0881,4.7054,0.12,2e-05,L,,,1,
21948919,0.584462,0.584462,0.584462,1.0,396,0.0626117179264296,4.7,1.8,0.0626117179264296,4.7,1.8,14.9,0.59,47,0.0355638560511535,3.8,1.6,0.0355638560511535,3.8,1.6,14.86,0.52,1.711,1.7138,357.7818,0.0661,14.2209,1.711,1.7154,225.9887,0.0599,6.7273,0.07,0.0,Z,,,1,
21966412,0.684606,0.684615,0.68461,1.000013,289,0.098184344134034,1.0,0.7,0.0970224549246482,1.0,0.7,15.97,0.35,60,0.0362945119912625,1.1,0.9,0.0362461259696481,1.1,0.8,15.86,0.3,1.4607,1.4887,35.6633,0.054,10.4036,1.4607,1.4822,46.3929,0.0347,6.5404,0.05,1e-05,L,,,1,
22000485,0.571628,0.571632,0.57163,1.000007,256,0.0594000254232134,2.4,1.5,0.0586639484734829,2.2,1.5,15.27,0.76,35,0.0332605259921722,2.3,1.6,0.0321887966660383,2.2,1.6,15.31,0.55,1.7494,1.7522,357.7818,0.2132,14.3621,0.7475,0.7636,61.8238,0.2408,6.9559,0.21,1e-05,Z,,,1,
22034371,0.530768,0.530754,0.530761,0.999974,268,0.0648060291772126,3.5,1.3,0.0705993767654539,4.3,1.3,15.6,1.03,81,0.0279602286809958,2.2,1.1,0.0288660520737974,3.2,1.2,15.72,0.74,1.8841,1.9001,62.383,0.0866,8.1233,1.8841,1.9434,16.8577,0.0495,10.7271,0.29,3e-05,L,,,1,
22090614,0.592153,0.59215,0.592152,0.999995,499,0.037261533796479,1.4,1.0,0.0361390118480598,1.4,1.0,15.33,1.05,37,0.0169623106390228,1.7,1.3,0.0185142280723895,1.6,1.4,15.4,0.88,1.6888,1.7226,29.5465,0.0552,10.3967,1.001,1.0065,181.4882,0.2387,5.3859,0.17,1e-05,Z,,,1,
22199578,1.212094,0.808027,1.01006,0.666637,634,0.0,0.0,0.0,0.0,0.0,0.0,0.0,0.0,0,0.0,0.0,0.0,0.0,0.0,0.0,0.0,0.0,0.825,0.8363,88.6132,0.0782,15.7634,0.0,0.0,0.0,0.0,0.0,0.0,0.40004,L,,,2,
22244513,0.604149,0.604077,0.604113,0.999881,330,0.1851508737953517,9.2,2.5,0.2266084663182625,16.4,3.0,15.54,0.45,56,0.1066381182689034,16.2,3.6,0.1311055618622231,19.0,4.1,15.47,0.42,1.6552,1.6951,25.0627,0.0391,8.1595,1.6553,1.6587,302.5719,0.0394,5.3408,0.03,0.00012,,Z,10.0,1,period
22319996,0.479505,0.479495,0.4795,0.999979,514,0.0876216422083512,20.6,2.6,0.1023731949618731,25.7,2.8,15.02,0.85,37,0.0673878065207114,25.0,4.3,0.0697294609499239,24.1,4.3,15.15,0.73,2.0855,2.1255,24.9969,0.037,14.1393,1.0855,1.1293,22.8128,0.162,5.072,0.12,2e-05,,Z,9.0,1,amp
22515281,0.29078,0.290784,0.290782,1.000014,508,0.1536746968243275,1.1,1.1,0.1603261183557167,1.2,1.1,16.0,0.29,36,0.0699546468682344,1.8,1.2,0.0780852757911025,1.8,1.3,16.01,0.26,3.439,3.4729,29.4898,0.0229,23.0535,1.0017,1.0162,68.7994,0.1097,5.383,0.03,1e-05,Z,,,2,
22517285,0.65248,0.652492,0.652486,1.000018,448,0.033394109347159,1.2,0.9,0.0401147627042976,2.2,1.0,15.35,0.91,35,0.0150597599369615,0.7,0.9,0.0133267002874069,0.6,0.8,15.41,0.7,1.5326,1.5923,16.7631,0.0491,9.648,1.0004,1.0035,317.4603,0.1848,9.31,0.21,2e-05,Z,,,1,
22518189,0.774108,0.774103,0.774106,0.999994,433,0.1410834581847696,13.1,2.6,0.1402079964722488,13.1,2.6,14.86,0.35,38,0.0315230924853366,1.2,0.8,0.0309626854289803,1.2,0.8,14.81,0.29,1.2918,1.3258,29.4594,0.0849,12.7522,1.0022,1.0196,57.6037,0.1562,5.7337,0.06,1e-05,Z,,,1,
22571231,0.612483,0.612486,0.612484,1.000005,500,0.0570447476197028,1.2,1.0,0.0564461611874851,1.2,1.0,15.56,0.64,47,0.0336568906727095,1.3,1.1,0.0314808434925599,1.2,1.1,15.54,0.51,1.6327,1.6692,27.3673,0.0759,16.5295,0.6301,0.6516,46.6309,0.119,6.73,0.13,0.0,Z,,,1,
22592060,1.862633,0.620874,1.241754,0.333331,355,0.1891423275601894,4.8,1.7,0.1875226596458976,5.4,1.5,16.13,0.47,55,0.1542937077656958,8.3,3.1,0.128183954525307,8.6,2.6,16.12,0.28,0.5369,0.5481,88.7705,0.1587,8.1781,1.6107,1.6836,13.7146,0.0415,3.7686,0.19,1.0,L,,,1,
22639551,0.661227,0.661226,0.661226,0.999998,298,0.0479571347987086,4.9,2.0,0.0491003498117515,5.0,2.0,14.24,0.56,59,0.0262570300632064,1.8,1.0,0.0262570300632064,1.8,1.0,14.23,0.46,1.5123,1.5315,52.233,0.0721,9.345,1.5123,1.5341,45.9453,0.0535,8.2258,0.1,0.0,Z,,,1,
22656713,0.583485,0.583487,0.583486,1.000003,458,0.0629096050061811,0.7,0.8,0.062180444651138,0.7,0.8,16.12,0.68,36,0.0303239943380809,1.0,0.9,0.0295206486250823,0.9,0.9,16.12,0.5,1.7138,1.7477,29.5029,0.0724,12.4555,1.0024,1.0177,65.3595,0.1425,6.7499,0.18,0.0,Z,,,1,
22657637,0.830196,0.830124,0.83016,0.999913,504,0.2388668424853703,2.1,1.2,0.2507590733890811,2.6,1.4,16.56,0.44,36,0.1490837890276524,7.0,2.5,0.1639347801213202,8.2,2.8,16.58,0.3,1.2045,1.2215,58.8755,0.0517,10.3203,1.2046,1.2531,20.6505,0.1268,4.928,0.14,9e-05,L,,,2,
22705180,0.487561,0.487564,0.487562,1.000006,317,0.0430148784445404,0.9,0.9,0.0431961836754771,0.9,0.9,15.67,1.11,19,0.0069335186382796,0.4,0.3,0.009180036214426,0.4,0.4,15.81,0.78,2.051,2.0752,41.3907,0.0835,7.0724,0.8141,0.817,347.2222,0.8068,4.5815,0.33,1e-05,L,,,1,
22708283,0.547343,0.820968,0.684156,1.499915,258,0.1429741587404498,6.0,2.2,0.5434210918004374,25.7,5.1,15.05,0.34,82,0.2330418555201061,8.8,3.2,0.7140866012871455,23.6,6.0,15.11,0.2,1.827,1.8609,29.4985,0.0762,13.7734,1.218,1.2349,59.4884,0.026,7.4509,0.14,0.39995,,Z,7.0,2,period
22828215,0.574536,0.574535,0.574536,0.999998,585,0.0415917265429262,12.5,1.5,0.0415917265429262,12.5,1.5,14.69,0.72,45,0.0316466845160696,5.9,1.4,0.0307197417490254,5.8,1.4,14.65,0.6,1.7405,1.7744,29.5377,0.0607,14.6199,1.7405,1.7454,207.0393,0.0586,7.0326,0.12,0.0,Z,,,1,
22839182,0.577744,0.577748,0.577746,1.000007,507,0.0952461607553687,0.8,0.8,0.0979783544312916,0.8,0.8,16.51,0.74,37,0.0447907220370585,0.9,1.1,0.039042486709953,0.8,1.1,16.69,0.44,1.7309,1.7648,29.4681,0.0592,15.4447,0.8654,0.8871,46.0617,0.1674,6.1408,0.3,1e-05,Z,,,1,
22922490,0.456484,0.338908,0.397696,0.742431,263,0.2952368863530681,3.1,1.7,0.8907974701108263,6.7,2.4,16.33,0.4,55,0.2342040259370134,27.1,4.3,0.3807383310440692,41.0,6.6,16.42,0.29,2.1907,2.2846,10.644,0.031,8.7434,0.474,0.4839,101.4199,0.0807,4.9561,0.11,0.29564,,Z,7.0,2,period
23032545,0.480424,0.480431,0.480428,1.000015,302,0.1064485931643865,20.2,3.0,0.1002190798390223,21.2,3.0,14.93,0.84,81,0.0751514636954446,26.5,3.5,0.0850299998141191,28.0,3.9,14.9,0.72,2.0815,2.1492,14.7656,0.0493,9.108,2.0814,2.0842,353.9823,0.0248,10.3708,0.12,1e-05,,Z,9.0,1,amp
23135759,0.40273,0.402732,0.402731,1.000005,552,0.1954975201428296,22.1,4.2,0.1909445580572067,22.1,4.1,14.76,0.32,36,0.1109005005133451,8.2,2.8,0.1042759984799507,8.3,2.6,14.61,0.38,2.4831,2.517,29.4898,0.0585,25.8363,1.2415,1.2495,124.2236,0.1031,4.7952,0.06,0.0,,Z,9.0,2,amp
23184879,0.75264,0.376319,0.56448,0.499999,539,0.2175959287821711,32.6,4.9,0.9268839406146148,85.8,8.9,14.94,0.45,51,0.1887279870771925,37.1,5.2,0.3022176841967705,101.4,8.7,15.01,0.31,1.3287,1.3456,59.1017,0.0383,10.4025,1.3286,1.3382,104.4932,0.0578,5.009,0.14,0.66667,Z,,,2,
23193507,0.473158,0.473174,0.473166,1.000034,559,0.0717324723016676,54.2,3.4,0.0805590268506308,80.2,3.8,14.38,0.78,37,0.0421757150530406,14.9,2.6,0.0383601338930201,27.0,2.2,14.4,0.71,2.1135,2.1688,18.0717,0.0563,17.6388,0.1106,0.1154,209.205,0.4773,1.7234,0.07,3e-05,,Z,9.0,1,amp
23223856,0.586642,0.586647,0.586644,1.000009,266,0.0994184551914047,22.7,3.4,0.0961828069675881,22.3,3.4,14.87,0.64,59,0.0682330612807421,39.3,3.1,0.0672720759554367,41.1,3.0,14.92,0.55,1.7046,1.7113,149.5886,0.0452,6.9438,1.7044,1.7416,26.8745,0.0449,6.7494,0.09,1e-05,,Z,9.0,1,amp
23262814,0.647323,0.647314,0.647318,0.999986,343,0.0,0.0,0.0,0.0,0.0,0.0,0.0,0.0,0,0.0,0.0,0.0,0.0,0.0,0.0,0.0,0.0,1.5448,1.5729,35.6443,0.0564,12.8793,0.0,0.0,0.0,0.0,0.0,0.0,1e-05,L,,,1,
23363752,0.548322,0.274162,0.411242,0.500002,317,0.0948438384586357,34.6,2.9,0.5316792821985016,141.4,11.2,14.16,0.36,73,0.0799155822190582,1.8,1.5,0.6726098491382044,33.4,7.8,14.2,0.27,1.8237,1.859,28.3607,0.0527,13.018,1.2158,1.2221,158.1028,0.0342,7.485,0.09,0.66666,,L,7.0,2,period
23375937,0.950459,0.616816,0.783638,0.648966,309,0.331430172162322,4.7,2.0,0.5194216966563636,6.8,2.5,16.26,0.46,91,0.209937922447204,12.9,3.3,1.0213177515043432,31.3,6.9,16.27,0.28,1.0521,1.0521,0.0,0.1338,3.7869,1.6209,1.6378,59.1716,0.0138,5.8636,0.18,0.42576,,Z,8.0,1,period
23378473,0.577873,0.36586,0.471866,0.633115,305,0.1546097139615729,5.0,1.5,0.5659110640466176,11.4,2.6,15.8,0.51,88,0.2305767363110889,35.9,5.2,0.6358461069047419,65.6,7.9,15.9,0.32,1.7305,1.7983,14.7417,0.0401,8.0958,2.7336,2.7645,32.352,0.0207,14.5723,0.19,0.44931,,Z,9.0,2,period
23500879,0.354834,0.523422,0.439128,1.475118,455,0.2223301078297309,2.6,1.6,1.062449511180696,9.3,3.2,15.95,0.31,46,0.1232581067051118,10.2,2.9,0.3722095793515593,35.9,7.4,16.02,0.31,2.8182,2.8521,29.5552,0.022,16.8259,1.0009,1.0433,23.6211,0.062,3.6878,0.0,0.38392,,Z,6.0,2,period
23509389,0.836162,0.278695,0.557428,0.333303,453,0.2775215985331981,1.3,1.2,0.3288089430408111,1.7,1.4,16.36,0.27,45,0.1280907087345741,2.7,2.0,0.1861764573343427,5.5,2.3,16.41,0.23,1.1959,1.2072,88.4956,0.0549,21.0161,3.5882,3.7541,6.0297,0.0344,4.6661,0.04,1.00007,L,,,2,
23510796,0.657099,0.328549,0.492824,0.499999,484,0.0777265229180843,2.1,1.3,1.202100648709454,28.0,6.0,15.2,0.35,47,0.060301777710484,1.5,1.4,0.5901824256766858,64.2,9.7,15.23,0.26,1.5218,1.5388,58.9275,0.0694,21.9812,3.0437,3.0628,52.3013,0.0589,12.1007,0.09,0.66667,Z,,,2,
23596342,0.602841,0.602846,0.602844,1.000008,286,0.1854622115000041,1.8,1.2,0.193693309177123,1.9,1.2,16.28,0.41,59,0.0672132083246108,3.5,1.7,0.0678472851851234,3.5,1.6,16.3,0.38,1.6588,1.6762,57.5209,0.0517,8.2285,1.6588,1.6632,225.7336,0.0439,6.4639,0.03,1e-05,L,,,1,
23603002,0.841299,0.84126,0.84128,0.999954,315,0.0735775498334014,3.9,1.3,0.1102999716241663,5.2,1.7,15.32,0.44,59,0.0446938578079763,2.5,1.4,0.060060523364053,4.7,1.9,15.35,0.34,1.1886,1.2069,54.7196,0.1016,12.3386,2.3775,2.4366,16.9133,0.0206,5.8315,0.1,5e-05,L,,,2,
23604060,0.469075,0.469102,0.469088,1.000058,344,0.1175224803922424,22.4,3.6,0.1144192149093153,26.7,3.7,14.77,0.78,59,0.0944032026501384,61.0,6.4,0.0822587529974707,77.8,5.4,14.77,0.72,2.1319,2.2313,10.0528,0.0447,5.6299,2.1317,2.1974,15.2207,0.058,8.6861,0.06,6e-05,,Z,8.0,1,period
23624228,0.364453,0.364454,0.364454,1.000003,295,0.2169223197277907,23.2,3.8,0.2072889315808127,23.2,3.7,15.03,0.32,75,0.1700219066715441,23.2,4.8,0.1700219066715441,23.2,4.8,14.95,0.38,2.7438,2.8143,14.1854,0.0153,6.6595,0.9999,1.0373,26.7237,0.0602,5.3487,0.06,0.0,,Z,6.0,2,amp
23713423,0.474515,0.352641,0.413578,0.743161,294,0.3253351311097247,7.8,2.7,0.6846097577451477,18.5,4.2,15.78,0.37,88,0.1671973984335323,23.8,4.1,0.4991658272809099,55.2,6.4,15.79,0.33,2.1074,2.1772,14.3266,0.0464,8.5847,2.8358,2.8745,25.8198,0.0165,7.4634,0.04,0.29468,,Z,12.0,2,period
23769590,0.81469,0.271566,0.543128,0.333337,365,0.1574669394080414,3.3,1.4,0.1606526523004899,3.4,1.4,15.8,0.37,39,0.0359780054076302,0.6,0.7,0.0545812731846702,1.0,1.1,15.91,0.27,1.2275,1.2387,88.6132,0.085,19.1546,1.2274,1.2521,40.4776,0.1112,6.4735,0.1,0.99999,Z,,,2,
23876082,0.589794,0.589802,0.589798,1.000014,476,0.0665177523417906,1.1,0.9,0.0701976779426149,1.1,1.0,15.87,0.67,51,0.0214338189052815,0.7,0.7,0.0239187943516531,0.7,0.8,15.88,0.51,1.6955,1.7294,29.5029,0.0518,14.2731,1.0025,1.0089,155.7632,0.0904,5.2904,0.16,1e-05,Z,,,1,
23898397,0.563018,0.562981,0.563,0.999934,323,0.0,0.0,0.0,0.0,0.0,0.0,0.0,0.0,0,0.0,0.0,0.0,0.0,0.0,0.0,0.0,0.0,1.7761,1.7793,318.4713,0.077,8.8803,0.0,0.0,0.0,0.0,0.0,0.0,7e-05,L,,,1,
23968149,0.378463,0.609907,0.494185,1.611537,359,0.2367020702678021,9.2,2.5,0.8069985743279889,19.1,3.4,15.81,0.45,58,0.1784056942293012,20.2,4.3,0.4038708569390971,57.2,8.2,15.9,0.31,2.6423,2.6592,59.2066,0.0206,8.0442,1.6396,1.6425,349.6503,0.0783,10.1497,0.14,0.46833,,Z,13.0,2,period
24010683,0.588512,0.588509,0.58851,0.999995,569,0.0978621153477114,1.1,0.9,0.096835321208024,1.1,0.9,16.16,0.58,43,0.0301096781191813,1.0,0.9,0.0304489077918233,1.0,0.9,16.09,0.47,1.6992,1.733,29.5552,0.0703,15.6208,1.6992,1.7025,301.2048,0.0706,6.5798,0.11,1e-05,Z,,,1,
24020106,0.542397,0.542396,0.542396,0.999998,584,0.1750024933763817,16.0,2.9,0.1748653754648109,16.0,2.9,15.42,0.52,46,0.073843881119242,29.5,3.9,0.073843881119242,29.5,3.9,15.24,0.68,1.8437,1.8776,29.4855,0.0433,10.8738,2.8463,2.927,12.3946,0.0366,5.7922,0.16,0.0,,Z,10.0,1,amp
24050838,0.350489,0.350489,0.350489,1.0,252,0.2048553934031235,12.7,2.6,0.2048553934031235,12.7,2.6,15.39,0.49,84,0.1799378871369581,14.8,3.4,0.1799378871369581,14.8,3.4,15.45,0.31,2.8532,2.9209,14.7623,0.0233,6.8146,1.4266,1.4388,82.0008,0.0222,6.0103,0.18,0.0,,Z,10.0,2,amp
24192279,0.470259,1.358281,0.91427,2.888368,596,0.0371014261005872,5.1,1.6,0.7904985899227578,232.0,12.0,14.72,1.03,41,0.2759766727909464,275.6,15.1,0.2109725707088819,228.1,15.9,14.92,0.62,2.1265,2.1604,29.5203,0.0673,13.8718,2.1264,2.1874,16.419,0.0767,6.3149,0.41,0.97129,,Z,9.0,1,period
24257481,0.291239,0.291218,0.291228,0.999928,303,0.3161528142116903,43.1,5.7,0.4042946190424281,67.1,7.8,14.81,0.38,59,0.2521741173108857,22.7,5.2,0.2423883666568911,20.6,5.5,15.0,0.25,3.4336,3.4701,27.4048,0.018,10.5892,1.1446,1.1527,123.6858,0.058,8.0691,0.13,7e-05,Z,,,2,
24262387,0.697062,0.348532,0.522797,0.500001,338,0.0865099783175711,2.5,1.2,1.0671976861299195,27.3,5.9,15.4,0.41,59,0.060565990607528,1.5,1.4,0.3301868255492921,41.9,5.8,15.45,0.28,1.4346,1.4529,54.7495,0.0782,14.5219,1.0013,1.0042,348.4321,0.0209,0.0,0.13,0.66666,L,,,2,
24262890,0.60046,0.600462,0.600461,1.000003,329,0.082951741890492,1.0,0.8,0.077384611599324,1.0,0.8,16.25,0.61,65,0.0427311440136673,2.2,1.5,0.0429273606558558,2.2,1.5,16.23,0.5,1.6654,1.7019,27.3898,0.0576,13.9389,1.6654,1.6712,170.7942,0.0588,9.2616,0.11,0.0,Z,,,1,
