LINEAR id,Plinear,Pztf,Pmean,Pratio,NdataLINEAR,LPlin_rmsdmag,LPlin_chi2dof,LPlin_chi2dofR,LPmean_rmsdmag,LPmean_chi2dof,LPmean_chi2dofR,Lmmax,Lampl,NdataZTF,ZPztf_rmsdmag,ZPztf_chi2dof,ZPztf_chi2dofR,ZPmean_rmsdmag,ZPmean_chi2dof,ZPmean_chi2dofR,Zmmax,Zampl,Lindicator,Llimit,Zindicator,Zlimit,Chi_diff_LINEAR,Chi_diff_ZTF,Ampl_diff
303860,0.4921450090463108,0.4921644666016342,0.4921547378239725,1.0,280.0,0.0907578851562989,3.4749105103173177,1.3984509202141435,0.1004030207831724,5.642898210157997,1.418972647295318,15.532577204636404,0.9163889319247858,873,0.0503499587452933,42.9141077244077,3.0355800742603245,0.0562736877351408,49.825914861297846,3.4386691889796026,15.599544854776202,0.7686568478982885,0,0.25,1.0,0.25,0.02052172708117439,0.4030891147192781,0.148
516954,0.2975696311276684,0.2975691190511753,0.2975693750894219,1.0,243.0,0.1849321658091324,5.571244933513723,2.367995154464637,0.1833620049283758,5.578994371867743,2.372309247275409,15.556878457760773,0.5234279321276087,1585,0.0413592957036308,2.1980610083588648,1.31412912413908,0.0406962622092776,2.1668758266362538,1.2971529164051383,15.634763559638705,0.4177152627467713,1,0.25,0.0,0.25,0.004314092810771886,-0.016976207733941706,0.106
968962,0.579335937004876,0.5793326363462238,0.5793342866755499,1.0,235.0,0.0651448944756847,1.0994701121685004,1.015041721513409,0.0676661762721326,1.1026264596008215,0.9898496891220572,15.830400353594657,0.8433464745055872,701,0.0273086770882107,3.201673839646604,1.4252015756806655,0.0273323663667754,3.4189162892924667,1.454498431695162,15.769240379130858,0.7917014593938969,1,0.25,0.0,0.25,-0.025192032391351926,0.029296856014496386,0.052
999528,0.658401070070218,0.6584063454120199,0.6584037077411189,1.0,564.0,0.1433944972304374,1.8344981867776284,1.1895837257581088,0.1462983020740414,1.8577812940166256,1.1825840422147706,16.219646093356523,0.5694038278246722,309,0.0666209006375314,16.894387702703845,2.799448584145362,0.0681540730813238,16.638086859076914,2.879553677618749,16.115435579070144,0.6666203632893293,1,0.25,0.0,0.25,-0.006999683543338131,0.08010509347338735,0.097
1059786,0.4635116395826462,0.4635153068311526,0.4635134732068994,1.0,549.0,0.0563752869126545,1.3686464397561298,0.9560303679178748,0.0543407469911331,1.4279011372177466,0.968126944326857,15.867726717140634,1.177256591637324,326,0.0320288434224754,8.192985236845272,2.1818094530693903,0.0339106108069746,8.50241688029048,2.24239528229588,15.84711577527115,1.1516461339608275,1,0.25,0.0,0.25,0.012096576408982207,0.06058582922648981,0.026
1111522,0.5239503093485935,0.5239393722710403,0.5239448408098168,1.0,345.0,0.0561688550391298,5.727315497814082,1.421402565265666,0.0524453217630018,6.760655071172964,1.244035802375685,15.396318494073462,0.895793177094582,412,0.0473273464390193,15.458898032478023,3.003239876557293,0.0514920949374889,17.59717657931525,3.2510283888528613,15.383453209224252,0.8635607019654437,1,0.25,0.0,0.25,-0.1773667628899811,0.2477885122955681,0.032
1197898,0.3418934903747112,0.3418801370097573,0.3418868136922343,1.0,261.0,0.0718124149633108,2.032849780174563,1.179350697775039,0.1230126260180484,4.199726548243075,1.8891329672736408,14.715818899900192,0.2726237820352626,316,0.0790087737652256,3.2424673548413625,1.3568904346130688,0.0899562457910131,3.6633117606726575,1.5559349416108008,14.686668465704376,0.2745970424134416,1,0.25,0.0,0.25,0.7097822694986018,0.19904450699773202,0.002
1210627,0.2844679983347771,0.2844720012295883,0.2844699997821827,1.0,277.0,0.1172255697160599,1.381265859675256,1.0540013276288658,0.1256418942889335,1.4856873230881669,1.1834038350469158,15.908207165334538,0.4632085425374548,633,0.0657030712286553,3.1885339723281176,1.738591986754295,0.0666778608612128,3.7954154155757913,1.7345097157559466,15.916594582158266,0.4133859967827984,1,0.25,0.0,0.25,0.12940250741805004,-0.004082270998348347,0.05
1332201,0.580710390169612,0.580735300509754,0.580722845339683,1.0,260.0,0.082759271138385,9.240515800302228,1.573119672246818,0.0867973173229844,9.964312427598925,1.588610491071926,15.223119112622308,0.5859638031339411,294,0.0710519126365588,18.67029507355637,3.259013588783958,0.0705078122355938,24.132267445908816,3.1597363499900597,15.212243706494212,0.5808175013077364,1,0.25,0.0,0.25,0.015490818825108166,-0.09927723879389827,0.005
1434107,0.5119419819880805,0.5119470030336383,0.5119444925108594,1.0,528.0,0.0692490409183644,7.030942122663163,1.5034772105277605,0.0741303577096606,7.518409076552237,1.583245569117602,15.531657789677803,1.0089527603938269,289,0.039240175883134,8.851098454645083,2.36210245591706,0.0383727288029634,9.624220622002328,2.300551725896816,15.432559581791802,0.9810057920084834,1,0.25,0.0,0.25,0.07976835858984144,-0.061550730020243805,0.028
1435279,0.3818581847242311,0.381858333234867,0.381858258979549,1.0,545.0,0.1658744431696827,8.402823486149138,2.1299174682751483,0.1648880016722396,8.40298452324576,2.1197782808450456,15.548502940463766,0.4193767464777789,292,0.1479389242920303,25.79667084137253,4.267572481237632,0.1480920450888881,25.79762965216414,4.267439580777721,15.56449754729901,0.3891604639612378,1,0.25,0.0,0.25,-0.01013918743010267,-0.0001329004599117667,0.03
1457871,0.5154466964884231,0.5154470093121827,0.5154468529003029,1.0,498.0,0.0340009501933447,10.732358334108165,1.5163625529208955,0.0347929998242559,10.765947605538711,1.515886152381088,14.740598199402648,0.8836808791259951,383,0.027764770117929,6.367205266458352,1.554484659840652,0.0277391182594082,6.520718150081484,1.5555438713755083,14.634348284525894,0.8840131121983745,1,0.25,0.0,0.25,-0.00047640053980746444,0.0010592115348562192,0.0
1551619,0.3381476864159578,0.3381460673962601,0.338146876906109,1.0,295.0,0.0775168886145715,1.9668422074819167,1.250848730581451,0.0785867238050485,2.0083886422887045,1.2514397898776186,15.076707834872977,0.3526796194391721,612,0.0559100095886007,1.86390343132779,1.388549802505966,0.0573038450127782,1.8811482707520888,1.4224599789752186,15.04441492989504,0.3301813520692818,1,0.25,1.0,0.25,0.0005910592961675398,0.03391017646925265,0.022
1559109,0.2726592181823106,0.2726592086355526,0.2726592134089316,1.0,316.0,0.0789791417270718,0.7779328217851181,0.8243456282783237,0.0789136381578672,0.77790843650657,0.8211324849470311,15.610932986193989,0.3959452214615471,708,0.0514182604920812,2.186170946858176,1.3270763008369204,0.0514588003354535,2.1865577522998487,1.3267286934514486,15.551608645016833,0.3762352498794001,0,0.25,1.0,0.25,-0.003213143331292634,-0.00034760738547179315,0.02
1585633,0.4069243838313642,0.4069315869148558,0.40692798537311,1.0,432.0,0.0634297636723169,1.880868299920877,1.217112768016587,0.0848274016838224,2.6857619294004818,1.568101999268691,15.038257283807964,0.405103244766499,259,0.0431452015593508,1.801722667626799,1.3132251672492576,0.0510296907855371,2.5744265378340225,1.5434216460075252,14.989791784703836,0.4143879078376695,1,0.25,0.0,0.25,0.35098923125210413,0.23019647875826754,0.009
1656568,0.2765184789650196,0.2765205728222452,0.2765195258936324,1.0,188.0,0.1188746683582754,3.7076727031712817,1.754658581119648,0.1185286424430773,3.7826404878414817,1.8586837032729733,14.780870641896216,0.3242534621123454,679,0.0494141923903704,1.4208008443554636,1.137513674059569,0.0484041322039671,1.5405565027545884,1.1132264054704195,14.730049531672035,0.324831906945219,0,0.25,1.0,0.25,0.10402512215332527,-0.024287268589149535,0.001
1720538,0.2915620066247741,0.2915607804086775,0.2915613935167258,1.0,231.0,0.1351595503433781,0.4253241506194212,0.6043716433330071,0.1412883886474403,0.4298537224684852,0.5862851881988315,16.267946336876694,0.3901949301708498,1371,0.0428658859849708,1.70139681892003,1.236140309316364,0.0434218766257088,1.7423408902948518,1.2360993376120386,16.24662295998481,0.3984748869929184,0,0.25,1.0,0.25,-0.018086455134175616,-4.097170432548758e-05,0.008
1746311,0.3191915586072689,0.3191942280599494,0.3191928933336091,1.0,226.0,0.1451799800613762,3.5341072487920706,1.1977873646204202,0.1485919506714174,3.548162417378841,1.2169732303261134,15.725693879546965,0.3380529536867875,236,0.0656112773434773,3.0283733278588376,1.596191284282418,0.0679946883391691,2.9705812638036324,1.6401516532915548,15.741759986094046,0.3623935482761951,1,0.25,0.0,0.25,0.01918586570569314,0.0439603690091368,0.024
1749054,0.2895447831547291,0.289548978682522,0.2895468809186255,1.0,167.0,0.1688994370445207,1.319621539113684,1.121513789884858,0.171340937486584,1.3303169797675751,1.0367358426736095,16.322678652125767,0.4486280841326042,256,0.0489353160771497,2.2560069217906653,1.1644652280125696,0.0619695612798913,3.172700145951663,1.498852490376512,16.3081056965867,0.4091974572415608,1,0.25,0.0,0.25,-0.08477794721124843,0.33438726236394234,0.039
1784750,0.590825151244348,0.5908262092617653,0.5908256802530567,1.0,520.0,0.0340868932622437,1.2040038309146424,0.842986292281529,0.0336183930831921,1.2038170031948785,0.8254673585819305,15.273182504407629,0.7163517653720088,144,0.0295872940747582,2.762399627128304,1.5253419299413176,0.0271309268592045,2.725331603261834,1.436004683113839,15.202973622837256,0.7341781381490016,1,0.25,0.0,0.25,-0.01751893369959845,-0.08933724682747846,0.018
1882354,0.6950617405123017,0.695028533153758,0.6950451368330299,1.0,313.0,0.1160930752202729,2.9876948760979403,1.5106181349730932,0.137720385613623,3.92652179400084,1.7161843141291946,15.815665326645233,0.635076761195112,407,0.0602141155058107,12.959219792338644,2.839080436271633,0.0584423297065297,16.157156765070372,2.7807485873992777,15.705884945062229,0.6968877267332036,1,0.25,0.0,0.25,0.20556617915610143,-0.05833184887235543,0.062
1925869,0.2672137984150133,0.2672225704261515,0.2672181844205824,1.0,398.0,0.2132005285780398,0.9095635192829254,0.859765352603831,0.2374376755504815,1.077003607207364,1.0660441450673608,16.565268083141785,0.3220979366743108,243,0.1561498912720277,5.295539565060855,2.4617668094262912,0.1127180536624544,3.072240347451759,1.79800013471293,16.606227804331148,0.2800077850772702,1,0.25,0.0,0.25,0.20627879246352976,-0.6637666747133613,0.042
2075949,0.4778059322901433,0.4776613026243593,0.4777336174572513,0.9997,519.0,0.0975614513051406,3.969278629663968,1.5537316965331136,0.5236080038829692,30.382896166062995,4.327104260367332,15.571569028461756,0.690556649629336,402,0.2333364321003009,64.31364492712963,6.22165934089068,0.4964150460829426,105.71751345701796,9.909812757513796,15.948577214086216,0.4683355714978923,1,0.25,0.0,0.25,2.7733725638342186,3.6881534166231162,0.222
2079147,0.6174575462692218,0.6174583140496072,0.6174579301594145,1.0,459.0,0.0740339231756841,0.8501082157716067,0.7605314452237575,0.073337217375081,0.8497982774564243,0.7472885142427167,15.904816573062153,0.4628027809943393,309,0.0555079249803853,2.6697839155583605,1.4285860620957134,0.0554560120079636,2.6763224297498547,1.390978689388939,15.870947723080809,0.4206120227819934,1,0.25,0.0,0.25,-0.01324293098104079,-0.03760737270677428,0.042
2099155,0.2937900908972403,0.2937907630237338,0.293790426960487,1.0,505.0,0.1397321094845072,2.1567527785902114,1.175031554616664,0.1423900818078691,2.1574190437551977,1.161477705732182,15.996339579280413,0.4343671818031627,397,0.046900674973156,2.0108771111654886,1.2501054228316737,0.0465695636479382,2.053045585975916,1.2542521958247437,16.03866553459829,0.4028237022849446,1,0.25,0.0,0.25,-0.01355384888448219,0.00414677299306998,0.032
2280940,0.5623714071447905,0.5623725467871747,0.5623719769659826,1.0,310.0,0.1208511575676226,1.4221152251664009,1.1323984596295789,0.120809990323288,1.4240446887415787,1.132960937409123,16.218366599016157,0.8352780603481662,1433,0.0557593209066655,8.261673339096387,2.2073599189020983,0.0561915884851554,8.316143679671287,2.207917825207239,16.216935216022456,0.7497381083932311,1,0.25,1.0,0.25,0.0005624777795441016,0.0005579063051408539,0.086
2293423,0.309072312315596,0.3090723985617845,0.3090723554386902,1.0,285.0,0.1262576089243481,0.7185652400772443,0.8349187302191603,0.1262013339723959,0.7185686156549774,0.8361851566815822,16.113793236833118,0.3998151625194204,639,0.0561657693588885,2.0356937763730354,1.3657819557843511,0.0557852322988701,2.0354117394649007,1.3664531917007658,16.06470462882127,0.3929085788198883,1,0.25,0.0,0.25,0.0012664264624219213,0.0006712359164147141,0.007
2414841,0.5596109360946665,0.559591201527564,0.5596010688111153,1.0,522.0,0.0684606727519809,5.551255871309107,1.6754333916271569,0.077173268066764,6.7286913127594845,1.7861287369765788,15.245310081192738,0.6947383432167271,389,0.0806007672700858,39.16410808749326,4.140399348723268,0.0824817757810915,45.58623840513791,4.218061534603693,15.22462321217644,0.7251043725531243,1,0.25,0.0,0.25,0.11069534534942194,0.07766218588042495,0.03
2475488,0.5536962581021543,0.5536933092293024,0.5536947836657283,1.0,288.0,0.0830643009418256,1.7162044318472494,1.060493136636231,0.0816698713708542,1.7500224531018338,1.0442536354514116,15.830056359573206,0.8223186739032364,442,0.031280968905482,3.4608256917364653,1.5303405994362604,0.0309895504828665,3.3888850557530694,1.5278794206395494,15.82617096003962,0.8294975462963645,1,0.25,0.0,0.25,-0.016239501184819316,-0.002461178796711039,0.007
2512872,0.5441390919657123,0.5441388987527175,0.5441389953592148,1.0,278.0,0.0818105095514375,1.168207243373523,0.91507059599946,0.0817072298119876,1.169588740926513,0.9125010222930708,16.23230573650349,0.8212927877672449,411,0.0416304046711841,11.119754709193815,2.251810782675605,0.0416044254838462,11.09283404041094,2.2489195647027342,16.07550074553794,0.9041346831140302,1,0.25,0.0,0.25,-0.0025695737063891055,-0.002891217972870841,0.083
2526967,0.3556275963422283,0.3556280510515995,0.3556278236969139,1.0,190.0,0.1864409133257068,0.6936603908253357,0.7696653665025621,0.1861567800090246,0.6940329137577554,0.766467663227977,16.648955710030453,0.3737612794285887,728,0.0888482473639342,3.156522551599691,1.5365719055841285,0.0890512686383849,3.159139482300985,1.5291419562667063,16.571758989054917,0.3416175592209214,0,0.25,1.0,0.25,-0.0031977032745851286,-0.007429949317422135,0.032
2574370,0.5465126714142279,0.5465245064649291,0.5465185889395785,1.0,433.0,0.0902397598648251,20.532589065711576,2.4173914683218856,0.0905965391167799,20.867930459600945,2.449761615881314,15.006147007221882,0.7293524680189076,282,0.0675413481141,28.77856811843901,2.9178551043895293,0.0587575762979649,30.26249627355041,2.550754281394472,15.01267717533185,0.647191724102175,1,0.25,0.0,0.25,0.032370147559428464,-0.3671008229950572,0.082
2584911,0.3797342424157566,0.37972598454725,0.3797301134815033,1.0,336.0,0.1421318690478097,0.6875374636480331,0.7583277901815195,0.1580014322376692,0.7270577224531595,0.8308223564366994,16.32654743957891,0.400165040308444,706,0.0511095416704378,1.8004068130188011,1.20814792112252,0.0615213378597979,2.541374521449003,1.498468429496353,16.287754328369555,0.3896283802653322,1,0.25,1.0,0.25,0.07249456625517992,0.29032050837383316,0.011
2669011,0.591153490046652,0.5911491961569922,0.591151343101822,1.0,450.0,0.0416067270057146,2.385311401541327,1.1301397373348925,0.0402741558272478,2.356899957948258,1.1384997551174314,15.031739188431104,0.6552175684633088,280,0.0298996705208986,2.8119370193242466,1.371715354857962,0.028262040140623,2.498908330202945,1.2922386667220391,14.985753361093634,0.653055334271297,1,0.25,0.0,0.25,0.00836001778253892,-0.07947668813592279,0.002
2742032,0.629675738980218,0.6296901170441478,0.629682928012183,1.0,514.0,0.1047299532311508,1.814684500795401,0.9124395993506752,0.1060075312215629,1.852043853732185,0.9478892188324796,16.214073478344574,0.5511960413194892,86,0.0417032836070487,2.791553349830287,1.4499326530934362,0.0418952021833253,2.94656404572906,1.4452750998389954,16.155062872293513,0.5964094704666572,1,0.25,0.0,0.25,0.03544961948180436,-0.004657553254440838,0.045
2826769,0.611934593823587,0.6119340330745733,0.6119343134490801,1.0,309.0,0.0580678636279394,2.3870035997454053,1.2605364841891478,0.0585210381029313,2.377972032659188,1.2808541690719013,15.092679219687565,0.4823301022254291,448,0.033771714402185,2.446983981023494,1.2208896233894844,0.0342220394064055,2.441560066552999,1.234355277526653,15.03962326632233,0.4957563687369717,1,0.25,0.0,0.25,0.02031768488275354,0.013465654137168714,0.013
2839032,0.3371452756806033,0.3371444534540806,0.3371448645673419,1.0,229.0,0.0805543607875599,0.866104678223103,0.7585619775138671,0.0820726910230367,0.8661648524922311,0.7438469484143545,15.494263805781037,0.3270983548838408,685,0.0489941418270065,2.0499213220139083,1.2463647954690318,0.0487385583470751,2.044361492353907,1.2466907303838302,15.475850606673587,0.3266765859668066,1,0.25,1.0,0.25,-0.014715029099512611,0.0003259349147983759,0.0
2873728,0.6188467348939797,0.6188355213523824,0.618841128123181,1.0,522.0,0.1142364726735863,1.098323179131104,0.9168826347108489,0.1108621273552059,1.132396065419107,0.9252299702483672,16.17457990169953,0.4763408222477565,306,0.045392630008608,2.224492431062023,1.2263568185353877,0.0420898913089982,2.5945376356631478,1.1400024983183037,16.100250062113673,0.4905125769601355,1,0.25,0.0,0.25,0.008347335537518319,-0.086354320217084,0.014
3036295,0.6297036316952348,0.6297146320926164,0.6297091318939256,1.0,502.0,0.0839734352668743,4.500542463194517,1.7936253442891508,0.0843928386034466,4.785987688922152,1.7956040855735254,14.87866271985529,0.3455266664291407,763,0.0860481522659461,5.91927434608638,2.24804135095818,0.0871521182176394,6.101357482618991,2.290173997999265,14.806555964725597,0.3424233178648421,1,0.25,0.0,0.25,0.0019787412843745855,0.04213264704108477,0.003
3094018,0.6058107859453002,0.6058052489496653,0.6058080174474827,1.0,307.0,0.08277327265215,0.6806090371489825,0.705969803151359,0.0845464035008426,0.6652900248067543,0.7188743978108135,16.335040568310706,0.5188342453705808,421,0.0367850069320764,1.6065516282478336,1.148512571510368,0.0379377610859992,1.6218608662347245,1.2124830058353817,16.316817231381833,0.5656053625156368,1,0.25,0.0,0.25,0.012904594659454482,0.06397043432501381,0.047
3140139,0.3045898242819009,0.3045845030693736,0.3045871636756372,1.0,255.0,0.2607653362158239,7.693838645484878,2.5035281204121698,0.2509015430876156,7.905885435269295,2.65017934293822,15.621865027827075,0.397138053893542,392,0.153516826646682,13.24132826253402,3.7073771974780656,0.1489310880720596,12.809115085653174,3.5461964115706373,15.560168974690278,0.3989169353752082,1,0.25,1.0,0.25,0.14665122252605034,-0.16118078590742835,0.002
3160442,0.5938103602843765,0.5938058002252221,0.5938080802547994,1.0,260.0,0.1380419001284664,1.9504618904016144,1.1500688264818533,0.1427686487277087,1.997137596694689,1.131073299902303,16.065487194721694,0.5506539158142871,717,0.0774681267810391,11.99957334373866,2.7071861813856786,0.0781038603590114,11.845061882059104,2.785377942828656,16.037827047176936,0.5966330061506682,1,0.25,0.0,0.25,-0.01899552657955028,0.07819176144297746,0.046
3182815,0.650714873399633,0.6507007868933092,0.650707830146471,1.0,491.0,0.0591324826816206,1.151573218821108,0.9119539185449184,0.0640343343795643,1.5811303736223248,0.9492828740671484,15.997172924019424,0.8993594396831632,443,0.0257497522016201,5.360371690734866,1.5215693360032376,0.0246652462499806,7.012567297626468,1.4997922023467658,15.96895046778914,0.8879546967711338,1,0.25,0.0,0.25,0.037328955522230034,-0.021777133656471825,0.011
3343188,0.5622721606467086,0.5622679793030116,0.5622700699748602,1.0,466.0,0.0613165118885656,0.9589845587108105,0.7681463440280862,0.0597828267754461,1.0041078652143909,0.7528230429281214,16.10407648041304,0.8504758488684274,515,0.0244526903004437,2.8156757893347857,1.2585765453915234,0.0242932281373018,3.0186492145014943,1.2363232142123586,16.052936687446596,0.8145496381336024,1,0.25,0.0,0.25,-0.015323301099964826,-0.022253331179164837,0.036
3356801,0.3376724695329482,0.3376668971970846,0.3376696833650164,1.0,377.0,0.1501911042628998,4.275682905949229,1.3564418365173612,0.1475463369438534,4.404087292001861,1.4200771554936302,15.677717888981716,0.3373565477704883,410,0.0564460242285832,2.3426269083709976,1.267156117478348,0.0643143250293898,2.7291516954831456,1.4503252798907909,15.690944725128844,0.2950676960767104,1,0.25,1.0,0.25,0.06363531897626906,0.18316916241244274,0.042
3491287,0.4909858899919556,0.4909944655191435,0.4909901777555495,1.0,483.0,0.0473456927972117,4.084159441266045,1.4370381097087404,0.0530582553236951,4.95409437187676,1.48470556425217,15.253556014449916,0.938027763876036,467,0.0603406280593426,39.81665238451498,3.8122916579606647,0.0636997526514763,46.53322677194441,3.9448569144794106,15.28122899435187,0.7983393155332337,1,0.25,0.0,0.25,0.04766745454342969,0.13256525651874584,0.14
3520413,0.3585012043448418,0.3585039754401701,0.3585025898925059,1.0,358.0,0.0754464154918952,7.5730071181695156,1.5855392513501414,0.0764577028994245,7.639162007743372,1.7611631966466468,14.60256137977944,0.3430128802266488,1182,0.0579994227169404,1.93059145644194,1.3303791558786573,0.0567491080498985,1.9863143464814663,1.2994896650675791,14.532077020367494,0.339264881577062,1,0.25,1.0,0.25,0.17562394529650538,-0.03088949081107817,0.004
3605763,0.3655280428658164,0.3655391935094084,0.3655336181876124,1.0,248.0,0.1311529843380264,4.701003441822383,1.0645675249153603,0.1447993965159413,4.887243075358252,1.250971013527148,15.93756964086109,0.5177933843320286,810,0.0423978028499345,2.39115393337979,1.3739567673419215,0.0590727857730134,4.523578957035694,1.897921326446069,15.906911240450848,0.4575461903061342,0,0.25,1.0,0.25,0.18640348861178757,0.5239645591041475,0.06
3630417,0.6232042769094895,0.6232060080788746,0.623205142494182,1.0,203.0,0.1092248301274153,0.4214016120449042,0.6879570971918466,0.1107743927204977,0.4255009966438672,0.6816680683017159,15.977285487814688,0.4412835297446413,303,0.0437194996347793,2.087344259974374,1.3570814611534083,0.0451198943953955,2.079927134101509,1.3871965157819484,15.915999057366712,0.4111100022387539,0,0.25,1.0,0.25,-0.006289028890130721,0.030115054628540028,0.03
3862210,0.3808572157661175,0.3808559551555639,0.3808565854608407,1.0,231.0,0.096173169730561,2.560582714006304,1.4240984348234302,0.0938122677165787,2.5532411051321984,1.4085220046622229,15.031411145616689,0.3771593791526744,677,0.0572720662804776,1.721290994214919,1.32129762167319,0.0580544312134229,1.8257131047902744,1.3315694476780464,14.981167873742905,0.3765166527853996,1,0.25,1.0,0.25,-0.015576430161207355,0.010271826004856432,0.001
4074683,0.6003356380518553,0.6003347741511886,0.6003352061015219,1.0,105.0,0.0685117739484948,0.4607323731467953,0.586591817347615,0.0668586909454479,0.4615718049293763,0.5932934470673493,16.23870433169161,0.9325758360339016,118,0.0211650536941478,2.279553813794164,1.1462559855035148,0.0209543134241005,2.183989914441407,1.1640703186182548,16.235922255396456,0.940302641231785,0,0.25,1.0,0.25,0.006701629719734314,0.01781433311474001,0.008
4129542,0.5913135757247479,0.5913075996203794,0.5913105876725636,1.0,510.0,0.0709357734619721,1.1254780865910712,0.8745137307629522,0.0722762873371251,1.1968684497702615,0.8689980590946855,15.855069193748772,0.5547595222399124,739,0.0286140717981479,2.3730501318475468,1.1027729546699396,0.0289787073753716,2.415809014534447,1.1593730127177513,15.773985983888476,0.5544520946637412,1,0.25,0.0,0.25,-0.0055156716682667195,0.05660005804781165,0.0
4234952,0.56633804433178,0.5663483550703878,0.5663431997010839,1.0,461.0,0.1201860904713619,1.516198662358058,0.8876758561595813,0.1262327312082047,1.5845406969081473,0.9436518329156052,16.344024416330306,0.5908115061792323,267,0.0746248632324066,16.834362162413083,2.393925108979132,0.0839383072639641,18.645865748527648,2.752605249515212,16.286645329492224,0.5560113137169438,1,0.25,0.0,0.25,0.05597597675602384,0.3586801405360802,0.035
4329665,0.58584620293872,0.5858459590184961,0.5858460809786081,1.0,448.0,0.1798502722428735,1.7094323685456485,1.0498232261380016,0.1796374023126262,1.7092256586061525,1.0475110220534534,16.442346114485556,0.5893101203702145,290,0.0753015438688893,10.307425202195333,2.3378328029773128,0.0755120615128684,10.3148812461114,2.3483660551923946,16.478607650405426,0.6167941355008928,1,0.25,0.0,0.25,-0.0023122040845482417,0.010533252215081834,0.027
4359545,0.5143045023795304,0.5143104285360113,0.5143074654577708,1.0,278.0,0.1406708969602485,19.70090563776586,2.830571056887339,0.1411903968527712,19.84602895486469,2.8266270044630226,15.316155502561587,0.6930750571594455,895,0.1280979494903187,48.84802631548456,6.802052100962371,0.1255237075961012,49.571319028481646,6.7512560344129255,15.2679733380419,0.7113981559716098,1,0.25,1.0,0.25,-0.003944052424316169,-0.05079606654944513,0.018
4496463,0.6224015377014903,0.6223992235321881,0.6224003806168392,1.0,229.0,0.0582059395979637,1.0035829029627603,0.7796722006308677,0.0585958510197919,1.0078233298784982,0.7877804770064744,15.337029570134325,0.3492653627757001,677,0.0456973760128854,1.932528352013308,1.2615794525075037,0.0455030432965028,1.9313849262302696,1.253283309791061,15.272899670048416,0.3631230417262916,1,0.25,1.0,0.25,0.008108276375606627,-0.008296142716442745,0.014
4586691,0.6214596636394583,0.6214503628198386,0.6214550132296484,1.0,582.0,0.120882546957448,5.664518295950149,2.06903813151197,0.1197650849874059,5.812406310215654,1.977246034805892,15.24025360330534,0.4214789541563259,765,0.0879336158116904,17.58697846406356,3.578704579080664,0.0877240683027141,18.10452311666388,3.597738413929231,15.178206645419882,0.4532686232897394,0,0.25,1.0,0.25,-0.09179209670607813,0.01903383484856702,0.032
4588605,0.4247090892922039,0.4246501571734696,0.4246796232328368,0.9999,593.0,0.1710652394152716,12.895031607855191,3.265491204600031,0.2468522800243252,29.01569069840755,4.251005862689204,14.937812963173515,0.3215769302117408,773,0.6100942279811196,118.83272531521308,12.298549513725437,0.6018975904709885,120.6828162408847,12.105620335300536,14.917902609916736,0.2052040633545235,1,0.25,0.0,0.25,0.9855146580891727,-0.19292917842490098,0.116
4620408,0.8038707201952551,0.8038750817729797,0.8038729009841175,1.0,582.0,0.1078064332120244,1.505461704972508,1.128968899441948,0.1074457659562581,1.5108917690327708,1.158933474996554,15.624654100987534,0.3846057295067808,802,0.0297729817608338,2.3774435760378947,1.2926036149180546,0.0296338243675996,2.4062942692831157,1.2966365261375348,15.634051504813552,0.4106426189910621,1,0.25,1.0,0.25,0.029964575554606077,0.004032911219480129,0.026
4630301,0.3649532042562638,0.3649597941480752,0.3649564992021695,1.0,628.0,0.0771413271327259,1.6210374805735683,1.1573517375707942,0.0848339586886293,1.881521113111053,1.217667061289833,15.274930279474257,0.3467953541581572,1215,0.0555489203953815,4.100724706022327,1.844640403305075,0.0636681711192382,4.844499816746162,2.110661864987704,15.225642539622315,0.3406461898559687,1,0.25,0.0,0.25,0.060315323719038805,0.2660214616826291,0.006
4965557,0.6128354863246958,0.6128405263925362,0.612838006358616,1.0,479.0,0.0872527256937249,0.5199298789505692,0.6574661245746551,0.0857202539122586,0.5187766712174076,0.6788089442470682,16.260063579827,0.4830552359073614,543,0.0405376257157107,2.8628344312739213,1.372419932689139,0.040794219729209,3.1200581048087845,1.3561676830120797,16.291790497965422,0.5271675835862837,1,0.25,0.0,0.25,0.021342819672413027,-0.016252249677059405,0.044
5374444,0.3618712227526241,0.3618665600344405,0.3618688913935323,1.0,329.0,0.1930720328572768,2.963740758023638,1.5108327726780153,0.1818239573003271,3.012358628571594,1.449822822815365,15.992279715970543,0.3458366558464476,723,0.1877358507951316,27.046750815568224,4.918892589726776,0.1895162455905984,27.15346445948632,4.9348734193276815,15.976830680035208,0.3321501339435269,1,0.25,0.0,0.25,-0.0610099498626504,0.01598082960090519,0.014
5398864,0.5542131973574301,0.5542166596036232,0.5542149284805267,1.0,306.0,0.0631004945016823,2.0229327425891674,1.2118243361526155,0.0651245619069761,1.8883776867371305,1.2118915487647797,15.653522004763898,0.9580542747951616,795,0.0230380455352179,4.386099384339594,1.5497876734027127,0.0233490111542814,5.010850070736979,1.6039976241382727,15.627140235476984,0.941399189422036,1,0.25,0.0,0.25,6.721261216413588e-05,0.05420995073556001,0.017
5409348,0.3450833846507772,0.3450811649326232,0.3450822747917001,1.0,317.0,0.1480100388688411,1.857100083175736,1.0811319325150113,0.1568406304634703,1.8726620061934525,1.0863329973366196,15.926363410480116,0.3245299275665996,795,0.0508651668709412,1.8498728450263369,1.2776547455801472,0.0511111772156877,1.8671826130940308,1.2933396616608197,15.883090597138672,0.336914618771857,1,0.25,0.0,0.25,0.005201064821608314,0.015684916080672462,0.012
5564002,0.3195978254388046,0.3195967466409337,0.3195972860398691,1.0,543.0,0.1302013407149576,0.63639825187897,0.7959214177371656,0.1307584442983392,0.6389467231315167,0.7923476363773853,16.262351157729277,0.3639292205580844,667,0.0467619731654019,4.0715714015114335,1.1959220152461378,0.045864122010221,4.0796647759809925,1.199298062600817,16.24286464740904,0.3536193418120774,1,0.25,0.0,0.25,-0.0035737813597803703,0.0033760473546791125,0.01
5633101,0.3183976906223325,0.3183998743966909,0.3183987825095117,1.0,599.0,0.1598169520224266,0.878296776409123,0.8234781374646021,0.164039105769967,0.8880480466594776,0.8364222196301122,16.46843964372,0.3448568200032049,697,0.0544523871002041,1.628905670408519,1.1241511213849766,0.0559432747551088,1.721199473076877,1.206809296920445,16.44769619628007,0.3104814710044863,1,0.25,0.0,0.25,0.012944082165510129,0.08265817553546828,0.034
5895287,0.5391679639597516,0.5391854362479331,0.5391767001038423,1.0,522.0,0.0977231468511879,5.24113938649263,1.753934702692412,0.0979200971090576,6.656008292448833,1.767202051578601,15.53495639918525,0.750007570962568,677,0.0431893270741748,26.34663007128036,2.653605067803171,0.0465019691951047,29.15367752969988,2.794321926170417,15.491955951670882,0.7771804828898041,1,0.25,0.0,0.25,0.01326734888618919,0.140716858367246,0.027
5896424,0.6471869964856611,0.6471878824447715,0.6471874394652164,1.0,537.0,0.0956967937993233,0.9707851276966154,0.8071866288270798,0.0952778676070103,0.970323751057252,0.789121834201944,16.008505254988084,0.4259093845277206,675,0.0304048608915199,1.6116724809053486,1.0291654742294718,0.0303790625412484,1.6238951816515672,1.038501602473114,15.975859563651014,0.4288917247395822,1,0.25,0.0,0.25,-0.01806479462513577,0.009336128243642161,0.003
6252703,0.3706754279861963,0.3707052912798728,0.3706903596330346,1.0001,472.0,0.1280141313860751,1.4193458687953882,1.0179528252481815,0.2277719835936129,3.30692980295706,1.6694575199879798,15.80551296869344,0.3545466952021243,716,0.1177297313385335,23.016660249751855,3.3393024255664447,0.0745181933750374,10.085831341651112,2.227738256817451,15.812321889851566,0.3292999040233635,1,0.25,0.0,0.25,0.6515046947397982,-1.1115641687489939,0.025
6266717,0.5914947131994991,0.5914898128671692,0.5914922630333341,1.0,541.0,0.0405599781892546,2.530428388948838,1.1649556294766716,0.0414287619367466,2.7327434245424485,1.1713911009413682,15.007962023801378,0.6655636448235018,672,0.0254131288632897,3.303040333606466,1.4787068480911856,0.0239661514673329,3.153993278499225,1.3823471095647086,14.992091850474552,0.6476536980344605,1,0.25,0.0,0.25,0.006435471464696585,-0.09635973852647695,0.018
6276308,0.5227987187610362,0.5228006662630895,0.5227996925120628,1.0,512.0,0.0392207215801697,1.3838837305947482,0.8789657982166141,0.0393132671599041,1.3316237181801944,0.8985589772962225,15.612556255810656,1.0555105071273445,677,0.0191717650973157,4.0862387770547945,1.3123327341037263,0.0202553106572569,4.310795621256678,1.3698775488191053,15.585727094727336,0.9784902126553892,1,0.25,0.0,0.25,0.019593179079608336,0.05754481471537898,0.077
6346477,0.3008082934395605,0.3008045115841149,0.3008064025118377,1.0,603.0,0.0435789947505833,1.4725440726647874,1.01687729498114,0.0538149187870754,1.972627702209764,1.141847050914896,15.042074378542434,0.4453679989697985,736,0.0397914722972022,2.5886395676657528,1.3643587829488997,0.039378573822607,3.027703263731893,1.350228839435614,15.007203838671913,0.4236057689257837,1,0.25,0.0,0.25,0.12496975593375592,-0.014129943513285781,0.022
6429965,0.5326980771605062,0.5326976603847878,0.532697868772647,1.0,346.0,0.0379078585836734,4.232474188628994,1.411665369269638,0.0378980702685976,4.125310384718517,1.4042101849248338,14.780061405461288,0.9346176884071636,1219,0.0304439420926481,10.119252694019378,2.450741679458289,0.0306271068547765,10.213478803936098,2.443958718244392,14.721120528399055,0.9920040063112464,0,0.25,1.0,0.25,-0.007455184344804078,-0.0067829612138972095,0.057
6651516,0.3084877199556545,0.3084930693872015,0.308490394671428,1.0,426.0,0.0902218197713779,2.0655347166785107,1.371993699935456,0.1025777575936974,2.613244857843811,1.5647664298751849,15.24510640873127,0.3632451673399419,1285,0.0727275439926054,14.872152379775825,2.2152202187570733,0.0691539702799906,15.17803028727034,2.1335520992881243,15.266412182968134,0.3462909522427306,1,0.25,1.0,0.25,0.19277272993972883,-0.08166811946894903,0.017
6960146,0.6297716519663388,0.6297712450326471,0.629771448499493,1.0,476.0,0.0687857326188544,4.99138048463414,1.6355812661459963,0.0685156496520856,4.995085780464137,1.6245783756157277,14.754458777617309,0.3856772046084984,492,0.0401988402648527,3.536046964324449,1.5830542582056597,0.0397908340274273,3.526977258242195,1.566508043871626,14.738046454696262,0.3530160719050901,1,0.25,0.0,0.25,-0.011002890530268594,-0.016546214334033804,0.033
7024251,0.6231177754318189,0.6230905323394208,0.6231041538856199,1.0,524.0,0.0348336774600558,1.017151085780238,0.8603476190115139,0.0577672841444274,3.431136017435485,1.209387714855965,15.533080454116336,1.0401846351156705,1165,0.019561527916311,4.512701206315356,1.5162972020715677,0.0253013196623969,12.591005969238816,1.9191568011077256,15.51137759237736,0.9461755269331996,1,0.25,0.0,0.25,0.34904009584445117,0.40285959903615787,0.094
7336579,0.2648855941623274,0.2648852466891511,0.2648854204257392,1.0,533.0,0.1018894542673431,1.683377193631181,0.965053727339059,0.1047980755170141,1.6850444286941446,0.976452808822662,15.769202210820808,0.3760322787329393,585,0.0588070504342815,3.148094982303823,1.7233010980285566,0.0558390652167915,3.051349550413234,1.6511195093855715,15.771661956400628,0.335747532470517,1,0.25,0.0,0.25,0.011399081483603024,-0.07218158864298507,0.04
7601233,0.5222837267813637,0.5222942067708082,0.5222889667760859,1.0,462.0,0.0479605329675558,2.361541940747203,1.1190261990446837,0.0465791439352286,2.831055768108975,1.1396940320662303,15.33261135965818,0.9310749803568168,279,0.0300242030116748,10.71480855510832,1.9322216551810671,0.0306763247618414,12.884459180478949,2.0325745073472685,15.369587412376935,0.8508632563814995,1,0.25,0.0,0.25,0.020667833021546622,0.10035285216620138,0.08
7661142,0.5493728535236994,0.5493605418746144,0.5493666976991569,1.0,489.0,0.0875029675024576,0.9352572709006304,0.8977499501215139,0.0856616853803629,0.963018892182352,0.8857229699267847,16.176142009024723,0.750548008303138,230,0.0368030451150626,4.496622123697392,1.4396997826091276,0.0401402176879137,4.903552201211938,1.5250908217292898,16.179084213517324,0.7375977264859799,1,0.25,0.0,0.25,-0.012026980194729253,0.08539103912016222,0.013
7716220,0.5633352993916533,0.5633346974099365,0.5633349984007949,1.0,459.0,0.1120809515523067,6.07687730575646,1.653251070121025,0.1126805053104669,6.075921820744968,1.652097723464152,15.593765262408205,0.6606262706162518,282,0.0969389555807826,25.998345775154696,3.5445900874902176,0.0967455952264822,25.985815180589235,3.528317996521828,15.666359204109597,0.5363278754266378,1,0.25,0.0,0.25,-0.0011533466568729445,-0.016272090968389552,0.124
7723614,0.5609125279623138,0.5609082298674255,0.5609103789148697,1.0,533.0,0.0575518505040731,2.755771373124541,1.1121918588958049,0.0591449570150935,2.919340485551765,1.0716529976494398,15.549840522426008,0.7368700332366753,631,0.0441526789513194,10.18046136128549,2.189302543479628,0.043142712074725,10.508813727327013,2.1274578477438446,15.548466938206674,0.7170374910738442,1,0.25,0.0,0.25,-0.04053886124636508,-0.06184469573578344,0.02
7820016,0.6037850793585673,0.603789785386124,0.6037874323723457,1.0,269.0,0.0723203416981499,0.5753191593440155,0.7133475563534326,0.06996585129871,0.5796067659691007,0.714155641832667,16.18190075928403,0.5762976153773174,639,0.0333571591620972,1.4949779329439423,0.9842650784381708,0.0326338288151243,1.5194690356880365,0.935524041106442,16.112572462439353,0.5294132401781155,1,0.25,0.0,0.25,0.0008080854792343883,-0.04874103733172874,0.047
7852994,0.6438456545292324,0.6438453391615687,0.6438454968454006,1.0,448.0,0.0853334039799968,0.6502327032001837,0.7149133301757714,0.0864585717423345,0.6499172476087087,0.716075145978746,16.17577137408018,0.5280578164770198,284,0.0417843566091719,2.27505084506656,1.3186689143289931,0.0417228341976718,2.2709079969842008,1.310082435785228,16.148062473196457,0.5145643574078207,1,0.25,0.0,0.25,0.0011618158029745862,-0.008586478543765041,0.013
7977207,0.3580969689996612,0.3580977891803505,0.3580973790900059,1.0,218.0,0.0881481494626168,4.057479410025239,1.8119609784122015,0.0911576194966516,4.07932166699631,1.8482402943542948,14.623886191290277,0.4935218760215978,729,0.0772764247518046,13.025044487614243,2.923788711800249,0.0781640957772073,13.190680309945948,2.954516409416326,14.60061281804295,0.499530207964538,1,0.25,0.0,0.25,0.036279315942093326,0.030727697616077077,0.006
8036191,0.3638601252309036,0.3638929955603592,0.3638765603956314,1.0001,438.0,0.1126304733962135,7.746854446948187,2.2396967813237483,0.1742829339653524,23.27819315225683,2.7492375785770893,15.004432103492402,0.4029902806886518,281,0.0636843629239856,8.459214870252378,1.6114255666526252,0.1329489302374799,16.70812953332828,3.288564648071885,14.937738958600344,0.4244488098435397,1,0.25,0.0,0.25,0.509540797253341,1.67713908141926,0.021
8097511,0.3427605853917713,0.3427639603431978,0.3427622728674846,1.0,272.0,0.1252297763057947,0.7434655769063854,0.7619771371899239,0.1231758133945294,0.7650466618124265,0.736527796902042,16.08029254137164,0.3331265061770914,732,0.0551110209938138,1.723464133907433,1.1635390228242342,0.0558471134595306,1.8171767373949688,1.1923653453031478,16.030294195142606,0.3254003921831092,1,0.25,0.0,0.25,-0.025449340287881927,0.02882632247891359,0.008
8311517,0.5233549128684711,0.5233581846990495,0.5233565487837604,1.0,331.0,0.0833205865096781,11.4223040502265,1.8490692232609824,0.0860782990284634,11.591588997531804,1.828103290099663,15.30053871361604,0.7363420184658374,393,0.068336662495003,25.556567147820896,3.137077869048968,0.0684604282549889,26.706731059303863,3.227684537361152,15.287684657236374,0.6606009844095873,1,0.25,0.0,0.25,-0.02096593316131945,0.090606668312184,0.076
8610884,0.5924204236299444,0.5924299089036713,0.5924251662668079,1.0,277.0,0.1519216062428421,6.272015134826516,2.175417691705774,0.1585262361872449,6.300541982192619,2.224899696399557,15.48313911827781,0.4474019432166063,798,0.1415203543252025,37.09352181081411,4.40054805249609,0.1426546392988331,37.22466742393652,4.428933230212937,15.392777413023625,0.4617544000402738,1,0.25,0.0,0.25,0.049482004693782944,0.028385177716847565,0.014
8641088,0.5996513176106407,0.5996494342350385,0.5996503759228395,1.0,489.0,0.0451961461581107,0.8717181879613548,0.8647681445481455,0.0453161136250217,0.8996207042308169,0.8471037362320886,15.547310789350394,0.6883684182322334,282,0.02222301491333,2.3646415723776446,1.132486253248636,0.0224721055984148,2.5088515076329254,1.1575581047003476,15.515592289844374,0.6761008518711122,1,0.25,0.0,0.25,-0.01766440831605698,0.025071851451711646,0.012
8683059,0.6274427476764018,0.6274424201632358,0.6274425839198188,1.0,187.0,0.073352551907264,0.8354779325450482,0.8364081564186996,0.0733853516453046,0.8273581290359024,0.8381685027899727,16.1711451217818,0.8611671877425557,682,0.0336179703798259,1.7698318486566296,1.2160089502116531,0.0335151580305157,1.7782940943011354,1.2159722211648014,16.19824537215182,0.9148153521882882,0,0.25,1.0,0.25,0.0017603463712730916,-3.672904685170231e-05,0.054
8799313,0.3275600328419942,0.3275430990155154,0.3275515659287548,0.9999,280.0,0.1446191257300404,1.3170258238038146,1.05470582347204,0.1722407575131718,1.7331814397681542,1.1051139922143396,16.1813954728274,0.4689389185350201,749,0.0564250753696092,3.8273440087066057,1.5898571324247566,0.0942178745562188,9.483603671734828,2.533866923036664,16.145648631302482,0.4007283148361438,1,0.25,0.0,0.25,0.0504081687422997,0.9440097906119076,0.068
8896747,0.3620614641554041,0.3620640329204233,0.3620627485379137,1.0,290.0,0.1323294613532585,0.8416705275544052,0.7858328121619987,0.1300297673514496,0.8530213291858748,0.7562884863416381,16.203979559018652,0.3486640431016532,374,0.0684078984286519,2.6361707379808523,1.423375097945106,0.0699439114760879,2.7720345185801563,1.4228966314478528,16.17317152705202,0.3407711141964604,1,0.25,1.0,0.25,-0.029544325820360595,-0.0004784664972532493,0.008
8972895,0.3534757861400708,0.3534687961873112,0.353472291163691,1.0,185.0,0.0687884828655469,2.938159133384373,1.3369578029406233,0.0709086162520147,3.637900999962268,1.289288541642314,15.079343251385554,0.477806524737792,620,0.0460232978840747,3.918956320682478,1.6024016422797218,0.0508649767293615,4.966925925064833,1.7850444548437774,15.05001922136365,0.4661417651263662,0,0.25,1.0,0.25,-0.04766926129830917,0.18264281256405557,0.012
8999679,0.3387933588891424,0.3387917041188553,0.3387925315039989,1.0,273.0,0.0684758444930264,3.473058314583434,1.3694241631939164,0.0659495922187556,3.5132234184140265,1.353705817205973,14.938801754511678,0.3727646616845863,591,0.0525150588117948,2.111638090722301,1.2869467806113422,0.0524999381414638,2.1359726764880804,1.2882553996587718,14.909320310281142,0.3482283003376167,1,0.25,0.0,0.25,-0.015718345987943305,0.0013086190474296266,0.025
9001883,0.3098250649102445,0.3098246159006233,0.3098248404054339,1.0,216.0,0.0457203093254184,1.053991188285057,0.9563531694846868,0.046265232318548,1.0556009996528064,0.9798411539118372,15.006845077999692,0.4182845528653818,1217,0.046323522578092,2.860787901947607,1.426310112990642,0.0465261692784662,2.848561571561532,1.431226034664144,14.95629710472759,0.41527628767661,1,0.25,0.0,0.25,0.023487984427150388,0.004915921673502188,0.003
9014689,0.554951380065566,0.5549566771875369,0.5549540286265515,1.0,281.0,0.1363057478863089,14.359360326116876,2.223555620592964,0.1390426718557992,14.34196383928704,2.5071563926404243,15.240412211068856,0.5855110417523282,597,0.078250472182471,28.80064159445281,3.5101296929578374,0.0771040809283776,29.315184006750894,3.444145612944141,15.103535279109446,0.666338432836211,1,0.25,0.0,0.25,0.2836007720474605,-0.06598408001369638,0.081
9184719,0.292249204346958,0.2922512418251359,0.292250223086047,1.0,184.0,0.171918687397749,1.529297802009042,1.1015941494199946,0.1642990119891164,1.523215067098251,1.0143458935758156,16.069872544527318,0.5070889726886882,1412,0.0390796398370262,1.455422735209812,1.146518874468896,0.040894382033469,1.7125141999307747,1.219330442942006,16.04507401415855,0.4215228321924442,1,0.25,0.0,0.25,-0.08724825584417895,0.07281156847310988,0.086
9250453,0.5942371901499071,0.5942419042815399,0.5942395472157235,1.0,379.0,0.0733113089780605,1.2876547227551465,0.8526840996045433,0.0730756032074965,1.3262196546324765,0.8714833596302781,15.79120496937915,0.6071800907730225,275,0.0297448431191285,2.776174857674413,1.2491483391475282,0.0274772163847498,3.120257645549315,1.22237806539116,15.80555684581603,0.5923485125415286,1,0.25,0.0,0.25,0.018799260025734843,-0.0267702737563682,0.015
9306104,0.6720464123661445,0.6720515797816932,0.6720489960739189,1.0,250.0,0.0662141555323889,0.6184690937489374,0.8325909782907568,0.0668829051255092,0.6371861643517261,0.8380599429743991,15.951949821128446,0.6639339598178484,659,0.0279824869711637,3.273759571499753,1.2749873002625765,0.0280439552851426,3.292391119133268,1.247540358782399,15.886618248114614,0.6621773564087743,0,0.25,1.0,0.25,0.00546896468364233,-0.027446941480177456,0.002
9570220,0.7232338563712137,0.7232287643818255,0.7232313103765196,1.0,191.0,0.1441859341977978,0.4712524375790894,0.7030329667297092,0.1458968751217882,0.4760531702506269,0.7050374822549168,16.718749769003775,0.4483366291868655,490,0.0404667405884971,1.8079999357024048,1.0945181807066002,0.041591892730199,1.9390109266570232,1.1338372809693087,16.626532319533293,0.4601012460477385,0,0.25,1.0,0.25,0.0020045155252076396,0.03931910026270846,0.012
9669369,0.5398764847935649,0.5398711866022996,0.5398738356979322,1.0,449.0,0.0655488599816321,4.260215776987594,1.6257035798733117,0.0678196978721774,4.666762830380615,1.6604848927733895,15.061081306166594,0.6563650454772603,271,0.0218541287669044,5.192146021706142,1.3182612546249288,0.0220321545832485,4.57348218178196,1.338808422269027,15.025577140569796,0.6975124661221468,1,0.25,0.0,0.25,0.0347813129000778,0.020547167644098252,0.041
9671771,0.8530166459551058,0.8530210587054443,0.8530188523302751,1.0,459.0,0.0400750483501209,1.0396610789619567,0.9223591313854124,0.0405223630805434,1.0411337785853314,0.935824421917717,14.79677223826719,0.4322071421779068,228,0.0334340286661404,2.603608018948817,1.3662391767224975,0.0335756831611247,2.649197501286859,1.364021996935043,14.748180368732548,0.4344213747321053,1,0.25,0.0,0.25,0.013465290532304608,-0.002217179787454615,0.002
10045187,0.5695932522906332,0.5695974973638954,0.5695953748272643,1.0,229.0,0.0910002751716995,0.7244582364968829,0.7387731028676523,0.0927053747399996,0.7257103816500742,0.7590696098858877,16.277085779039176,0.6842858436064567,758,0.0261440799972101,2.0849852352754352,1.2438117549092618,0.0259478229915224,2.3858211357579537,1.2241320463298857,16.22695744386096,0.7299522449929476,1,0.25,0.0,0.25,0.020296507018235377,-0.019679708579376065,0.046
10141859,0.688583250169391,0.6885923333240829,0.6885877917467369,1.0,484.0,0.0338078337367495,1.7811096350219346,1.1619704432155364,0.0382026266674988,2.7119504510760257,1.2915788240122723,14.87945915466446,0.794644581751129,273,0.0228032272321001,5.0034882407323975,1.55193037144781,0.0234179985418415,6.533872688719431,1.561765465946709,14.831614981667109,0.8099635575751218,1,0.25,0.0,0.25,0.12960838079673587,0.009835094498898966,0.015
10215128,0.5437320985139962,0.54373092227367,0.5437315103938332,1.0,180.0,0.0419167169699591,0.9498734687848784,0.8959602911170438,0.0398461469147497,0.9184773911487704,0.8839274285638726,15.478021717086005,0.8382960015600247,505,0.027214032811479,4.331149957144487,1.6389923427834527,0.0264165589337536,4.31736474534875,1.5893482079610983,15.449829983733837,0.8092175620377322,0,0.25,1.0,0.25,-0.012032862553171153,-0.04964413482235441,0.029
10450530,0.2816778278056167,0.281680108642333,0.2816789682239748,1.0,191.0,0.1368533007778892,1.7553851775436926,0.9918941698700504,0.1358022029018723,1.7582512924675773,0.9761121525423592,15.890322209909716,0.4680761263714661,744,0.0391083479624721,1.2349134700479805,0.9942196449430912,0.045133240079927,1.3543048171385643,1.1362613590421302,15.840970566195216,0.4077293748336874,1,0.25,0.0,0.25,-0.015782017327691245,0.14204171409903898,0.06
10614690,0.3440130437302635,0.3440130863326794,0.3440130650314714,1.0,221.0,0.0967379063123978,4.121241115803263,1.6028483655369412,0.0967959646676164,4.121409235266605,1.6012897505016437,15.186085017019035,0.4007450503625218,510,0.0516629602028767,2.843245758824486,1.4452301418821871,0.0516655140314102,2.8455058367075265,1.453108975599522,15.177019979113274,0.3747531226007492,0,0.25,1.0,0.25,-0.001558615035297528,0.007878833717334777,0.026
10662468,0.4451796654184614,0.4451679389300652,0.4451738021742633,1.0,301.0,0.1474532618634128,21.30030002411738,3.627213633951993,0.1489815668368485,21.896610529664567,3.7095451682686575,14.360067536734467,0.2883955043370516,1038,0.0772519702293654,3.6609593258000857,1.633127990066249,0.0839514823864504,4.186017850019596,1.7816987085666078,14.289151121061812,0.3006272131751437,1,0.25,1.0,0.25,0.08233153431666462,0.14857071850035886,0.012
10864743,0.5774930463122065,0.5774901944824836,0.577491620397345,1.0,238.0,0.038000750849043,1.1763997580046095,0.9157991993903464,0.0402250647066536,1.2227484894092835,0.9609174254718597,15.160224681287628,0.6450637278574298,508,0.0216313281253969,2.8931041606020145,1.1895608348729747,0.0223783503147304,2.910748999649908,1.2471555503239744,15.187127211388948,0.7006710522596507,0,0.25,1.0,0.25,0.04511822608151328,0.0575947154509997,0.056
10890118,0.6414411418389016,0.6414390287425367,0.6414400852907192,1.0,468.0,0.0450696334989784,0.9675287998295732,0.8790459543402921,0.044190656912072,0.9712785056214892,0.8955559952651674,15.646758552455786,0.9599013010890508,240,0.0234689181400553,6.52924878944085,1.6841014229170266,0.0230042876418163,6.892702619806347,1.691111222321818,15.601526330421516,0.9617225969453358,1,0.25,0.0,0.25,0.01651004092487529,0.007009799404791517,0.002
11046030,0.2906021194133085,0.290594253044198,0.2905981862287533,1.0,303.0,0.0959143603689138,1.0723163250066794,0.8610843828370585,0.1200621806980192,1.3763974015833549,0.9976470577807184,15.905565586800703,0.4266793524957659,569,0.0456131315256111,2.3040432643747413,1.2586395546474431,0.0561093633067609,3.944232329887016,1.5441482170854433,15.857653500577037,0.410647029287249,1,0.25,1.0,0.25,0.13656267494365992,0.2855086624380001,0.016
11324733,0.5933950787562785,0.5934073205443479,0.5934011996503132,1.0,169.0,0.0804514472020513,0.7884353766318246,0.7570565406612125,0.0813322213912269,0.804813022042529,0.6969031076216069,16.3015404061713,0.645749202065204,495,0.031446140348219,2.2861716663656133,1.2134866550113017,0.0354991983214531,3.1229409893329216,1.3640359049563384,16.266468164349206,0.6252546834731234,0,0.25,1.0,0.25,-0.06015343303960563,0.1505492499450367,0.02
11348055,0.5560022096986889,0.5560077587109803,0.5560049842048346,1.0,231.0,0.0684616000873369,1.0762373017228524,0.8476940696179391,0.0705334455249791,1.023413750948301,0.8194097400316659,15.998051582441718,0.8156700173829172,532,0.0312242159636364,3.900303419455794,1.511280762941209,0.032563706896509,4.50771367557658,1.5671201601747766,15.961016667239956,0.7386031879292698,0,0.25,1.0,0.25,-0.02828432958627325,0.05583939723356757,0.077
11375661,0.2928609240649622,0.2928578355673865,0.2928593798161744,1.0,235.0,0.1399971028878292,0.8142223070617531,0.8396004424847737,0.1398259711096277,0.8484152261600277,0.8885699930318567,16.331518833820606,0.5167904758907085,527,0.0414694664654113,2.0446141656381047,1.167103320646707,0.0460963512576306,2.4188148580717,1.2723603378120334,16.280548849843896,0.4264589390577278,1,0.25,1.0,0.25,0.04896955054708296,0.10525701716532643,0.09
11430673,0.3115029965218011,0.3115017119828536,0.3115023542523273,1.0,278.0,0.1105761470041453,0.6322294100578796,0.7664138571421145,0.1103585081793882,0.6318630917129845,0.7861300314833934,16.165649317067015,0.4263220173073136,589,0.0469110358276597,1.427079188638036,1.0613880184288582,0.0476160980482316,1.430289514798755,1.0740662079768648,16.142752329068568,0.4109998802423362,1,0.25,1.0,0.25,0.019716174341278925,0.012678189548006591,0.015
11441597,0.5557796301446526,0.5557040867019686,0.5557418584233106,0.9999,209.0,0.1549141184205555,0.8771756667827666,0.8527130186045543,0.2423076937491603,1.7563317280890804,1.1598528790190965,16.288956917064453,0.5055144668137537,119,0.0797534692780351,51.012814375657584,3.33529500270164,0.1324344957247298,77.74713164392001,5.506081214281076,16.230994582085398,0.5589879735995673,0,0.25,1.0,0.25,0.3071398604145422,2.1707862115794363,0.053
11450924,0.4831070034102188,0.48310496591515,0.4831059846626844,1.0,223.0,0.0333709455792519,10.396975446432196,1.337121845283337,0.035355617412062,10.12440874198396,1.4719132499839374,14.436508752639847,0.8315592430215979,117,0.0354550342592092,22.096770557972484,3.0470901965647825,0.034913048314852,22.253448387422893,3.0069027341919834,14.402541643160362,0.7913128806019607,0,0.25,1.0,0.25,0.13479140470060025,-0.04018746237279913,0.04
11457648,0.4027843054186728,0.4027617397685099,0.4027730225935914,0.9999,199.0,0.1397086684215963,1.3529275569154318,1.1242320272091169,0.1384791269126631,1.785917137868614,1.1259852621208697,15.72008116530988,0.3263553500791705,557,0.0825924948020429,4.34045014979213,1.7665327660896308,0.0927912173824024,6.9060465583519335,1.935924807531764,15.622170021909584,0.3294141512883204,0,0.25,1.0,0.25,0.0017532349117528323,0.16939204144213327,0.003
11464031,0.2916072020601225,0.2916057211123011,0.2916064615862118,1.0,197.0,0.057397859351341,1.3799739848251045,1.0402499927747169,0.0580771206744737,1.4778227378805344,1.0395330867214922,15.103998704774984,0.4579793572211557,589,0.0358414932033924,2.392007627492005,1.2348443841419887,0.0379214880870166,2.4986555333583897,1.2869406377413335,15.074924468580312,0.4393716565581247,1,0.25,1.0,0.25,-0.0007169060532246085,0.05209625359934478,0.019
11636398,0.3867542969958129,0.3867620276887875,0.3867581623423002,1.0,257.0,0.0773556155995901,0.9127454214332256,0.8137539029914337,0.0867445159006913,1.07601093005499,0.896984921614199,15.723915427242302,0.426072387175564,472,0.0752739654744818,6.397560364705861,2.200760742547424,0.0850001053644991,6.811246239544446,2.431465031475468,15.69058338851914,0.4135496951169077,1,0.25,1.0,0.25,0.08323101862276527,0.2307042889280444,0.013
11762571,0.3691325037144586,0.3691315048812058,0.3691320042978322,1.0,230.0,0.1455878809194233,2.629337016940821,1.40545714281284,0.1483710170714268,2.6308635653636223,1.442571521071511,15.58094760637221,0.355184599440614,637,0.1162817042913222,10.794401479760245,2.775392561556863,0.1144722766281647,10.808048878985533,2.777117767154033,15.559849465665312,0.3435206203549512,1,0.25,0.0,0.25,0.037114378258671143,0.001725205597169932,0.012
11763086,0.4004588282243766,0.4004718329654777,0.4004653305949271,1.0,250.0,0.1533753917461244,2.0462417372905453,1.3323347243774877,0.175360903195082,2.3217142691815806,1.406972366497417,15.953660622197104,0.4459587872068358,548,0.1169726858377215,10.757996962784963,2.91567014677639,0.125192360799924,12.136935144503456,3.106714106041705,15.945014799286309,0.3735569287260212,1,0.25,0.0,0.25,0.07463764211992929,0.1910439592653148,0.072
11864431,0.6365038906495615,0.6364965951756861,0.6365002429126239,1.0,219.0,0.094816228571515,0.9844143352629648,0.8421010990576353,0.0970075703589275,0.9903679962383988,0.9153793330755398,15.72821192489034,0.3653106427823385,789,0.0389326391841975,1.7795599569131073,1.1341821821815226,0.0380994027248828,1.7177883739124773,1.1218319336402722,15.655704905310474,0.3643862126469681,0,0.25,1.0,0.25,0.07327823401790445,-0.01235024854125033,0.001
12052313,0.6174119338484267,0.6174134660123923,0.6174126999304095,1.0,223.0,0.0446214806501632,2.56841479980751,1.0293478838293304,0.0445568885009615,2.551079226995712,1.0440372681922323,15.048056687189826,0.4822378793613584,487,0.0396117634455478,3.0771526993050977,1.341100400890779,0.0398770000658139,3.142905667104586,1.3539888333716623,15.000074418481145,0.4572047995209374,0,0.25,1.0,0.25,0.014689384362901903,0.012888432480883338,0.025
12105672,0.4841876963732223,0.4841929332855578,0.4841903148293901,1.0,254.0,0.0304958962104632,0.982007173673391,0.8914617587599205,0.0331410268504244,1.7366102995653656,0.9271026904039018,15.23256147532358,1.054429467216833,520,0.0226431505091314,6.911041686898778,1.718881838301539,0.0239048492243207,6.819413240427822,1.8131530385033596,15.148904316674926,1.041923612048549,1,0.25,1.0,0.25,0.0356409316439813,0.09427120020182067,0.013
12432893,0.4212332449272654,0.4211998029266544,0.4212165239269599,0.9999,248.0,0.1921039379157023,1.2754207395090176,0.9530544822730412,0.2184161735507287,1.6125681997175396,1.0408548422981314,16.420237095762,0.3795966551389291,1080,0.1720486767926429,15.265111617388296,3.524912522510814,0.2090059290346116,21.27159455813398,3.9955223156411943,16.414700341775852,0.3234667828487154,0,0.25,1.0,0.25,0.08780036002509017,0.4706097931303801,0.056
12481648,0.3229875853054282,0.3229914230432693,0.3229895041743487,1.0,209.0,0.0846375061383115,1.9427644292448736,0.9985961715258772,0.0905867726477609,2.01445153396631,1.1655852662269377,15.240043519033549,0.3118570838717645,593,0.0566910549281009,1.9978346891247512,1.3345743927136,0.0564929084142139,2.257043562341964,1.3297749473964484,15.185219167187006,0.3234115493316576,1,0.25,0.0,0.25,0.1669890947010605,-0.004799445317151596,0.012
12502187,0.5268942788424129,0.5268965960101575,0.5268954374262852,1.0,256.0,0.0432173977474637,3.868753910611878,1.9567283020392376,0.0442356320706572,4.233766313417233,1.9796807838303412,14.792446638520811,1.085856431724931,366,0.0219296788058417,3.7824723628660535,1.3317339835122983,0.0208768853990175,3.3253720068750856,1.2587018200096671,14.7700850423688,1.0526428639006653,0,0.25,1.0,0.25,0.02295248179110354,-0.0730321635026312,0.033
12525125,0.5589014435927042,0.5588983188720268,0.5588998812323656,1.0,235.0,0.0580599930591411,1.2008260242744582,0.8757125541761697,0.0589424025051812,1.1801158406142114,0.9000059479943612,15.69442025240394,0.842211220380447,851,0.0260703713562967,2.923509558459954,1.389748670194156,0.0255540052965774,3.042888419144677,1.3344435451220762,15.639774375922078,0.8087764646158799,0,0.25,1.0,0.25,0.02429339381819151,-0.05530512507207974,0.033
12533027,0.5767185888606771,0.5767088329693227,0.5767137109149999,1.0,167.0,0.1030184022590875,0.8309516217902352,0.8711871857721804,0.0936467600550463,0.8564212264415787,0.7740908996699154,16.147898877386194,0.7706703090563813,842,0.0213415449358584,1.8639235810235537,1.0343591890937984,0.0237481392382094,3.1305863679958,1.1215969569796789,16.101686351783336,0.7740636648552339,0,0.25,1.0,0.25,-0.09709628610226495,0.08723776788588045,0.003
12560639,0.3768419016236342,0.3768448922179341,0.3768433969207841,1.0,192.0,0.0472736479291351,0.6691640423709814,0.8238692781095948,0.0412335228727274,0.7773592760574032,0.7447503083120157,15.157044942723603,0.4494104954264095,895,0.0385086535394696,1.844602834768836,1.2950050846890209,0.0386544919433152,1.996125528593872,1.291305652629245,15.108664324639973,0.4155949082924515,1,0.25,0.0,0.25,-0.07911896979757904,-0.0036994320597758534,0.034
12947453,0.6501644968747906,0.650159581230285,0.6501620390525378,1.0,238.0,0.0280727176487591,1.3755624397443926,0.9214469778377534,0.0298246238119401,1.6616342378700828,0.8807453875628776,15.019774851054208,0.8678160929020944,821,0.0256083515638071,5.247700639760968,1.7635416929789791,0.0254794207554387,5.601020305002319,1.7813992473601414,14.994151320616314,0.8262200543069422,0,0.25,1.0,0.25,-0.040701590274875854,0.01785755438116232,0.042
13089931,0.3074855659097891,0.3074820164503868,0.307483791180088,1.0,259.0,0.1540251698959606,1.2305316284790702,1.041363040329688,0.1555581048732746,1.2508270712625604,0.982654825134074,16.1626745402754,0.4260517689376328,562,0.0461152177077575,1.6943310834412488,1.1917313673346095,0.0502701333833048,2.0358652315783967,1.299480959636437,16.071526074580895,0.4489841711903501,1,0.25,1.0,0.25,-0.05870821519561409,0.10774959230182746,0.023
13109299,0.3140735765509329,0.3140743067545649,0.3140739416527489,1.0,265.0,0.2049686609114409,1.1679940337024348,0.9983625534732604,0.1968932650965997,1.1607684181497877,0.9803424226737772,16.407612942777636,0.4085523532377841,582,0.0476861386489754,2.010301682960057,1.265038015280437,0.048225285115256,2.032219483229337,1.2932318071653677,16.384844996095342,0.429063290751845,1,0.25,1.0,0.25,-0.01802013079948317,0.028193791884930652,0.021
13437861,0.2906005423547326,0.2906094961819621,0.2906050192683473,1.0,229.0,0.0865315873032865,1.2416014844684162,0.7402384784830998,0.1210738841664923,1.8406694632354097,0.956554044398905,15.989753526367858,0.4209514496460738,547,0.0522372892574223,3.351947144920869,1.576769731557217,0.0611835303871738,5.837427116648327,1.8253118760323177,15.94521734947522,0.4074779752906519,1,0.25,1.0,0.25,0.21631556591580525,0.2485421444751008,0.013
13705378,0.3574857126711894,0.3574976381617564,0.3574916754164728,1.0,250.0,0.0431290486026835,0.9778084400532024,0.9898914635607508,0.0720120208439652,2.95465972421364,1.535819020916349,14.94685897153319,0.4034139398318874,501,0.066874358152993,8.319979164833457,1.963817614824438,0.0619963310662888,4.821838460860759,1.8360110832970544,14.896743061410666,0.389585826278827,1,0.25,0.0,0.25,0.5459275573555982,-0.12780653152738353,0.014
15645860,0.4237876937689265,0.4238083208206149,0.4237980072947707,1.0,209.0,0.0873207002387052,1.5199172094259792,1.1597423748812523,0.1080348197495159,2.6656315066691625,1.4085504895322465,15.427816500799633,0.3523406924538204,544,0.0738816455443189,4.440652646283354,1.838462954740388,0.0860910727188884,7.149613241509951,2.0736410856266807,15.3577841564645,0.3351333174940407,0,0.25,1.0,0.25,0.24880811465099417,0.2351781308862928,0.017
15842236,0.4887195157962149,0.4887212381348547,0.4887203769655348,1.0,192.0,0.0565911939295094,0.8810441853141683,0.9611702248939098,0.0560177455234094,0.8373540752660116,0.940922563212524,15.732466528645176,1.113605860667736,1116,0.0269578708357389,6.58311299156726,2.173920888487179,0.0267036168819743,6.31597453468453,2.1692807609062665,15.65347732004747,1.095010108161114,1,0.25,0.0,0.25,-0.02024766168138581,-0.004640127580912257,0.019
16021203,0.3571589061117144,0.3572087400824586,0.3571838230970865,1.0001,188.0,0.1254734918139629,0.9979898493900632,0.8116200675884417,0.3427114494289638,3.905799503811485,2.211138092648996,16.07476164923961,0.3801078513445155,474,0.0875686585151551,8.133742156307644,2.45062093567248,0.288712673149706,39.64426873209165,6.280409818243844,16.073714789562356,0.3669799398414284,0,0.25,1.0,0.25,1.3995180250605543,3.8297888825713637,0.013
16199312,0.7069093170554803,0.7069012522460627,0.7069052846507715,1.0,229.0,0.0734765169237475,0.6423245793877287,0.7808288309171445,0.0710728121105432,0.608850575991781,0.7023697280047915,16.02633712135122,0.5371954248277824,461,0.0331502554373132,3.244735630341452,1.413287899667799,0.0348017116880138,3.851909716871692,1.5136713387052738,15.922242032311075,0.537183688520857,0,0.25,1.0,0.25,-0.07845910291235303,0.10038343903747471,0.0
17009525,0.5695038999796567,0.5695101321137183,0.5695070160466875,1.0,517.0,0.1173525448349168,1.1300290980720076,0.91214053292843,0.1157849712215672,1.1680557076211144,0.914741044489472,16.267062958768555,0.5610350106887836,532,0.057015898374619,12.05542240129603,2.422569549635288,0.0599190366082003,14.223229105738476,2.52184649405672,16.216528323786306,0.5476442222438109,1,0.25,0.0,0.25,0.002600511561042018,0.09927694442143187,0.013
17169532,0.337424603659231,0.3374255923537474,0.3374250980064892,1.0,610.0,0.1480418543579456,1.1226298251665874,0.9210456706734668,0.1478301782065523,1.119998385871983,0.9160413205427768,16.424284001762857,0.4390389122005018,1105,0.0466837530595875,2.4940755144796745,1.3790429632169738,0.046541615782491,2.482729672333394,1.3674201498527487,16.413969687649445,0.450323036263395,1,0.25,0.0,0.25,-0.005004350130690005,-0.011622813364225104,0.011
