LINEAR id,Plinear,Pztf,Pmean,Pratio,NdataLINEAR,L_rms,L_chi2dof,L_chi2dofR,Lmean_rms,Lmean_chi2dof,Lmean_chi2dofR,Lmmax,Lampl,NdataZTF,Z_rms,Zchi2dof,Zchi2dofR,Zmean_rms,Zmean_chi2dof,Zmean_chi2dofR,Zmmax,Zampl,MainPeakL,BlazhkoPeakL,BlazhkoPeriodL,BpowerRatioL,BsignificanceL,MainPeakZ,BlazhkoPeakZ,BlazhkoPeriodZ,BpowerRatioZ,BsignificanceZ,Ampl_diff,dP,LCtype,IndicatorType,ChiType,BE_score,period_vs_amp
664583,0.602994,0.603021,0.603008,1.000045,449,0.1159036053841335,1.8,1.1,0.1479083727644281,2.8,1.4,16.18,0.56,48,0.0640806636021812,4.7,2.2,0.0681967927283136,4.6,2.2,16.12,0.46,1.6584,1.6612,357.7818,0.0407,10.5905,1.6584,1.667,116.6181,0.0639,8.6314,0.1,4e-05,1,Z,,,
810169,0.465185,0.465212,0.465198,1.000058,289,0.1407287344064615,6.0,2.1,0.1582691696718483,8.2,2.3,15.47,0.77,59,0.0534578163328539,10.3,2.5,0.0452504709114176,11.9,2.2,15.73,0.61,2.1497,2.2232,13.6017,0.066,9.937,2.1496,2.223,13.6184,0.0364,8.6093,0.16,6e-05,1,,Z,6.0,period
843294,0.374216,0.374214,0.374215,0.999995,290,0.1234279512599683,3.3,1.4,0.1187903971591824,3.4,1.4,15.53,0.36,57,0.0513718210772877,1.8,1.2,0.052994666777784,1.9,1.3,15.48,0.31,2.6723,2.706,29.6252,0.0287,11.4573,1.3362,1.3393,316.9572,0.1486,11.3686,0.05,1e-05,1,Z,,,
880588,0.600138,0.600134,0.600136,0.999993,295,0.1104185700512317,3.2,1.2,0.1168174995040122,3.3,1.2,16.08,0.91,75,0.0507948928210199,7.5,1.9,0.0476122780695919,7.0,1.8,16.18,0.7,1.6663,1.691,40.5268,0.0618,7.4387,1.6663,1.6691,354.6099,0.0737,12.1826,0.21,1e-05,2,L,,,
924301,0.507503,0.50744,0.507472,0.999876,418,0.0955154247337387,13.8,1.9,0.2025289150841913,35.3,3.8,15.42,0.87,44,0.0990775184529305,89.0,5.0,0.1171071599066272,79.7,5.5,15.53,0.6,1.9704,2.0043,29.5072,0.0503,11.4848,2.0048,2.016,89.6459,0.0665,5.164,0.27,0.00012,1,,Z,7.0,period
999528,0.658401,0.658407,0.658404,1.000009,564,0.1434565706485954,1.8,1.2,0.145827403968467,1.9,1.2,16.22,0.57,45,0.0427418410052125,5.7,1.6,0.0424236265490164,6.0,1.6,16.17,0.55,1.5188,1.5527,29.5247,0.0685,14.9114,1.5188,1.5296,92.5926,0.0671,6.5103,0.02,1e-05,2,Z,,,
1005497,0.653607,0.653605,0.653606,0.999997,607,0.0731019162235362,2.1,1.1,0.0731737793172606,2.1,1.1,15.66,0.6,45,0.0377459924769939,3.0,1.4,0.0384507043089482,3.1,1.4,15.62,0.51,1.53,1.5639,29.4638,0.0567,11.4094,1.53,1.549,52.6316,0.0836,7.2669,0.09,0.0,1,Z,,,
1092244,0.649496,0.649558,0.649527,1.000095,590,0.1068267894579595,2.3,1.2,0.158590688238338,5.2,1.7,16.09,0.72,82,0.1100439236506526,13.0,2.9,0.1277444578752576,17.3,3.3,16.17,0.47,1.5397,1.5735,29.5421,0.1267,13.4443,1.5393,1.6125,13.6482,0.0747,0.0136,0.25,0.0001,1,,Z,6.0,period
1212611,0.630896,0.630893,0.630894,0.999995,297,0.0493084901714861,0.9,0.9,0.0508119589623606,0.9,0.9,15.64,0.75,165,0.0294621856948783,1.8,1.1,0.0299997855630055,1.8,1.1,15.66,0.57,1.585,1.5962,89.3256,0.0606,10.3725,1.5851,1.6388,18.6047,0.0264,6.597,0.18,0.0,2,L,,,
1615764,0.488189,0.48819,0.48819,1.000002,334,0.0538450194999486,3.0,1.5,0.0511508670338942,3.0,1.4,15.32,1.07,80,0.0322077979846741,3.4,1.6,0.0322077979846741,3.4,1.6,15.44,0.83,2.0484,2.0712,43.8789,0.0866,11.1127,2.0484,2.0712,43.8404,0.0504,10.5182,0.24,0.0,1,Z,,,
1736308,0.555848,0.555843,0.555846,0.999991,372,0.0549701349389625,2.9,1.3,0.054586350885753,3.0,1.2,15.41,0.7,44,0.0228793395267921,1.9,1.0,0.0224794503011821,2.0,1.0,15.32,0.59,1.7991,1.833,29.4377,0.0861,13.7119,1.7991,1.8264,36.6367,0.0529,5.6501,0.11,1e-05,1,Z,,,
1876491,0.760128,0.760123,0.760126,0.999993,301,0.1108493992556899,2.5,1.2,0.1114404171574058,2.5,1.2,15.74,0.41,152,0.0505909348027367,1.8,1.3,0.0505225059001895,1.8,1.3,15.71,0.3,1.3156,1.3365,47.8813,0.0635,6.5301,1.3156,1.3204,205.5498,0.0453,9.1168,0.11,1e-05,2,L,,,
2041979,0.653694,0.653639,0.653666,0.999916,276,0.1346473218004794,1.5,1.2,0.1815838597679481,2.4,1.3,16.14,0.63,304,0.1691178755207829,17.7,3.8,0.1670718755276403,17.7,3.5,16.22,0.33,1.5298,1.5944,15.4607,0.063,6.6223,1.5299,1.5347,207.4689,0.0144,9.8341,0.3,8e-05,1,,Z,6.0,period
2075949,0.477806,0.477666,0.477736,0.999707,519,0.0972416412264804,4.0,1.6,0.5021407950202004,29.7,4.4,15.57,0.69,130,0.1167166607647518,22.2,4.7,0.1571510731618987,56.2,5.6,15.86,0.6,2.0929,2.1268,29.4768,0.0754,16.9427,2.0935,2.1389,22.041,0.0317,8.6985,0.09,0.00029,1,,Z,6.0,period
2079147,0.617457,0.617458,0.617458,1.000002,459,0.0741477677504628,0.9,0.8,0.0733611615524358,0.8,0.7,15.9,0.46,44,0.0459090658937486,1.3,1.1,0.0459090658937486,1.3,1.1,15.81,0.42,1.6195,1.6534,29.5377,0.0798,14.2038,1.6195,1.6407,47.2367,0.0597,5.8857,0.04,0.0,1,Z,,,
2276533,0.586232,0.586234,0.586233,1.000003,322,0.0841959452733917,1.0,0.9,0.0855243408471698,1.0,0.9,15.8,0.64,51,0.0251853561025816,1.5,0.9,0.0286999429542926,1.6,1.0,15.8,0.53,1.7058,1.7736,14.7514,0.1174,10.1631,0.8528,0.8637,91.9118,0.0631,5.4908,0.11,0.0,1,Z,,,
2397296,0.488814,0.328032,0.408423,0.671077,522,0.1369747040397737,3.2,1.2,0.9406356286287832,18.7,3.7,16.17,0.65,43,0.0821909534611851,26.4,3.0,0.3407370392846567,99.2,9.7,16.15,0.65,2.0458,2.0796,29.5421,0.0595,14.0709,3.0485,3.0773,34.6801,0.0554,7.4663,0.0,0.39367,1,,Z,6.0,period
2464031,0.592292,0.592293,0.592292,1.000002,336,0.0932876924972983,0.6,0.7,0.0932876924972983,0.6,0.7,16.39,0.6,136,0.0353651271931245,1.7,0.9,0.0357843744643917,1.8,1.0,16.37,0.47,1.6884,1.7167,35.2361,0.0691,8.1666,1.6884,1.6932,208.1165,0.0201,5.8812,0.13,0.0,2,L,,,
2660232,0.614343,0.614344,0.614343,1.000002,497,0.0850893894122822,0.6,0.7,0.0850893894122822,0.6,0.7,16.55,0.65,45,0.0364656656368024,0.8,0.9,0.0360715230537012,0.8,0.9,16.54,0.45,1.6278,1.6616,29.5159,0.0798,10.6209,0.8139,0.8346,48.4144,0.1132,8.0202,0.2,0.0,2,Z,,,
2669011,0.591153,0.591151,0.591152,0.999997,450,0.0416784570304135,2.4,1.1,0.0404391809353504,2.3,1.1,15.03,0.66,41,0.0232743512551499,1.5,0.7,0.0219787529613849,1.5,0.7,15.05,0.5,1.6916,1.7256,29.4464,0.1033,14.9008,1.6916,1.7015,101.2146,0.0751,6.536,0.16,0.0,1,Z,,,
2714034,0.610868,0.6108,0.610834,0.999889,536,0.1201906086215582,2.4,1.5,0.1838350579308633,6.4,1.9,15.69,0.46,42,0.0278351504234706,0.7,0.8,0.0364478350317299,1.4,1.1,15.59,0.4,1.637,1.6708,29.5989,0.0533,12.1025,1.0001,1.0034,302.1148,2.8246,143.2064,0.06,0.00011,1,Z,,,
2812086,0.646015,0.646,0.646008,0.999977,296,0.0823589402902304,19.9,3.0,0.0834932449398829,23.4,3.1,14.59,0.61,136,0.0639639877021079,11.7,3.2,0.0670235699209966,11.9,3.3,14.46,0.58,1.548,1.5781,33.173,0.051,7.6062,1.548,1.5519,258.7322,0.0694,10.848,0.03,2e-05,1,Z,,,
3048546,0.656287,0.656293,0.65629,1.000009,291,0.053392455175473,1.6,1.0,0.0575183440999426,2.0,1.0,15.69,0.88,135,0.023509038022889,1.1,1.0,0.0231007594748311,1.2,1.0,15.79,0.7,1.5237,1.5407,59.0667,0.0747,7.6335,1.5237,1.5583,28.9561,0.0276,5.968,0.18,1e-05,1,L,,,
3117883,0.551379,0.551387,0.551383,1.000015,271,0.0797396867483315,1.0,0.9,0.0758132206388833,1.0,0.8,16.19,0.84,232,0.025712229813112,1.7,1.1,0.0246156646981259,1.8,1.0,16.27,0.69,1.8136,1.8345,47.9042,0.0502,6.8083,1.8136,1.8167,323.6246,0.0809,12.0388,0.15,1e-05,1,Z,,,
3139572,0.211316,0.366614,0.288965,1.734909,275,0.2321890432985547,2.0,1.2,1.306606944567213,5.1,2.7,16.49,0.39,152,0.1728858766080283,18.1,2.8,0.626175612860505,37.4,7.4,16.58,0.28,4.7323,4.8029,14.1543,0.0065,12.1472,2.7291,2.7326,284.0909,0.0281,13.7811,0.11,0.53743,2,,Z,7.0,period
3140139,0.30459,0.304585,0.304588,0.999984,255,0.2606507704576563,7.7,2.5,0.2482740274971232,7.8,2.6,15.62,0.4,105,0.1355776127971276,13.3,3.3,0.1331680466877232,13.3,3.3,15.69,0.3,3.2831,3.3529,14.3338,0.0256,10.8164,3.2832,3.2878,213.6752,0.0253,11.1886,0.1,2e-05,1,,Z,9.0,amp
3196582,0.268017,0.268018,0.268018,1.000004,479,0.1329389977441877,8.6,2.5,0.1316885292568706,9.0,2.5,14.82,0.35,48,0.0583139813822479,2.5,1.4,0.0583139813822479,2.5,1.4,14.89,0.27,3.7311,3.765,29.5203,0.0285,25.6121,1.0031,1.0062,319.4888,0.1522,9.0641,0.08,0.0,1,Z,,,
3218931,0.693979,0.693939,0.693959,0.999942,274,0.0499011100764189,28.8,2.6,0.0499197256042523,32.7,2.6,14.24,0.79,171,0.0473405255838957,5.5,2.2,0.0468478024285794,7.8,2.1,14.28,0.59,1.441,1.5088,14.7395,0.0912,2.4484,1.4411,1.446,203.666,0.0197,8.6264,0.2,6e-05,1,,L,6.0,period
3219035,0.326746,0.326509,0.326627,0.999275,376,0.2276583527119551,23.9,3.9,0.8243722771123498,51.5,7.6,14.83,0.32,168,0.1393036719935862,11.5,2.6,0.3594969252068888,39.5,5.0,14.93,0.23,3.0605,3.1287,14.6692,0.0327,10.1934,3.0627,3.0661,294.1176,0.02,12.0769,0.09,0.00073,1,,Z,11.0,period
3377349,0.584204,0.584209,0.584206,1.000009,547,0.0397967823485357,6.9,1.6,0.037701293065731,6.6,1.5,14.71,0.64,47,0.0269413798679002,1.0,1.1,0.0230299660942166,0.9,1.0,14.69,0.54,1.7117,1.7457,29.4377,0.0616,17.795,0.9999,1.0031,318.9793,0.4283,17.5627,0.1,1e-05,1,Z,,,
3589854,0.612893,0.612953,0.612923,1.000098,468,0.1100567167418435,29.1,3.9,0.1687149973507319,47.9,5.2,14.57,0.49,45,0.1158212714274583,34.1,3.8,0.1333128004702836,43.3,4.3,14.52,0.39,1.6316,1.6656,29.4031,0.0565,15.3618,1.3169,1.3741,17.4978,0.1024,4.2129,0.1,0.0001,1,,Z,11.0,period
3591037,0.558643,0.558609,0.558626,0.999939,449,0.0746887418705516,5.4,1.3,0.1120091052825338,12.5,1.7,15.69,0.76,45,0.0471169956583523,7.1,2.0,0.0642282324915868,12.2,2.6,15.71,0.59,1.7901,1.7929,352.1127,0.0622,13.9545,1.3964,1.4181,46.1361,0.0924,5.5436,0.17,6e-05,2,Z,,,
3666049,0.528692,0.528697,0.528695,1.000009,507,0.0698444684535036,0.6,0.8,0.0709280042160038,0.7,0.8,16.25,0.91,45,0.0273507667077202,1.5,1.1,0.02809938920909,1.5,1.2,16.32,0.7,1.8915,1.9254,29.4898,0.0499,12.5177,0.9457,0.9647,52.687,0.2121,10.0806,0.21,1e-05,1,Z,,,
3797767,0.613224,0.613213,0.613218,0.999982,536,0.055316864376908,6.0,1.5,0.0514358898568604,6.1,1.5,15.1,0.64,44,0.0541373001066358,4.7,1.7,0.0626352140407813,5.1,2.0,15.08,0.53,1.6307,1.6647,29.4377,0.0908,14.6752,0.8153,0.8248,105.4296,0.1486,6.0794,0.11,2e-05,1,Z,,,
3941776,0.532222,0.532209,0.532216,0.999976,271,0.0849813684972384,18.8,2.8,0.0860354780883889,21.2,2.9,14.88,0.77,45,0.0841669519636859,21.4,3.6,0.0770345416362265,20.8,3.3,14.94,0.54,1.8789,1.9253,21.5564,0.065,9.3459,1.0001,1.0396,25.2685,0.1443,4.1216,0.23,2e-05,1,,Z,10.0,amp
4136438,0.517298,0.517307,0.517302,1.000017,458,0.0605608470166391,1.2,0.8,0.0671168175893265,1.5,0.9,16.01,0.94,48,0.0170754458426141,1.2,0.7,0.0145547180207665,1.0,0.6,16.13,0.74,1.9331,1.936,352.1127,0.0933,14.5651,1.0031,1.0062,320.0,0.1079,6.8177,0.2,2e-05,1,Z,,,
4139829,0.584193,0.584179,0.584186,0.999976,464,0.0881594098543572,1.2,1.0,0.0922113305163984,1.3,0.9,16.14,0.75,43,0.0371279234689584,2.2,1.3,0.0303856682995493,1.8,1.2,16.21,0.56,1.7118,1.7146,356.5062,0.1574,15.9235,1.7118,1.7153,287.7698,0.0715,6.7181,0.19,2e-05,1,Z,,,
4182729,0.681458,0.681461,0.68146,1.000004,299,0.0524278412695954,1.6,1.1,0.0539837673522993,1.6,1.2,14.93,0.54,334,0.0448640782489825,2.4,1.3,0.0452627774222799,2.4,1.3,14.89,0.43,1.4674,1.4722,211.8644,0.057,7.4245,1.4675,1.4703,345.4231,0.0626,13.0882,0.11,0.0,1,L,,,
4359545,0.514304,0.514305,0.514304,1.000002,278,0.1367601925440798,19.8,2.9,0.1367601925440798,19.8,2.9,15.32,0.69,156,0.0950388782564262,20.0,3.8,0.0949232050048847,19.7,3.7,15.37,0.51,1.9444,2.0028,17.1086,0.0432,4.3282,1.9444,1.9735,34.3761,0.0195,11.9568,0.18,0.0,2,,Z,10.0,amp
4545362,0.52132,0.521322,0.521321,1.000004,483,0.0680745510644445,1.3,1.0,0.0664582802517355,1.4,1.0,15.92,0.96,45,0.0196656425985491,1.3,1.0,0.0195363653525129,1.4,1.0,16.06,0.72,1.9182,1.952,29.634,0.0608,13.004,2.0003,2.0049,219.539,0.4133,44.9517,0.24,0.0,1,Z,,,
4546177,0.536335,0.536311,0.536323,0.999955,255,0.1457434764395732,20.2,3.3,0.1482517466858078,22.8,3.3,15.09,0.76,45,0.0983990329582291,19.4,4.5,0.0926497678094839,19.2,4.5,15.25,0.53,1.8645,1.9337,14.4592,0.1093,8.5173,1.8647,1.9338,14.4781,0.0562,6.2045,0.23,4e-05,1,,Z,10.0,amp
4547090,0.612285,0.612341,0.612313,1.000091,511,0.0326759941985469,5.5,1.1,0.0860551937782017,29.5,2.8,14.94,0.9,45,0.0440488693883921,10.3,2.5,0.0440723513285445,8.8,2.8,15.04,0.65,1.6332,1.6671,29.5116,0.0977,15.5603,1.0022,1.0455,23.1,0.1029,3.5866,0.25,9e-05,1,,Z,6.0,period
4600749,0.513403,0.51341,0.513407,1.000014,576,0.0494924676686684,2.4,1.2,0.0503777503255828,2.2,1.3,15.39,1.0,48,0.0258067911978217,1.7,1.6,0.0251110149671884,2.1,1.6,15.51,0.78,1.9478,1.9661,54.6299,0.0494,4.8896,2.0032,2.0313,35.6062,0.0762,7.9246,0.22,1e-05,1,Z,,,
4620408,0.803871,0.803872,0.803872,1.000001,582,0.1070699462121952,1.5,1.1,0.108003429137207,1.5,1.2,15.62,0.38,48,0.0341315836610167,1.5,0.9,0.0341315836610167,1.5,0.9,15.63,0.32,1.244,1.2468,357.1429,0.0949,16.3557,2.0024,2.0269,40.7997,0.0594,7.3103,0.06,0.0,2,Z,,,
4670587,0.357698,0.715393,0.536546,1.999992,555,0.2190855687228528,31.8,4.1,0.810478647067657,77.4,6.9,15.01,0.38,46,0.1825935741692359,23.3,4.4,0.2386352417437207,49.5,4.4,15.01,0.36,2.7957,2.7985,355.8719,0.0312,22.2632,0.9319,0.9657,29.6077,0.1308,6.1478,0.02,0.66666,2,,Z,12.0,period
4912051,0.571577,0.571435,0.571506,0.999752,638,0.1480967267654705,9.4,2.1,0.2694129125357141,24.7,2.9,15.61,0.63,45,0.1466565391549391,36.5,4.9,0.1729129195238086,40.2,5.4,15.74,0.42,1.7495,1.7835,29.4855,0.0387,11.1132,2.0034,2.0944,10.986,0.0632,4.6086,0.21,0.00025,1,,Z,7.0,period
5037484,0.622999,0.622996,0.622998,0.999995,376,0.0474472663885891,3.2,1.4,0.0469422180726461,3.1,1.4,15.04,0.89,47,0.0184307158413101,1.3,1.1,0.0166459079655533,1.3,1.0,15.11,0.74,1.6051,1.6405,28.3046,0.0461,8.5066,1.6051,1.6237,53.8938,0.0586,6.9242,0.15,0.0,2,Z,,,
5095929,0.280684,0.280683,0.280684,0.999996,288,0.2289531607844867,0.9,0.8,0.2289531607844867,0.9,0.8,16.63,0.32,51,0.0784470507002398,2.1,1.4,0.0790390065514837,2.2,1.4,16.53,0.31,3.5627,3.6304,14.7743,0.0074,7.6702,1.1876,1.1966,111.4827,0.0934,8.9776,0.01,0.0,1,Z,,,
5272753,0.485827,0.485831,0.485829,1.000008,601,0.0373204491087362,1.5,0.9,0.0404739822095601,1.5,1.0,15.43,1.09,48,0.0274725773284998,3.5,1.6,0.0301083250613328,3.1,1.8,15.56,0.79,2.0583,2.0861,35.9777,0.0533,14.7049,2.0029,2.0399,26.9869,0.0438,5.4928,0.3,1e-05,2,L,,,
5308380,0.609172,0.609169,0.609171,0.999995,487,0.1005733443858847,1.6,1.1,0.1044325240269276,1.6,1.2,16.03,0.69,51,0.0262377817777206,1.4,1.1,0.0256105992489906,1.3,1.1,16.19,0.63,1.6416,1.6755,29.5116,0.0514,12.0085,1.6416,1.663,46.62,0.0636,7.6055,0.06,0.0,1,Z,,,
5374444,0.361871,0.361869,0.36187,0.999994,329,0.1934306327030606,3.0,1.5,0.186346089719407,3.0,1.5,15.99,0.35,47,0.0879856333979876,7.5,2.3,0.0908418731862743,7.4,2.3,15.96,0.35,2.7634,2.8339,14.1804,0.0197,9.7332,2.7634,2.7821,53.5762,0.056,9.3225,0.0,1e-05,1,Z,,,
5549773,0.374917,0.374914,0.374916,0.999992,533,0.0908883145126392,0.6,0.7,0.0916782581200323,0.6,0.7,16.02,0.38,45,0.0387322840281059,0.9,0.9,0.0462210254633886,0.9,1.0,16.01,0.28,2.6673,2.7012,29.4681,0.0441,20.1079,2.6673,2.6704,320.5128,0.0681,11.7385,0.1,1e-05,1,Z,,,
5749985,0.606284,0.60629,0.606287,1.00001,340,0.110298811707468,1.0,0.8,0.1062095636398639,1.0,0.8,16.19,0.45,51,0.0304788110673449,1.1,0.7,0.0319173527815266,1.1,0.7,16.15,0.35,1.6494,1.7171,14.7612,0.0639,7.5675,1.6494,1.6533,254.1296,0.0502,6.7386,0.1,1e-05,1,Z,,,
5895287,0.539169,0.539184,0.539176,1.000028,522,0.0953663155453932,5.2,1.7,0.0979940619292697,6.4,1.8,15.53,0.75,45,0.0709824026344161,13.7,3.0,0.0753145023866393,14.0,3.2,15.65,0.52,1.8547,1.8887,29.4594,0.0689,14.0426,1.8547,1.8773,44.1112,0.0533,5.0135,0.23,3e-05,1,Z,,,
5931160,0.6647,0.664708,0.664704,1.000012,587,0.0511306764252143,0.9,0.8,0.0478784379987097,0.9,0.8,15.17,0.35,45,0.0380765985018731,1.0,0.9,0.0464217415317065,1.0,1.0,15.1,0.26,1.5044,1.5383,29.5421,0.0822,14.5345,1.5044,1.5162,84.4951,0.0545,5.8301,0.09,1e-05,1,Z,,,
6729261,0.279963,0.55992,0.419941,1.999979,625,0.3716251460298929,5.2,1.9,0.7772429541094513,8.5,2.6,15.84,0.21,43,0.2494559581260968,7.0,3.4,0.2871216801053026,16.3,3.9,15.98,0.18,3.5719,3.6058,29.4985,0.0127,21.3925,0.5692,0.5925,42.8541,0.1573,4.4135,0.03,0.66666,1,,Z,6.0,period
6819457,0.436282,0.436265,0.436274,0.999961,325,0.1202477732611472,32.5,3.6,0.1473590058839923,39.8,3.9,15.03,0.95,103,0.1557671245918419,71.8,8.1,0.1566812946924053,74.9,8.5,15.23,0.65,2.2921,2.295,346.0208,0.0669,9.4986,2.2922,2.3845,10.8301,0.0288,8.7593,0.3,4e-05,2,,Z,7.0,amp
6883239,0.563711,0.563712,0.563711,1.000002,305,0.0567179444329854,15.1,2.9,0.0567179444329854,15.1,2.9,14.35,0.79,66,0.0548182148739232,10.6,2.5,0.0534756865702515,10.6,2.5,14.45,0.56,1.774,1.8444,14.1935,0.0929,7.2619,1.774,1.7769,336.7003,0.0472,10.2268,0.23,0.0,1,,Z,10.0,amp
6918683,0.344067,0.344073,0.34407,1.000017,268,0.0842046072148762,1.3,1.1,0.0860415260702777,1.4,1.1,15.49,0.44,59,0.0436746598515096,1.2,1.1,0.0425024343068056,0.9,1.0,15.56,0.32,2.9064,2.9769,14.1844,0.0393,14.3588,1.4532,1.4626,106.1008,0.055,9.0648,0.12,2e-05,1,Z,,,
7086820,0.573677,0.573679,0.573678,1.000003,266,0.0512123808093738,3.1,1.0,0.052938109999529,3.1,1.0,15.47,0.97,42,0.0215945921278904,1.3,1.3,0.0221562107304119,1.3,1.3,15.57,0.71,1.7431,1.7771,29.4768,0.0755,11.646,1.743,1.7677,40.4613,0.0692,5.3548,0.26,0.0,1,Z,,,
7124989,0.613706,0.613707,0.613706,1.000002,608,0.0357477731977583,1.5,0.9,0.0357477731977583,1.5,0.9,15.21,0.84,43,0.0336172736450425,2.5,1.7,0.0336460786077905,2.4,1.7,15.24,0.64,1.6294,1.6633,29.5029,0.0412,11.8879,1.6295,1.6408,88.7705,0.0511,5.4589,0.2,0.0,1,Z,,,
7131981,0.662521,0.662521,0.662521,1.0,569,0.0413357733028558,2.4,1.2,0.0413357733028558,2.4,1.2,15.21,0.75,50,0.0152660766249076,1.1,0.7,0.0152660766249076,1.1,0.7,15.19,0.57,1.5094,1.5432,29.5465,0.0544,12.6425,1.5094,1.5138,223.7136,0.0742,9.163,0.18,0.0,1,Z,,,
7254801,0.561133,0.561071,0.561102,0.99989,310,0.1101452466786472,2.2,1.3,0.19806123910575,5.7,1.8,15.88,0.63,54,0.0955274647963707,8.8,2.5,0.1055798665879469,10.8,2.9,16.02,0.41,1.7821,1.8527,14.1563,0.055,6.4741,1.7823,1.8655,12.02,0.036,2.4837,0.22,0.00011,1,,Z,6.0,period
7279621,0.415469,0.415467,0.415468,0.999995,324,0.1860246000311332,5.0,1.9,0.186883261803951,5.1,1.9,15.59,0.38,61,0.0962350262084679,17.1,2.6,0.0979028009084326,17.2,2.7,15.56,0.34,2.4069,2.5166,9.1183,0.0311,5.3593,0.8023,0.8112,113.1862,0.0615,5.6337,0.04,0.0,2,Z,,,
7411461,0.467033,0.482633,0.474833,1.033402,552,0.0649120947218648,2.4,1.0,0.772525121761106,34.9,4.8,15.83,1.09,43,0.0951878992017451,75.8,6.2,0.4714562758521174,185.5,9.3,15.7,1.1,2.1412,2.1751,29.4811,0.0736,14.6889,1.1383,1.1922,18.5718,0.1376,0.8074,0.01,0.03285,1,,Z,7.0,period
7535651,0.594803,0.594804,0.594804,1.000002,263,0.0513408650460581,3.8,1.3,0.0497682172064702,3.7,1.2,15.05,1.06,156,0.0256971223425267,2.2,1.3,0.0256971223425267,2.2,1.3,15.21,0.77,1.6812,1.7209,25.2302,0.0528,6.6067,1.6812,1.6843,321.0273,0.0528,16.9854,0.29,0.0,1,Z,,,
7555727,0.990143,0.393013,0.691578,0.396925,260,0.3935586357489468,7.6,2.9,0.7560872071554501,12.0,4.0,15.55,0.32,197,0.0866865960458608,4.8,1.8,2.9130861950862537,52.9,10.3,15.58,0.27,1.01,1.0271,58.4283,0.1131,9.1663,2.5444,2.5476,316.4557,0.0116,14.6479,0.05,0.86343,1,,L,6.0,period
7580734,0.314956,0.314957,0.314956,1.000003,387,0.1691748133396496,4.1,2.0,0.1691748133396496,4.1,2.0,15.46,0.38,69,0.1328188477314949,12.6,2.9,0.1276706546961379,12.8,3.0,15.59,0.29,3.175,3.2089,29.5596,0.0295,16.956,1.0583,1.0861,36.0295,0.0977,13.3639,0.09,0.0,1,Z,,,
7593064,0.745898,0.745899,0.745898,1.000001,478,0.0973303813250195,0.7,0.8,0.0973303813250195,0.7,0.8,15.85,0.36,46,0.0566532172882313,1.9,1.3,0.0564586952627131,1.9,1.3,15.75,0.29,1.3407,1.3745,29.5552,0.068,11.9132,1.3406,1.3684,36.036,0.1366,9.8653,0.07,0.0,2,Z,,,
7827663,0.390832,0.390832,0.390832,1.0,385,0.2157563737686413,17.7,3.4,0.2157563737686413,17.7,3.4,14.93,0.32,70,0.1457006044537759,11.2,2.7,0.1457006044537759,11.2,2.7,14.88,0.3,2.5586,2.5925,29.5334,0.0264,14.7403,1.2793,1.3393,16.6722,0.0333,3.4099,0.02,0.0,1,,Z,8.0,period
7908628,0.549017,0.549028,0.549022,1.00002,263,0.049393632475553,1.8,1.1,0.0575990202926176,2.5,1.2,15.27,0.88,140,0.0231923954620015,2.6,1.2,0.0251560198566555,2.7,1.3,15.36,0.65,1.8214,1.8442,43.9657,0.0674,7.1387,1.8214,1.8245,326.7974,0.0485,10.0699,0.23,2e-05,1,L,,,
7925995,0.476607,0.476607,0.476607,1.0,270,0.0369933634993698,3.1,1.5,0.0369933634993698,3.1,1.5,15.08,1.14,63,0.0262433303565049,3.7,2.1,0.0262433303565049,3.7,2.1,15.18,0.97,2.0982,2.1458,20.9798,0.0589,8.9378,1.0491,1.0654,61.0128,0.1131,8.0378,0.17,0.0,1,Z,,,
7997579,0.486693,0.486689,0.486691,0.999992,465,0.1527172050601566,2.6,1.3,0.1555399325918763,2.6,1.3,16.32,0.77,45,0.1038396853228787,8.4,2.6,0.0998218482544438,8.1,2.5,16.54,0.48,2.0547,2.0886,29.4551,0.0694,10.7203,2.0546,2.0601,182.8154,0.0622,6.5504,0.29,1e-05,2,Z,,,
8130793,0.640631,0.64051,0.64057,0.999811,256,0.1558503830525026,17.3,3.4,0.2305884624376336,24.7,4.5,14.72,0.35,52,0.0677909287496082,3.4,1.6,0.0917626044726779,7.1,2.5,14.64,0.31,1.561,1.5998,25.7334,0.0537,5.1508,1.5612,1.5645,307.2197,0.1411,8.2011,0.04,0.00019,2,Z,,,
8337518,0.536969,0.53697,0.53697,1.000002,466,0.0659019998243113,1.0,0.8,0.0674681448597328,1.0,0.8,16.24,0.96,66,0.0314370073749096,2.1,1.2,0.0314370073749096,2.1,1.2,16.33,0.68,1.8623,1.8962,29.5159,0.0885,11.0986,1.8623,1.8852,43.63,0.0526,8.7487,0.28,0.0,2,Z,,,
8405435,0.666743,0.666737,0.66674,0.999991,260,0.0521396537620668,1.1,0.9,0.0465716217557979,1.0,0.9,15.49,0.67,201,0.0243638549505304,1.8,1.0,0.0248810765933991,1.7,1.0,15.52,0.53,1.4998,1.5056,172.5626,0.0853,7.0839,1.4998,1.5057,171.6738,0.0181,14.4982,0.14,1e-05,1,L,,,
8428593,0.955946,0.468274,0.71211,0.489854,299,0.1338847076011537,51.2,4.6,0.6236046015918321,144.8,11.3,15.12,1.07,196,0.0307694614589538,4.2,1.7,1.1844630307919897,206.8,16.9,15.2,0.86,1.0461,1.0492,323.1018,0.102,2.1945,2.1355,2.2019,15.0625,0.0268,17.3801,0.21,0.68483,1,,L,9.0,period
8595866,0.33194,0.331942,0.331941,1.000006,318,0.0842169886045285,1.4,1.0,0.0855401844868816,1.4,1.0,15.48,0.35,69,0.0549628963428432,1.6,1.2,0.0663967795833145,1.7,1.5,15.56,0.27,3.0126,3.0464,29.5465,0.0296,16.1702,0.9999,1.0042,235.2941,0.2765,10.6182,0.08,1e-05,1,Z,,,
8610884,0.592421,0.592429,0.592425,1.000014,277,0.1523754075287486,6.3,2.2,0.1573550415108336,6.3,2.2,15.48,0.45,186,0.1271784871281089,25.3,3.7,0.1229517469086671,25.7,3.7,15.4,0.4,1.688,1.7144,37.843,0.0504,9.1348,1.6879,1.6908,352.7337,0.0404,15.638,0.05,1e-05,1,L,,,
8611846,0.601569,0.601574,0.601572,1.000008,269,0.089442394023039,0.7,0.7,0.0862871256409388,0.7,0.7,16.22,0.53,75,0.036301509072357,0.9,0.9,0.033622085288688,0.9,0.9,16.18,0.42,1.6623,1.7266,15.5642,0.0772,7.1344,1.6623,1.6673,201.6129,0.0546,12.2669,0.11,1e-05,1,Z,,,
8640362,0.33272,0.344192,0.338456,1.034479,444,0.1340560051433908,12.6,4.1,1.5241125932070196,12.6,3.9,15.73,1.28,66,0.0775024558693253,2.3,1.4,0.405953741025139,31.5,6.2,15.84,0.27,3.0055,3.0373,31.4367,0.0118,6.9057,1.4527,1.4948,23.7135,0.0225,5.3003,1.01,0.0339,1,,L,8.0,period
8907563,0.513164,0.513164,0.513164,1.0,259,0.1215439380265615,2.8,1.1,0.1215439380265615,2.8,1.1,16.13,0.77,87,0.0905491546661155,15.9,3.4,0.0905491546661155,15.9,3.4,16.2,0.64,1.9487,1.9757,37.0508,0.082,8.2394,1.9487,2.0027,18.5202,0.0571,16.1234,0.13,0.0,1,L,,,
9227464,0.352865,0.352858,0.352862,0.99998,352,0.2897407801377706,34.4,4.4,0.301696303332601,35.0,4.3,14.93,0.3,135,0.1691604259749909,9.1,2.8,0.1637006075081016,9.2,2.8,15.02,0.22,2.8339,2.9184,11.8399,0.0181,7.5471,0.9447,0.9737,34.4175,0.053,9.5332,0.08,2e-05,1,,Z,9.0,amp
9449335,0.47572,0.475695,0.475707,0.999947,257,0.0880160444188826,15.1,2.0,0.1425277396322321,31.2,3.2,15.24,0.89,139,0.0635955329292852,14.5,3.0,0.0664564315628626,25.5,3.3,15.41,0.61,2.1021,2.1359,29.5465,0.1036,11.6301,1.0008,1.034,30.1023,0.0551,9.2197,0.28,5e-05,1,,Z,6.0,period
9532981,0.591,0.591042,0.591021,1.000071,282,0.1600594656094758,7.4,1.7,0.2060557886182857,10.2,2.2,16.0,0.59,72,0.1667527020186703,21.1,4.7,0.177686143170733,23.2,4.5,16.01,0.41,1.692,1.6948,357.7818,0.0979,6.5416,1.6919,1.6947,355.2398,0.0817,14.0854,0.18,7e-05,1,,Z,7.0,period
9818617,0.626065,0.626066,0.626065,1.000002,267,0.0676212595147736,0.9,0.8,0.0676212595147736,0.9,0.8,16.12,0.76,62,0.0265025487428007,2.0,1.0,0.0246321487582685,1.9,0.9,16.12,0.62,1.5973,1.6048,133.6005,0.0798,6.3692,1.5973,1.6001,352.7337,0.0598,10.4412,0.14,0.0,1,L,,,
9852554,0.651339,0.651367,0.651353,1.000043,339,0.1352235083563752,1.1,1.0,0.1575813062664165,1.6,1.1,16.42,0.67,69,0.102352344861151,11.0,2.8,0.084025617504696,9.7,2.2,16.43,0.52,1.5353,1.557,46.0617,0.0544,7.4618,1.5353,1.5403,197.2387,0.0336,6.4626,0.15,4e-05,1,L,,,
9854852,0.668734,0.668729,0.668732,0.999993,294,0.028590180148596,2.3,0.8,0.0327709189575986,2.5,0.9,15.04,0.65,65,0.0307935255963436,2.2,1.3,0.0290437522221103,1.9,1.2,15.09,0.55,1.4954,1.5012,171.3796,0.0733,11.4712,1.4954,1.5269,31.6857,0.0326,7.2602,0.1,1e-05,2,L,,,
9856232,0.626142,0.626129,0.626136,0.999979,335,0.1129414698031987,24.3,3.4,0.1107307832308639,25.0,3.3,14.98,0.83,68,0.0797440611224871,37.3,3.6,0.0954900906653818,36.5,4.4,15.04,0.56,1.5971,1.6337,27.3187,0.0657,5.0604,1.5971,1.6164,51.7331,0.0335,8.1357,0.27,2e-05,2,,Z,10.0,amp
9918809,0.47946,0.479509,0.479484,1.000102,265,0.1662627594748201,7.8,1.9,0.1808201939841665,8.3,2.2,15.81,0.6,126,0.2806876770552423,95.8,10.3,0.2751390730903676,103.2,8.6,15.86,0.5,2.0857,2.1556,14.3113,0.0438,5.8301,2.0848,2.0877,352.7337,0.0184,14.4836,0.1,0.0001,2,,Z,6.0,period
9961135,0.590896,0.590891,0.590894,0.999992,296,0.0866729122113347,2.6,1.1,0.0908926000429105,2.7,1.1,15.58,0.57,71,0.0685711644303672,4.7,1.8,0.0620924618619018,4.7,1.7,15.56,0.45,1.6923,1.7099,57.0288,0.0961,7.3855,1.6924,1.6977,186.2197,0.0318,7.71,0.12,1e-05,1,L,,,
9979905,0.338739,0.338739,0.338739,1.0,457,0.09510644119178,7.9,2.5,0.09510644119178,7.9,2.5,14.72,0.46,70,0.0605025301835803,5.0,1.8,0.0605025301835803,5.0,1.8,14.8,0.37,2.9521,2.986,29.5072,0.0354,19.9321,1.0008,1.0255,40.4531,0.1074,7.5705,0.09,0.0,2,Z,,,
10085065,0.33749,0.337492,0.337491,1.000006,444,0.058549569311762,4.1,1.4,0.0632540052726622,4.2,1.5,14.73,0.4,68,0.0555171931769312,1.1,1.0,0.0514701706869201,1.0,0.9,14.74,0.31,2.963,2.9658,357.7818,0.086,23.7726,0.9877,0.9952,133.2445,0.1054,10.9103,0.09,1e-05,1,Z,,,
10420063,0.487395,0.487394,0.487394,0.999998,488,0.0518131694643486,67.9,4.2,0.0519356813533617,66.2,4.2,13.99,0.97,65,0.0583190106319436,19.5,3.7,0.0583190106319436,19.5,3.7,14.13,0.68,2.0517,2.0857,29.4421,0.0421,10.4333,2.0517,2.1007,20.4207,0.0899,22.549,0.29,0.0,1,,Z,10.0,amp
10481905,0.48472,0.484775,0.484748,1.000113,510,0.1163592439032196,18.1,2.6,0.2102340344855031,38.6,4.2,15.11,0.71,62,0.0669509266075213,50.4,3.3,0.1422897901445639,77.1,6.2,15.15,0.6,2.063,2.097,29.4898,0.0528,11.9191,1.0001,1.0046,220.5072,0.0278,3.9229,0.11,0.00011,1,,Z,11.0,period
10503746,0.573563,0.57357,0.573567,1.000012,264,0.0851732951320413,12.8,2.7,0.0812190910235284,13.7,2.7,14.87,0.83,103,0.0460606295242981,3.6,1.4,0.0496045449547137,3.9,1.5,15.03,0.54,1.7435,1.7576,70.9471,0.07,7.171,1.7435,1.7463,353.3569,0.0351,16.31,0.29,1e-05,2,L,,,
10954700,0.594403,0.594391,0.594397,0.99998,422,0.1285183476860974,4.8,1.5,0.129052872790494,4.8,1.5,15.87,0.7,51,0.0615144853750238,20.5,2.6,0.0709047917463446,18.6,3.1,15.8,0.62,1.6824,1.6852,355.8719,0.1406,15.252,1.6824,1.7091,37.4462,0.0529,5.8187,0.08,2e-05,1,Z,,,
10980498,0.278969,0.278971,0.27897,1.000007,309,0.1674169685148984,1.1,1.0,0.1627660451275153,1.1,0.9,15.94,0.33,48,0.1219249421139145,6.5,2.2,0.1260959304867952,6.4,2.3,15.91,0.27,3.5846,3.5874,357.1429,0.0804,29.0508,1.1949,1.2195,40.6339,0.0685,6.6653,0.06,1e-05,2,Z,,,
11007728,0.579997,0.579984,0.579991,0.999978,268,0.1644636002332981,1.4,1.1,0.1708428078899007,1.4,1.1,16.24,0.45,43,0.0444321259713644,2.1,1.4,0.0497029926182741,3.7,1.7,16.26,0.49,1.7241,1.7608,27.2591,0.1224,14.5087,1.0,1.0031,322.0612,0.1453,7.4062,0.04,2e-05,1,Z,,,
11296138,0.618447,0.618464,0.618456,1.000027,263,0.0930990116413891,14.5,2.8,0.0969097706140202,16.1,2.8,14.71,0.49,65,0.0610892902393296,11.7,2.1,0.0778493545213209,15.3,2.5,14.67,0.43,1.617,1.6398,43.8116,0.0742,5.4876,1.6169,1.6662,20.2778,0.05,7.8075,0.06,3e-05,1,L,,,
11364592,0.318602,0.637115,0.477858,1.999721,331,0.187669338260747,0.8,0.8,1.2179466873680067,3.7,2.1,16.7,0.42,44,0.2079476489128522,24.1,3.8,0.2869534041665508,27.6,5.8,16.62,0.34,3.1387,3.1726,29.5247,0.048,17.1394,1.0463,1.0525,162.0746,0.0965,5.7337,0.08,0.66654,1,Z,,,
11366353,0.266815,0.266816,0.266816,1.000004,260,0.0759425829135548,20.5,2.6,0.0823631846296554,21.7,3.0,14.15,0.37,44,0.0255045394078822,1.1,1.0,0.0255045394078822,1.1,1.0,13.98,0.45,3.7479,3.7846,27.2814,0.0541,28.9419,1.0,1.0067,147.6015,0.1118,5.309,0.08,0.0,1,Z,,,
11382007,0.642531,0.642532,0.642532,1.000002,278,0.0948191735913325,0.8,0.8,0.0950428740394045,0.8,0.7,15.8,0.32,43,0.0459637055473027,0.9,1.0,0.0459637055473027,0.9,1.0,15.64,0.32,1.5563,1.5592,355.8719,0.1718,12.3746,0.7782,0.7878,103.1992,0.2134,8.7727,0.0,0.0,1,Z,,,
14229885,0.600104,0.600114,0.600109,1.000017,260,0.0267755609143822,2.5,1.2,0.0277102684437865,2.5,1.4,14.59,0.99,223,0.0223985871693142,2.7,1.4,0.022618108199742,3.9,1.4,14.66,0.79,1.6664,1.6796,75.815,0.133,7.4706,1.6663,1.676,104.1124,0.0123,12.7154,0.2,2e-05,1,L,,,
15075296,0.524657,0.524659,0.524658,1.000004,266,0.0610103505710876,1.0,0.8,0.0592139621678065,1.0,0.8,15.79,1.04,355,0.0284360050422223,2.9,1.6,0.0295421810970415,3.0,1.6,15.9,0.78,1.906,1.9229,59.0493,0.0851,6.2268,1.906,1.9102,236.1275,0.0063,9.5481,0.26,0.0,2,L,,,
16494763,0.441664,0.441659,0.441662,0.999989,252,0.1020324371461935,27.1,3.8,0.1001297622949282,27.6,3.7,14.48,0.75,150,0.0990440438261926,17.8,3.2,0.1031929099605446,18.2,3.3,14.62,0.53,2.2642,2.3164,19.1333,0.0948,4.6787,2.2642,2.2782,71.1744,0.0056,9.0784,0.22,1e-05,1,,Z,10.0,amp
16846842,0.607479,0.607475,0.607477,0.999993,402,0.0870071168903232,1.5,0.7,0.086735059703396,1.5,0.7,16.2,0.49,50,0.0321516575064725,1.5,0.8,0.0320486759231145,1.5,0.8,16.27,0.39,1.6461,1.649,349.6503,0.0682,13.8019,1.6462,1.6506,224.7191,0.0908,8.7036,0.1,1e-05,2,Z,,,
17082055,1.146783,1.146792,1.146788,1.000008,530,0.0680740269606789,1.5,1.1,0.0682802676413867,1.5,1.1,15.94,0.89,41,0.01713301272065,0.8,0.8,0.0184592810159784,0.7,0.8,16.02,0.62,0.872,0.9058,29.5508,0.1791,5.97,0.872,0.8765,222.4694,0.1057,5.4646,0.27,1e-05,2,Z,,,
17168875,0.626305,0.626306,0.626306,1.000002,589,0.0595224841185314,1.4,0.9,0.0589914220501716,1.3,0.9,15.97,0.93,50,0.0230820329285317,2.2,1.1,0.0230820329285317,2.2,1.1,16.06,0.75,1.5967,1.6593,15.9732,0.0303,11.421,1.5967,1.6065,101.9368,0.0678,7.822,0.18,0.0,1,Z,,,
17216032,0.585994,0.586,0.585997,1.00001,472,0.0791973689943489,5.3,1.4,0.080629729127634,5.4,1.4,15.45,0.61,49,0.0520989587462783,9.9,2.0,0.0509608944034612,9.8,1.9,15.48,0.46,1.7065,1.7093,355.2398,0.0408,15.6738,1.7066,1.7233,59.6481,0.0503,6.9341,0.15,1e-05,1,Z,,,
17266250,0.28381,0.283811,0.28381,1.000004,551,0.0566245130103826,17.2,2.3,0.0566245130103826,17.2,2.3,14.23,0.44,41,0.047279086628428,1.2,1.2,0.0457384051349213,1.2,1.2,14.27,0.34,3.5235,3.5574,29.5116,0.0277,30.7598,3.5235,3.5423,53.1067,0.0588,10.7775,0.1,0.0,1,Z,,,
17452152,0.538108,0.5381,0.538104,0.999985,549,0.0392470962132582,1.4,0.9,0.0416103791542282,2.4,0.9,15.61,0.96,45,0.0212304014462953,3.6,1.3,0.0244969160961087,7.1,1.4,15.68,0.75,1.8584,1.8922,29.5116,0.0869,13.2508,0.8557,0.8592,287.7698,0.1016,5.7041,0.21,1e-05,1,Z,,,
17547893,0.541471,0.541479,0.541475,1.000015,524,0.0475911156038424,2.1,1.1,0.0485998094083277,2.2,1.1,15.54,0.93,46,0.0201320568321276,2.3,1.1,0.0222086548562284,2.4,1.2,15.65,0.7,1.8468,1.9248,12.8312,0.0645,11.3975,0.9234,0.9498,37.9363,0.164,7.8704,0.23,1e-05,2,Z,,,
17555840,0.518813,0.518836,0.518824,1.000044,545,0.1903224508441411,3.5,1.5,0.1846352523164196,3.7,1.5,16.46,0.7,46,0.1149997043985601,22.6,4.0,0.1095788094473776,20.8,3.9,16.45,0.6,1.9275,1.9613,29.5902,0.039,11.4546,0.9273,0.9321,208.9864,0.1363,5.5432,0.1,4e-05,1,Z,,,
19448961,0.335895,1.013566,0.67473,3.017508,251,0.1784722535472613,1.3,1.1,0.5078849496899307,4.8,2.2,16.09,0.42,208,0.2507843242647699,6.0,2.6,1.0413398090731754,14.1,4.2,16.2,0.2,2.9771,3.0148,26.5358,0.0337,7.6349,0.9866,0.992,185.8736,0.047,9.4416,0.22,1.00436,1,,Z,8.0,period
21126144,0.547549,0.54755,0.547549,1.000002,574,0.0307212868137275,5.1,1.2,0.0307212868137275,5.1,1.2,14.75,0.86,46,0.0199959263108649,2.5,1.2,0.0201517555849451,2.4,1.2,14.8,0.68,1.8263,1.8603,29.4638,0.1136,14.3718,1.003,1.0108,128.4522,0.0748,5.6091,0.18,0.0,1,Z,,,
21200464,0.55507,0.555074,0.555072,1.000007,531,0.0279792845600406,3.6,1.3,0.0310502241725286,3.5,1.3,14.73,0.95,45,0.0175547364742627,2.1,1.2,0.0167998176479235,2.2,1.1,14.78,0.75,1.8016,1.8353,29.6077,0.0441,10.5936,0.6005,0.6172,60.1323,0.1553,6.0096,0.2,1e-05,1,Z,,,
21303309,0.675428,0.675434,0.675431,1.000009,450,0.0628824853275524,0.8,0.8,0.0625131838748899,0.9,0.8,15.74,0.44,41,0.0388066709995548,1.3,1.2,0.0377605065059573,1.2,1.1,15.69,0.34,1.4805,1.5144,29.5377,0.0788,11.1143,0.5013,0.5091,128.4522,0.6707,7.1952,0.1,1e-05,1,Z,,,
21397555,0.278619,0.27862,0.27862,1.000004,434,0.0956460324121172,1.6,1.1,0.0979189709158238,1.6,1.1,15.7,0.4,41,0.0337039486420743,0.7,0.7,0.0337039486420743,0.7,0.7,15.76,0.29,3.5891,3.623,29.5203,0.0313,26.4225,1.1964,1.2105,70.7464,0.0876,6.0639,0.11,0.0,1,Z,,,
21460667,0.534598,0.534601,0.5346,1.000006,441,0.0790458072300904,3.7,1.7,0.0853236226829257,4.1,1.7,15.52,0.86,43,0.0348942148663466,2.3,1.6,0.0370142309875618,2.3,1.7,15.62,0.6,1.8706,1.9044,29.5334,0.0519,12.4177,0.9353,0.9578,44.4543,0.2924,12.0856,0.26,1e-05,1,Z,,,
21474739,0.462885,0.462875,0.46288,0.999978,512,0.0307852873848289,11.1,1.8,0.0356511301965475,18.7,2.0,14.33,0.83,46,0.0296197653546356,3.0,1.7,0.0358154705715242,3.5,2.1,14.43,0.63,2.1604,2.2392,12.6855,0.0665,18.0862,1.4967,1.523,37.9219,0.073,7.2862,0.2,2e-05,1,Z,,,
21556651,0.614826,0.614808,0.614817,0.999971,572,0.1146129047081425,6.5,1.8,0.124689187753023,7.5,2.0,15.55,0.66,46,0.0816656231751111,19.1,3.1,0.0797864209218539,21.5,2.9,15.62,0.49,1.6265,1.663,27.3523,0.0608,14.3024,0.8133,0.8209,131.7523,0.116,8.1209,0.17,3e-05,1,Z,,,
21574229,0.531469,0.531472,0.53147,1.000006,373,0.0567249560728238,0.8,0.8,0.0570833594565999,0.9,0.8,16.19,1.01,46,0.0280021258555372,2.5,1.3,0.0221757831550724,2.6,1.0,16.29,0.77,1.8816,1.9422,16.5057,0.1155,13.7098,0.9408,0.9606,50.5306,0.1368,6.8868,0.24,1e-05,1,Z,,,
21874209,0.611295,0.611286,0.61129,0.999985,593,0.1208120227730747,17.9,2.5,0.1221338719033477,18.1,2.5,15.12,0.59,44,0.0565840792102136,9.3,3.2,0.0545508107654506,9.4,3.1,14.96,0.68,1.6359,1.6698,29.4985,0.0793,16.2134,0.818,0.8364,54.1565,0.1554,7.9206,0.09,1e-05,1,Z,,,
21945241,0.472332,0.472334,0.472333,1.000004,404,0.0721902270523341,1.1,0.9,0.0752575665338389,1.2,1.0,16.23,1.1,49,0.023825212674224,3.1,0.9,0.0249701795039639,3.4,0.9,16.44,0.85,2.1172,2.1544,26.8637,0.0569,10.4838,1.0586,1.0781,51.2821,0.1371,7.4161,0.25,0.0,1,Z,,,
21947560,0.480496,0.480497,0.480496,1.000002,322,0.0778603444944146,12.7,2.5,0.0778603444944146,12.7,2.5,14.89,0.76,60,0.0457259171211426,25.5,2.9,0.0478323793163095,25.0,3.0,14.83,0.77,2.0812,2.119,26.4306,0.0325,6.8567,1.0786,1.1179,25.4647,0.0583,5.8731,0.01,0.0,1,,Z,8.0,period
21948290,0.511127,0.511115,0.511121,0.999977,354,0.101148769220036,11.9,2.3,0.1119008178967836,14.5,2.2,15.39,0.76,57,0.063604733045984,12.5,2.5,0.0538162015523858,16.1,2.1,15.41,0.64,1.9565,1.9796,43.2339,0.0612,8.8706,0.6522,0.6631,91.617,0.0881,4.7054,0.12,2e-05,2,L,,,
21948919,0.584462,0.584462,0.584462,1.0,396,0.0626117179264296,4.7,1.8,0.0626117179264296,4.7,1.8,14.9,0.59,47,0.0355638560511535,3.8,1.6,0.0355638560511535,3.8,1.6,14.86,0.52,1.711,1.7138,357.7818,0.0661,14.2209,1.711,1.7154,225.9887,0.0599,6.7273,0.07,0.0,2,Z,,,
21966412,0.684606,0.684615,0.68461,1.000013,289,0.098184344134034,1.0,0.7,0.0970224549246482,1.0,0.7,15.97,0.35,60,0.0362945119912625,1.1,0.9,0.0362461259696481,1.1,0.8,15.86,0.3,1.4607,1.4887,35.6633,0.054,10.4036,1.4607,1.4822,46.3929,0.0347,6.5404,0.05,1e-05,1,L,,,
22034371,0.530768,0.530754,0.530761,0.999974,268,0.0648060291772126,3.5,1.3,0.0705993767654539,4.3,1.3,15.6,1.03,81,0.0279602286809958,2.2,1.1,0.0288660520737974,3.2,1.2,15.72,0.74,1.8841,1.9001,62.383,0.0866,8.1233,1.8841,1.9434,16.8577,0.0495,10.7271,0.29,3e-05,1,L,,,
22244513,0.604149,0.604077,0.604113,0.999881,330,0.1851508737953517,9.2,2.5,0.2266084663182625,16.4,3.0,15.54,0.45,56,0.1066381182689034,16.2,3.6,0.1311055618622231,19.0,4.1,15.47,0.42,1.6552,1.6951,25.0627,0.0391,8.1595,1.6553,1.6587,302.5719,0.0394,5.3408,0.03,0.00012,2,,Z,10.0,period
22571231,0.612483,0.612486,0.612484,1.000005,500,0.0570447476197028,1.2,1.0,0.0564461611874851,1.2,1.0,15.56,0.64,47,0.0336568906727095,1.3,1.1,0.0314808434925599,1.2,1.1,15.54,0.51,1.6327,1.6692,27.3673,0.0759,16.5295,0.6301,0.6516,46.6309,0.119,6.73,0.13,0.0,1,Z,,,
22639551,0.661227,0.661226,0.661226,0.999998,298,0.0479571347987086,4.9,2.0,0.0491003498117515,5.0,2.0,14.24,0.56,59,0.0262570300632064,1.8,1.0,0.0262570300632064,1.8,1.0,14.23,0.46,1.5123,1.5315,52.233,0.0721,9.345,1.5123,1.5341,45.9453,0.0535,8.2258,0.1,0.0,1,Z,,,
22828215,0.574536,0.574535,0.574536,0.999998,585,0.0415917265429262,12.5,1.5,0.0415917265429262,12.5,1.5,14.69,0.72,45,0.0316466845160696,5.9,1.4,0.0307197417490254,5.8,1.4,14.65,0.6,1.7405,1.7744,29.5377,0.0607,14.6199,1.7405,1.7454,207.0393,0.0586,7.0326,0.12,0.0,1,Z,,,
23032545,0.480424,0.480431,0.480428,1.000015,302,0.1064485931643865,20.2,3.0,0.1002190798390223,21.2,3.0,14.93,0.84,81,0.0751514636954446,26.5,3.5,0.0850299998141191,28.0,3.9,14.9,0.72,2.0815,2.1492,14.7656,0.0493,9.108,2.0814,2.0842,353.9823,0.0248,10.3708,0.12,1e-05,1,,Z,9.0,amp
23223856,0.586642,0.586647,0.586644,1.000009,266,0.0994184551914047,22.7,3.4,0.0961828069675881,22.3,3.4,14.87,0.64,59,0.0682330612807421,39.3,3.1,0.0672720759554367,41.1,3.0,14.92,0.55,1.7046,1.7113,149.5886,0.0452,6.9438,1.7044,1.7416,26.8745,0.0449,6.7494,0.09,1e-05,1,,Z,9.0,amp
23375937,0.950459,0.616816,0.783638,0.648966,309,0.331430172162322,4.7,2.0,0.5194216966563636,6.8,2.5,16.26,0.46,91,0.209937922447204,12.9,3.3,1.0213177515043432,31.3,6.9,16.27,0.28,1.0521,1.0521,0.0,0.1338,3.7869,1.6209,1.6378,59.1716,0.0138,5.8636,0.18,0.42576,1,,Z,8.0,period
23500879,0.354834,0.523422,0.439128,1.475118,455,0.2223301078297309,2.6,1.6,1.062449511180696,9.3,3.2,15.95,0.31,46,0.1232581067051118,10.2,2.9,0.3722095793515593,35.9,7.4,16.02,0.31,2.8182,2.8521,29.5552,0.022,16.8259,1.0009,1.0433,23.6211,0.062,3.6878,0.0,0.38392,1,,Z,6.0,period
23596342,0.602841,0.602846,0.602844,1.000008,286,0.1854622115000041,1.8,1.2,0.193693309177123,1.9,1.2,16.28,0.41,59,0.0672132083246108,3.5,1.7,0.0678472851851234,3.5,1.6,16.3,0.38,1.6588,1.6762,57.5209,0.0517,8.2285,1.6588,1.6632,225.7336,0.0439,6.4639,0.03,1e-05,1,L,,,
23604060,0.469075,0.469102,0.469088,1.000058,344,0.1175224803922424,22.4,3.6,0.1144192149093153,26.7,3.7,14.77,0.78,59,0.0944032026501384,61.0,6.4,0.0822587529974707,77.8,5.4,14.77,0.72,2.1319,2.2313,10.0528,0.0447,5.6299,2.1317,2.1974,15.2207,0.058,8.6861,0.06,6e-05,1,,Z,8.0,period
23624228,0.364453,0.364454,0.364454,1.000003,295,0.2169223197277907,23.2,3.8,0.2072889315808127,23.2,3.7,15.03,0.32,75,0.1700219066715441,23.2,4.8,0.1700219066715441,23.2,4.8,14.95,0.38,2.7438,2.8143,14.1854,0.0153,6.6595,0.9999,1.0373,26.7237,0.0602,5.3487,0.06,0.0,1,,Z,6.0,amp
23876082,0.589794,0.589802,0.589798,1.000014,476,0.0665177523417906,1.1,0.9,0.0701976779426149,1.1,1.0,15.87,0.67,51,0.0214338189052815,0.7,0.7,0.0239187943516531,0.7,0.8,15.88,0.51,1.6955,1.7294,29.5029,0.0518,14.2731,1.0025,1.0089,155.7632,0.0904,5.2904,0.16,1e-05,1,Z,,,
23968149,0.378463,0.609907,0.494185,1.611537,359,0.2367020702678021,9.2,2.5,0.8069985743279889,19.1,3.4,15.81,0.45,58,0.1784056942293012,20.2,4.3,0.4038708569390971,57.2,8.2,15.9,0.31,2.6423,2.6592,59.2066,0.0206,8.0442,1.6396,1.6425,349.6503,0.0783,10.1497,0.14,0.46833,1,,Z,13.0,period
24010683,0.588512,0.588509,0.58851,0.999995,569,0.0978621153477114,1.1,0.9,0.096835321208024,1.1,0.9,16.16,0.58,43,0.0301096781191813,1.0,0.9,0.0304489077918233,1.0,0.9,16.09,0.47,1.6992,1.733,29.5552,0.0703,15.6208,1.6992,1.7025,301.2048,0.0706,6.5798,0.11,1e-05,2,Z,,,
24020106,0.542397,0.542396,0.542396,0.999998,584,0.1750024933763817,16.0,2.9,0.1748653754648109,16.0,2.9,15.42,0.52,46,0.073843881119242,29.5,3.9,0.073843881119242,29.5,3.9,15.24,0.68,1.8437,1.8776,29.4855,0.0433,10.8738,2.8463,2.927,12.3946,0.0366,5.7922,0.16,0.0,2,,Z,10.0,amp
24050838,0.350489,0.350489,0.350489,1.0,252,0.2048553934031235,12.7,2.6,0.2048553934031235,12.7,2.6,15.39,0.49,84,0.1799378871369581,14.8,3.4,0.1799378871369581,14.8,3.4,15.45,0.31,2.8532,2.9209,14.7623,0.0233,6.8146,1.4266,1.4388,82.0008,0.0222,6.0103,0.18,0.0,1,,Z,10.0,amp
24192279,0.470259,1.358281,0.91427,2.888368,596,0.0371014261005872,5.1,1.6,0.7904985899227578,232.0,12.0,14.72,1.03,41,0.2759766727909464,275.6,15.1,0.2109725707088819,228.1,15.9,14.92,0.62,2.1265,2.1604,29.5203,0.0673,13.8718,2.1264,2.1874,16.419,0.0767,6.3149,0.41,0.97129,1,,Z,9.0,period
24257481,0.291239,0.291218,0.291228,0.999928,303,0.3161528142116903,43.1,5.7,0.4042946190424281,67.1,7.8,14.81,0.38,59,0.2521741173108857,22.7,5.2,0.2423883666568911,20.6,5.5,15.0,0.25,3.4336,3.4701,27.4048,0.018,10.5892,1.1446,1.1527,123.6858,0.058,8.0691,0.13,7e-05,2,Z,,,
24262890,0.60046,0.600462,0.600461,1.000003,329,0.082951741890492,1.0,0.8,0.077384611599324,1.0,0.8,16.25,0.61,65,0.0427311440136673,2.2,1.5,0.0429273606558558,2.2,1.5,16.23,0.5,1.6654,1.7019,27.3898,0.0576,13.9389,1.6654,1.6712,170.7942,0.0588,9.2616,0.11,0.0,1,Z,,,
