LINEAR id,Plinear,Pztf,Pmean,Pratio,NdataLINEAR,L_rms,L_chi2dof,L_chi2dofR,Lmean_rms,Lmean_chi2dof,Lmean_chi2dofR,Lmmax,Lampl,NdataZTF,Z_rms,Zchi2dof,Zchi2dofR,Zmean_rms,Zmean_chi2dof,Zmean_chi2dofR,Zmmax,Zampl,MainPeakL,BlazhkoPeakL,BlazhkoPeriodL,BpowerRatioL,BsignificanceL,MainPeakZ,BlazhkoPeakZ,BlazhkoPeriodZ,BpowerRatioZ,BsignificanceZ,Ampl_diff,dP,IndicatorType,ChiType,BE_score
439441,0.709248,0.709248,0.7092,1.0,349,0.1718968471905616,2.1,1.3,0.2493011054652686,3.9,1.6,16.08,0.36,48,0.0519881043696223,1.2,1.1,0.0496067244297501,1.9,1.1,15.99,0.28,1.4099,1.4718,16.1603,0.0329,6.5681,1.4099,1.4143,227.7904,0.0536,5.3214,0.08,0.0,Z,NaN,NaN
664583,0.602994,0.603021,0.603,1.0,449,0.1159036053841335,1.8,1.1,0.1256597358996025,2.0,1.1,16.18,0.56,47,0.0702562810686056,3.5,2.1,0.0738913972375887,3.7,2.2,16.19,0.4,1.6584,1.6612,357.7818,0.0407,10.5905,1.6582,1.6618,277.0083,0.0826,9.4402,0.16,4e-05,Z,NaN,NaN
798477,0.651627,0.651611,0.6516,1.0,294,0.0,0.0,0.0,0.0,0.0,0.0,0.0,0.0,4,0.0,0.0,0.0,0.0,0.0,0.0,0.0,0.0,1.5346,1.5984,15.6838,0.0881,4.7069,0.1636,0.1669,309.119,143.7553,35.9709,0.0,2e-05,Z,NaN,NaN
843294,0.374216,0.748404,0.5613,1.9999,290,0.1234279512599683,3.3,1.4,0.9338460988709656,24.2,5.9,15.53,0.36,53,0.0475183787148285,1.3,1.1,0.4603920982228321,49.1,7.4,15.48,0.3,2.6723,2.706,29.6252,0.0287,11.4573,1.3362,1.3394,314.4654,0.1448,9.3913,0.06,0.66665,Z,NaN,NaN
880588,0.600138,0.60014,0.6001,1.0,295,0.1104185700512317,3.2,1.2,0.196460441597638,9.4,1.5,16.08,0.91,71,0.0409405575711297,6.5,1.6,0.0766316110067214,27.1,2.4,16.18,0.71,1.6663,1.691,40.5268,0.0618,7.4387,1.6663,1.6691,350.8772,0.1043,15.1599,0.2,0.0,L,NaN,NaN
924301,0.507503,0.50744,0.5075,0.9999,418,0.0955154247337387,13.8,1.9,0.0880026164741427,13.8,2.0,15.42,0.87,41,0.1115253564396099,95.1,5.7,0.1357872929831566,82.3,6.5,15.53,0.59,1.9704,2.0043,29.5072,0.0503,11.4848,3.9823,4.0036,47.081,0.0403,7.7536,0.28,0.00012,NaN,Z,7
1005497,0.653607,0.653604,0.6536,1.0,607,0.0731019162235362,2.1,1.1,0.076865284588892,2.3,1.1,15.66,0.6,42,0.0371296874267333,3.2,1.4,0.0354569740283284,3.1,1.3,15.62,0.51,1.53,1.5639,29.4638,0.0567,11.4094,1.53,1.549,52.6316,0.0963,7.5464,0.09,0.0,Z,NaN,NaN
1092244,0.649496,0.649558,0.6495,1.0001,590,0.1068267894579595,2.3,1.2,0.1105517641886892,2.4,1.2,16.09,0.72,77,0.1097978520403169,13.7,2.9,0.1298532377002309,21.7,3.7,16.17,0.47,1.5397,1.5735,29.5421,0.1267,13.4443,1.5393,1.6125,13.65,0.0724,1.0003,0.25,0.0001,NaN,Z,6
1212611,0.630896,0.630893,0.6309,1.0,297,0.0493084901714861,0.9,0.9,0.0520353524081541,1.4,0.9,15.64,0.75,159,0.0287481507033896,1.8,1.1,0.0333618371752368,2.3,1.2,15.66,0.58,1.585,1.5962,89.3256,0.0606,10.3725,1.5851,1.6388,18.5995,0.0277,6.1929,0.17,0.0,L,NaN,NaN
1615764,0.488189,0.488191,0.4882,1.0,334,0.0538450194999486,3.0,1.5,0.0772053810968988,7.3,1.8,15.32,1.07,80,0.0313835645680705,3.0,1.6,0.0339010306772697,4.3,1.7,15.43,0.83,2.0484,2.0712,43.8789,0.0866,11.1127,2.0484,2.0712,43.8212,0.0645,11.2128,0.24,0.0,Z,NaN,NaN
1784750,0.590825,0.590824,0.5908,1.0,520,0.0,0.0,0.0,0.0,0.0,0.0,0.0,0.0,37,0.0,0.0,0.0,0.0,0.0,0.0,0.0,0.0,1.6925,1.7265,29.4724,0.0442,15.3336,2.0046,2.0221,57.3723,0.0709,5.8758,0.0,0.0,Z,NaN,NaN
1838988,0.344573,0.344569,0.3446,1.0,320,0.1437238748213375,0.6,0.7,0.4379529668546851,3.1,1.6,16.53,0.37,43,0.0968564083509262,3.2,1.8,0.1395857862322037,7.0,2.2,16.5,0.33,2.9021,2.9387,27.3411,0.0336,15.9295,1.4511,1.4671,62.6566,0.0631,6.4007,0.04,1e-05,Z,NaN,NaN
1876491,0.760128,0.760123,0.7601,1.0,301,0.1108493992556899,2.5,1.2,0.1381017516977982,3.5,1.4,15.74,0.41,148,0.0532169523207472,1.8,1.3,0.0525759407968909,2.1,1.3,15.71,0.3,1.3156,1.3365,47.8813,0.0635,6.5301,1.3156,1.3205,202.2245,0.0477,8.5224,0.11,1e-05,L,NaN,NaN
1890167,0.651279,0.0,0.3256,0.0,269,0.0,0.0,0.0,0.0,0.0,0.0,0.0,0.0,0,0.0,0.0,0.0,0.0,0.0,0.0,0.0,0.0,1.5354,1.5596,41.4422,0.1056,7.9065,0.0,0.0,0.0,0.0,0.0,0.0,2.00024,L,NaN,NaN
1936459,0.649248,0.649238,0.6492,1.0,431,0.0,0.0,0.0,0.0,0.0,0.0,0.0,0.0,38,0.0,0.0,0.0,0.0,0.0,0.0,0.0,0.0,1.5402,1.5741,29.5203,0.0754,10.9704,1.5403,1.5654,39.8327,0.1052,6.8221,0.0,2e-05,Z,NaN,NaN
2023155,0.608582,0.608583,0.6086,1.0,438,0.0,0.0,0.0,0.0,0.0,0.0,0.0,0.0,36,0.0,0.0,0.0,0.0,0.0,0.0,0.0,0.0,1.6432,1.677,29.5203,0.063,11.1155,3.3382,3.3504,82.3045,0.0581,8.3303,0.0,0.0,Z,NaN,NaN
2041979,0.653694,0.653639,0.6537,0.9999,276,0.1346473218004794,1.5,1.2,0.1374413014309049,1.5,1.2,16.14,0.63,288,0.1683982444830611,17.8,3.7,0.1603841965519103,22.4,3.6,16.22,0.33,1.5298,1.5944,15.4607,0.063,6.6223,1.5299,1.5347,207.2539,0.0164,9.8786,0.3,8e-05,NaN,Z,6
2050107,0.686454,0.686466,0.6865,1.0,190,0.0894162471521156,16.4,3.9,0.1248593842610493,59.2,4.6,14.22,0.78,296,0.0836121393216403,20.2,3.0,0.0782848364009175,14.8,2.8,14.35,0.55,1.4568,1.4906,29.5159,0.157,4.531,1.4567,1.4595,350.2627,0.0275,12.8492,0.23,2e-05,NaN,Z,6
2079147,0.617457,0.617458,0.6175,1.0,459,0.0741477677504628,0.9,0.8,0.1623190858810541,4.0,1.4,15.9,0.46,41,0.0439477117944713,1.4,1.1,0.0669876343716273,2.1,1.5,15.8,0.43,1.6195,1.6534,29.5377,0.0798,14.2038,1.6195,1.6407,47.2701,0.0553,5.2837,0.03,0.0,Z,NaN,NaN
2122319,0.359422,0.359424,0.3594,1.0,519,0.204048930722266,7.2,2.1,0.3355256617931075,12.3,2.8,15.64,0.38,42,0.1673028075551324,16.3,4.3,0.1331569145038384,17.9,4.1,15.66,0.34,2.7822,2.8161,29.5421,0.0269,16.6582,1.3911,1.4033,82.1693,0.057,5.3118,0.04,1e-05,Z,NaN,NaN
2243683,0.579777,0.5798,0.5798,1.0,531,0.0,0.0,0.0,0.0,0.0,0.0,0.0,0.0,31,0.0,0.0,0.0,0.0,0.0,0.0,0.0,0.0,1.7248,1.7588,29.4204,0.0526,16.6097,1.0006,1.0046,248.4472,4.6862,27.1733,0.0,4e-05,Z,NaN,NaN
2252873,0.703487,0.703496,0.7035,1.0,397,0.0,0.0,0.0,0.0,0.0,0.0,0.0,0.0,23,0.0,0.0,0.0,0.0,0.0,0.0,0.0,0.0,1.4215,1.4554,29.4507,0.0453,9.0001,2.0016,2.0048,311.042,0.5206,6.4239,0.0,1e-05,Z,NaN,NaN
2264042,0.655373,0.65539,0.6554,1.0,391,0.0,0.0,0.0,0.0,0.0,0.0,0.0,0.0,37,0.0,0.0,0.0,0.0,0.0,0.0,0.0,0.0,1.5258,1.5597,29.5465,0.065,8.5938,1.0035,1.0068,311.042,0.2297,9.0274,0.0,3e-05,Z,NaN,NaN
2462460,0.682155,0.0,0.3411,0.0,309,0.0,0.0,0.0,0.0,0.0,0.0,0.0,0.0,0,0.0,0.0,0.0,0.0,0.0,0.0,0.0,0.0,1.4659,1.4905,40.7581,0.0954,7.9786,0.0,0.0,0.0,0.0,0.0,0.0,1.99987,L,NaN,NaN
2464031,0.592292,0.592293,0.5923,1.0,336,0.0932876924972983,0.6,0.7,0.1069102424571064,0.7,0.8,16.39,0.6,135,0.0362641626554681,1.8,1.0,0.0365494405695627,1.7,1.0,16.37,0.47,1.6884,1.7167,35.2361,0.0691,8.1666,1.6884,1.6932,207.4689,0.0202,5.8335,0.13,0.0,L,NaN,NaN
2660232,0.614343,0.614344,0.6143,1.0,497,0.0850893894122822,0.6,0.7,0.1753834676296468,2.4,1.2,16.55,0.65,42,0.0379456834679224,0.7,0.9,0.0363273327038297,1.5,0.9,16.55,0.44,1.6278,1.6616,29.5159,0.0798,10.6209,0.9996,1.0034,267.3797,0.1327,6.0942,0.21,0.0,Z,NaN,NaN
2669011,0.591153,0.591152,0.5912,1.0,450,0.0,0.0,0.0,0.0,0.0,0.0,0.0,0.0,37,0.0,0.0,0.0,0.0,0.0,0.0,0.0,0.0,1.6916,1.7256,29.4464,0.1033,14.9008,1.6916,1.7015,101.1122,0.0942,6.511,0.0,0.0,Z,NaN,NaN
2686860,0.563431,0.563429,0.5634,1.0,98,0.0797381025394157,5.6,1.7,0.1908705378571228,20.6,3.0,15.09,0.81,372,0.0299004253788997,3.6,1.6,0.0579752864401329,32.8,2.7,15.17,0.65,1.7748,1.8021,36.7242,0.1283,6.5041,1.7748,1.7788,251.2563,0.0254,9.816,0.16,0.0,L,NaN,NaN
2742544,0.60703,0.60704,0.607,1.0,496,0.0750059175045334,2.1,1.2,0.121999132897809,7.8,1.6,15.57,0.59,43,0.0259704414567819,2.1,1.1,0.0477491012690566,4.9,1.7,15.47,0.55,1.6474,1.6812,29.577,0.0711,13.8205,1.0003,1.0034,321.5434,0.5098,15.7549,0.04,2e-05,Z,NaN,NaN
2812086,0.646015,0.646,0.646,1.0,296,0.0823589402902304,19.9,3.0,0.0983471808983798,29.4,3.2,14.59,0.61,136,0.0639639877021079,11.7,3.2,0.0639639877021079,11.7,3.2,14.46,0.58,1.548,1.5781,33.173,0.051,7.6062,1.548,1.5519,258.7322,0.0694,10.848,0.03,2e-05,Z,NaN,NaN
2889542,0.570913,0.570916,0.5709,1.0,457,0.0,0.0,0.0,0.0,0.0,0.0,0.0,0.0,37,0.0,0.0,0.0,0.0,0.0,0.0,0.0,0.0,1.7516,1.7855,29.4855,0.0521,11.8677,0.9995,1.0027,311.5265,1.4346,48.0804,0.0,1e-05,Z,NaN,NaN
2892940,0.539855,0.539898,0.5399,1.0001,462,0.0,0.0,0.0,0.0,0.0,0.0,0.0,0.0,37,0.0,0.0,0.0,0.0,0.0,0.0,0.0,0.0,1.8523,1.8862,29.529,0.0783,12.9993,1.0035,1.0077,243.6054,0.5284,36.3813,0.0,8e-05,Z,NaN,NaN
3048546,0.656287,0.656294,0.6563,1.0,291,0.053392455175473,1.6,1.0,0.0767990516267253,5.8,1.3,15.69,0.88,132,0.0225908348889351,1.1,1.0,0.0218243218989851,1.1,0.9,15.79,0.71,1.5237,1.5407,59.0667,0.0747,7.6335,1.5237,1.5278,244.2002,0.0278,5.609,0.17,1e-05,L,NaN,NaN
3117883,0.551379,0.551387,0.5514,1.0,271,0.0797396867483315,1.0,0.9,0.1287809606966292,2.4,1.1,16.19,0.84,232,0.025712229813112,1.7,1.1,0.0309922505202521,4.8,1.3,16.27,0.69,1.8136,1.8345,47.9042,0.0502,6.8083,1.8136,1.8167,323.6246,0.0809,12.0388,0.15,1e-05,Z,NaN,NaN
3132943,0.671746,0.671749,0.6717,1.0,308,0.089782106705305,1.2,0.8,0.1688561602241965,4.6,1.6,15.79,0.42,157,0.0454072562593671,2.6,1.0,0.0851460399407823,7.3,1.7,15.73,0.35,1.4887,1.5168,35.4736,0.0459,5.8783,1.4887,1.4936,201.6129,0.0579,9.1489,0.07,0.0,Z,NaN,NaN
3139572,0.211316,0.366613,0.289,1.7349,275,0.2321890432985547,2.0,1.2,1.0130544975760316,5.0,2.4,16.49,0.39,145,0.1905393165912361,17.9,3.0,0.7905835908908577,39.2,7.8,16.58,0.27,4.7323,4.8029,14.1543,0.0065,12.1472,2.7292,2.7329,268.4564,0.0236,11.2099,0.12,0.53736,NaN,Z,7
3218931,0.693979,0.693941,0.694,0.9999,274,0.0499011100764189,28.8,2.6,0.0671446445832487,48.3,3.4,14.24,0.79,169,0.0460994908451978,5.2,2.1,0.0592330735472654,14.9,2.6,14.28,0.58,1.441,1.5088,14.7395,0.0912,2.4484,1.441,1.4439,354.6099,0.0791,11.6797,0.21,5e-05,NaN,L,6
3219035,0.326746,0.65309,0.4899,1.9988,376,0.2276583527119551,23.9,3.9,0.4986652092197295,45.8,7.0,14.83,0.32,167,0.1506967369947371,17.5,3.0,0.8010478216297248,49.9,9.5,14.93,0.24,3.0605,3.1287,14.6692,0.0327,10.1934,1.0031,1.0285,39.3391,0.0653,4.6379,0.08,0.66614,NaN,Z,9
3497192,0.316746,0.316743,0.3167,1.0,500,0.0,0.0,0.0,0.0,0.0,0.0,0.0,0.0,36,0.0,0.0,0.0,0.0,0.0,0.0,0.0,0.0,3.1571,3.191,29.4898,0.0253,22.0288,1.0524,1.0776,39.6825,0.2484,9.9352,0.0,1e-05,Z,NaN,NaN
3589854,0.612893,0.986573,0.7997,1.6097,468,0.1100567167418435,29.1,3.9,0.6124053714821027,159.5,10.3,14.57,0.49,41,0.6118338796396176,95.7,10.3,0.410544943385752,99.1,7.9,14.58,0.2,1.6316,1.6656,29.4031,0.0565,15.3618,0.5437,0.5688,39.8327,0.214,2.8312,0.29,0.46728,NaN,Z,11
3605747,0.631099,0.631118,0.6311,1.0,220,0.1015138013361819,1.0,1.0,0.1059731023114406,1.0,1.0,15.47,0.37,277,0.1033519845393322,5.6,2.1,0.1071865724312911,6.3,2.2,15.43,0.24,1.5845,1.5985,71.582,0.0758,6.563,1.5845,1.5873,351.4938,0.0389,15.4104,0.13,3e-05,L,NaN,NaN
3632428,0.710123,0.710081,0.7101,0.9999,216,0.1130117741538827,1.1,0.9,0.139286195353819,1.4,1.0,15.65,0.39,361,0.057309122679566,1.7,1.2,0.0633841086201379,2.5,1.4,15.64,0.29,1.4082,1.4121,254.4529,0.1064,8.1744,1.4083,1.412,270.636,0.0416,8.0885,0.1,6e-05,L,NaN,NaN
3649421,0.571508,0.571508,0.5715,1.0,359,0.0,0.0,0.0,0.0,0.0,0.0,0.0,0.0,24,0.0,0.0,0.0,0.0,0.0,0.0,0.0,0.0,1.7498,1.7837,29.4638,0.0839,8.334,1.0013,1.0053,247.8315,0.66,11.201,0.0,0.0,Z,NaN,NaN
3663882,0.341128,0.682259,0.5117,2.0,486,0.104611136896261,47.3,2.4,1.2293146267127613,120.8,11.3,14.55,0.35,42,0.0477114863944004,1.8,1.3,0.4982891080844444,69.3,9.6,14.63,0.3,2.9314,2.9653,29.577,0.0198,17.978,1.0032,1.0063,324.6753,0.173,15.6319,0.05,0.66666,Z,NaN,NaN
3666049,0.528692,0.528696,0.5287,1.0,507,0.0698444684535036,0.6,0.8,0.0815809116347036,1.1,0.9,16.25,0.91,41,0.0259369125662379,1.5,1.0,0.0288025051133869,1.8,1.1,16.3,0.71,1.8915,1.9254,29.4898,0.0499,12.5177,0.9457,0.9647,52.6316,0.2286,10.7285,0.2,1e-05,Z,NaN,NaN
3672628,0.612999,0.612997,0.613,1.0,474,0.0888728184949505,1.4,1.1,0.0941135090417524,1.5,1.1,16.07,0.97,42,0.0285432639112009,1.8,1.2,0.0285970810596661,1.7,1.2,16.22,0.75,1.6313,1.6651,29.577,0.0441,8.6111,1.3159,1.334,55.2486,0.1111,5.9458,0.22,0.0,Z,NaN,NaN
3729253,0.572174,1.000198,0.7862,1.7481,296,0.0,0.0,0.0,0.0,0.0,0.0,0.0,0.0,0,0.0,0.0,0.0,0.0,0.0,0.0,0.0,0.0,1.7477,1.767,51.8672,0.1111,6.6422,0.0,0.0,0.0,0.0,0.0,0.0,0.54442,L,NaN,NaN
3808897,0.650726,0.650732,0.6507,1.0,525,0.1323506799296392,5.9,1.3,0.1740269898871343,6.8,1.6,14.97,0.19,43,0.0836501106199935,1.3,1.2,0.0914366866821885,1.3,1.3,14.88,0.17,1.5367,1.5706,29.5683,0.0298,8.8222,0.8465,0.8685,45.5477,0.1198,6.2451,0.02,1e-05,Z,NaN,NaN
3941776,0.532222,0.53221,0.5322,1.0,271,0.0849813684972384,18.8,2.8,0.1044764391404973,45.4,3.3,14.88,0.77,41,0.0539365533599833,14.2,2.4,0.0619007045166284,16.9,2.7,14.93,0.56,1.8789,1.9253,21.5564,0.065,9.3459,0.9393,0.9603,47.6531,0.1787,9.2066,0.21,2e-05,Z,NaN,NaN
4052762,0.722607,0.722601,0.7226,1.0,252,0.0888568025691873,3.7,2.0,0.0950601556289872,4.3,2.1,15.3,0.59,59,0.0374828981776345,33.9,1.6,0.0383629828840374,34.2,1.6,15.25,0.54,1.3839,1.4202,27.5028,0.0604,5.6731,1.3838,1.4124,35.0263,0.0678,6.1428,0.05,1e-05,Z,NaN,NaN
4182729,0.681458,0.681459,0.6815,1.0,299,0.0524278412695954,1.6,1.1,0.1256024250137483,12.3,2.1,14.93,0.54,334,0.0461305460220765,2.4,1.3,0.0578251556183474,7.0,1.6,14.89,0.42,1.4674,1.4722,211.8644,0.057,7.4245,1.4675,1.4703,345.4231,0.0626,13.0882,0.12,0.0,L,NaN,NaN
4320492,0.361005,0.360942,0.361,0.9998,480,0.0,0.0,0.0,0.0,0.0,0.0,0.0,0.0,39,0.0,0.0,0.0,0.0,0.0,0.0,0.0,0.0,2.77,2.8039,29.5116,0.0479,22.7361,2.7706,2.7737,322.5806,0.0659,8.2391,0.0,0.00017,Z,NaN,NaN
4343459,0.572793,0.572789,0.5728,1.0,412,0.0,0.0,0.0,0.0,0.0,0.0,0.0,0.0,33,0.0,0.0,0.0,0.0,0.0,0.0,0.0,0.0,1.7458,1.7797,29.4855,0.0617,15.2641,1.7458,1.749,313.9717,0.216,11.8017,0.0,1e-05,Z,NaN,NaN
4346704,0.329694,0.329698,0.3297,1.0,361,0.0,0.0,0.0,0.0,0.0,0.0,0.0,0.0,32,0.0,0.0,0.0,0.0,0.0,0.0,0.0,0.0,3.0331,3.067,29.5334,0.0152,19.1436,3.033,3.0528,50.6073,0.0848,8.4791,0.0,1e-05,Z,NaN,NaN
4347489,0.29799,0.29799,0.298,1.0,374,0.0,0.0,0.0,0.0,0.0,0.0,0.0,0.0,32,0.0,0.0,0.0,0.0,0.0,0.0,0.0,0.0,3.3558,3.3897,29.5203,0.0188,18.3306,1.1186,1.13,88.0282,0.1509,5.3723,0.0,0.0,Z,NaN,NaN
4359545,0.514304,0.514309,0.5143,1.0,278,0.1367601925440798,19.8,2.9,0.1392390492189775,20.8,2.8,15.32,0.69,143,0.0902779541694969,16.9,3.3,0.1076994736665903,18.5,3.8,15.41,0.48,1.9444,2.0028,17.1086,0.0432,4.3282,1.9444,1.9472,351.4938,0.078,21.3258,0.21,1e-05,NaN,Z,6
4544582,0.581309,0.581318,0.5813,1.0,417,0.0,0.0,0.0,0.0,0.0,0.0,0.0,0.0,38,0.0,0.0,0.0,0.0,0.0,0.0,0.0,0.0,1.7203,1.7542,29.4724,0.0864,15.9996,1.7203,1.743,43.9271,0.0616,6.6642,0.0,2e-05,Z,NaN,NaN
4545362,0.52132,0.521322,0.5213,1.0,483,0.0,0.0,0.0,0.0,0.0,0.0,0.0,0.0,38,0.0,0.0,0.0,0.0,0.0,0.0,0.0,0.0,1.9182,1.952,29.634,0.0608,13.004,2.006,2.0117,176.0563,0.3832,42.7051,0.0,0.0,Z,NaN,NaN
4620408,0.803871,0.803873,0.8039,1.0,582,0.1070699462121952,1.5,1.1,0.1190343469436644,2.6,1.2,15.62,0.38,48,0.0343919725193106,1.5,1.0,0.0402672977620642,1.2,1.1,15.63,0.32,1.244,1.2468,357.1429,0.0949,16.3557,2.0024,2.0269,40.7997,0.0594,7.3124,0.06,0.0,Z,NaN,NaN
4670587,0.357698,1.07312,0.7154,3.0001,555,0.2190855687228528,31.8,4.1,0.1864763216137205,27.6,4.3,15.01,0.38,45,0.1809724132136064,21.4,4.7,0.1980250258388045,24.0,4.9,14.95,0.4,2.7957,2.7985,355.8719,0.0312,22.2632,0.0768,0.0801,297.619,0.6133,0.5715,0.02,1.00003,NaN,L,6
4912051,0.571577,0.571439,0.5715,0.9998,638,0.1480967267654705,9.4,2.1,0.2816984620690638,25.5,3.2,15.61,0.63,45,0.152787629872435,38.7,5.1,0.1838179751908127,42.4,5.7,15.74,0.42,1.7495,1.7835,29.4855,0.0387,11.1132,2.0034,2.0944,10.986,0.0631,4.6099,0.21,0.00024,NaN,Z,7
5037484,0.622999,0.622996,0.623,1.0,376,0.0474472663885891,3.2,1.4,0.0486231451377715,3.4,1.4,15.04,0.89,46,0.0182704453606811,1.3,1.1,0.0194436209843872,1.4,1.2,15.11,0.74,1.6051,1.6405,28.3046,0.0461,8.5066,1.6051,1.6237,53.9229,0.0607,6.9275,0.15,0.0,Z,NaN,NaN
5095929,0.280684,0.561366,0.421,2.0,288,0.2289531607844867,0.9,0.8,0.7850387578253576,2.4,1.6,16.63,0.32,50,0.0583924004585644,1.2,1.2,0.364802303808424,26.8,4.7,16.53,0.35,3.5627,3.6304,14.7743,0.0074,7.6702,1.1876,1.1966,111.5449,0.0866,7.8601,0.03,0.6667,Z,NaN,NaN
5272753,0.485827,0.48583,0.4858,1.0,601,0.0373204491087362,1.5,0.9,0.1185391750511467,22.6,2.4,15.43,1.09,48,0.0283041430677172,3.4,1.7,0.0413431058429668,7.6,2.3,15.56,0.79,2.0583,2.0861,35.9777,0.0533,14.7049,2.0029,2.0399,26.9869,0.0436,5.4898,0.3,1e-05,L,NaN,NaN
5308380,0.609172,0.609168,0.6092,1.0,487,0.1005733443858847,1.6,1.1,0.1691940135796249,4.7,1.5,16.03,0.69,51,0.0261807488134784,1.5,1.1,0.0144326924795236,1.5,0.6,16.19,0.63,1.6416,1.6755,29.5116,0.0514,12.0085,1.6416,1.663,46.62,0.0635,7.6036,0.06,1e-05,Z,NaN,NaN
5374444,0.361871,0.361867,0.3619,1.0,329,0.1934306327030606,3.0,1.5,0.3390427110948498,6.8,2.2,15.99,0.35,46,0.0747760550364845,7.9,2.0,0.119574422407374,11.9,3.0,15.96,0.35,2.7634,2.8339,14.1804,0.0197,9.7332,2.7634,2.7821,53.5762,0.0545,8.4559,0.0,1e-05,Z,NaN,NaN
5416042,0.792183,0.792183,0.7922,1.0,310,0.1144392803220357,1.9,1.1,0.1286548322284763,2.2,1.3,15.8,0.44,50,0.0358548306549412,1.5,1.0,0.043632837262102,1.5,1.2,15.74,0.39,1.2623,1.2997,26.738,0.0592,10.0662,1.2623,1.2654,321.0273,0.0819,7.2284,0.05,0.0,Z,NaN,NaN
5549773,0.374917,0.374914,0.3749,1.0,533,0.0908883145126392,0.6,0.7,0.2162181249210668,2.5,1.5,16.02,0.38,45,0.03873203379009,0.9,0.9,0.0476622515083378,1.3,1.0,16.01,0.28,2.6673,2.7012,29.4681,0.0441,20.1079,2.6673,2.6704,320.5128,0.0681,11.7372,0.1,1e-05,Z,NaN,NaN
5895287,0.539169,0.539185,0.5392,1.0,522,0.0953663155453932,5.2,1.7,0.1776140311812703,21.1,2.6,15.53,0.75,45,0.0706433938704408,13.4,2.9,0.0740476865401576,13.2,3.2,15.65,0.52,1.8547,1.8887,29.4594,0.0689,14.0426,1.8547,1.8773,44.1112,0.0533,5.0133,0.23,3e-05,Z,NaN,NaN
5931160,0.6647,0.664704,0.6647,1.0,587,0.0511306764252143,0.9,0.8,0.0511306764252143,0.9,0.8,15.17,0.35,45,0.0464321930038345,1.0,1.0,0.0501109555152633,1.1,1.1,15.1,0.26,1.5044,1.5383,29.5421,0.0822,14.5345,1.5044,1.5162,84.4951,0.0545,5.832,0.09,1e-05,Z,NaN,NaN
6159569,0.340561,0.34056,0.3406,1.0,280,0.1079044097618869,3.6,1.7,0.5110552882989267,29.9,5.2,14.91,0.33,59,0.0450974089847084,1.4,1.1,0.1034439131308495,9.7,2.9,14.96,0.26,2.9363,3.0069,14.1633,0.0478,16.4214,1.0005,1.0047,234.7418,0.0806,6.5949,0.07,0.0,Z,NaN,NaN
6701688,0.650411,0.650418,0.6504,1.0,618,0.0769575657641194,7.8,2.0,0.0882532183640798,9.0,2.2,14.46,0.34,41,0.0396403771893618,1.8,1.1,0.047799622187689,2.0,1.3,14.39,0.3,1.5375,1.5713,29.5465,0.0725,12.1783,1.5375,1.5594,45.5166,0.0691,5.6081,0.04,1e-05,Z,NaN,NaN
6711303,0.416364,0.416368,0.4164,1.0,620,0.1956970983784891,4.4,1.6,0.4285400144190501,8.7,2.1,15.91,0.36,42,0.1411193299889263,24.9,4.3,0.2175217025366166,42.5,5.7,15.83,0.36,2.4017,2.4384,27.2926,0.0258,14.5172,1.201,1.2244,42.6439,0.0994,5.684,0.0,1e-05,Z,NaN,NaN
6819457,0.436282,0.436262,0.4363,1.0,325,0.1202477732611472,32.5,3.6,0.1412982591305585,55.3,4.4,15.03,0.95,101,0.1450594630788183,72.9,7.7,0.1887312138366516,109.0,9.3,15.24,0.64,2.2921,2.295,346.0208,0.0669,9.4986,2.2922,2.3845,10.8307,0.031,8.8971,0.31,5e-05,NaN,Z,9
6834724,0.384743,0.384749,0.3847,1.0,299,0.0832201085263003,2.0,1.1,0.6233797546871375,22.2,4.6,15.42,0.42,56,0.0330749253331948,2.0,1.0,0.1289676118622062,19.6,3.4,15.44,0.33,2.5991,2.6697,14.1814,0.0251,10.7755,1.2995,1.3254,38.7447,0.0558,5.6378,0.09,2e-05,Z,NaN,NaN
6918683,0.344067,0.344073,0.3441,1.0,268,0.0842046072148762,1.3,1.1,0.6096169012421491,17.6,4.5,15.49,0.44,57,0.0447718809592061,1.3,1.2,0.1013221488073679,23.5,2.7,15.56,0.32,2.9064,2.9769,14.1844,0.0393,14.3588,1.4532,1.4626,106.0445,0.0532,8.3227,0.12,2e-05,Z,NaN,NaN
7124989,0.613706,0.613704,0.6137,1.0,608,0.0357477731977583,1.5,0.9,0.0391550143283923,2.9,1.0,15.21,0.84,42,0.026571006954009,2.4,1.4,0.0247435973326531,2.5,1.2,15.25,0.63,1.6294,1.6633,29.5029,0.0412,11.8879,1.6295,1.6408,88.5347,0.0601,6.0297,0.21,0.0,Z,NaN,NaN
7131981,0.662521,0.66252,0.6625,1.0,569,0.0413357733028558,2.4,1.2,0.0706562196223289,8.3,1.9,15.21,0.75,48,0.0163003419403491,1.1,0.8,0.0173416367224662,1.8,0.9,15.19,0.57,1.5094,1.5432,29.5465,0.0544,12.6425,1.5094,1.5138,224.2152,0.0724,8.3827,0.18,0.0,Z,NaN,NaN
7254801,0.561133,0.561069,0.5611,0.9999,310,0.1101452466786472,2.2,1.3,0.2067481525014068,6.3,1.8,15.88,0.63,52,0.0988994725165401,7.4,2.7,0.0918449562771648,9.2,2.6,16.02,0.41,1.7821,1.8527,14.1563,0.055,6.4741,1.7823,1.8659,11.9725,0.0434,3.0673,0.22,0.00011,NaN,Z,6
7279621,0.415469,0.830919,0.6232,2.0,324,0.1860246000311332,5.0,1.9,0.3745621136972341,14.2,3.1,15.59,0.38,59,0.1333001466219527,19.4,3.5,1.0557282601514826,77.6,10.9,15.57,0.31,2.4069,2.5166,9.1183,0.0311,5.3593,1.2035,1.2394,27.8087,0.0411,4.9316,0.07,0.66664,NaN,Z,7
7411461,0.467033,0.46704,0.467,1.0,552,0.0649120947218648,2.4,1.0,0.1979256312134714,14.8,2.6,15.83,1.09,42,0.0194802472159809,1.4,1.1,0.0433373846278874,15.8,2.2,15.96,0.87,2.1412,2.1751,29.4811,0.0736,14.6889,1.1383,1.1415,318.4713,0.1433,5.4843,0.22,1e-05,Z,NaN,NaN
7535651,0.594803,0.594804,0.5948,1.0,263,0.0513408650460581,3.8,1.3,0.0528940852771697,4.1,1.3,15.05,1.06,156,0.0256971223425267,2.2,1.3,0.0308379469513731,2.4,1.5,15.21,0.77,1.6812,1.7209,25.2302,0.0528,6.6067,1.6812,1.6843,321.0273,0.0528,16.9854,0.29,0.0,Z,NaN,NaN
7555727,0.990143,0.393012,0.6916,0.3969,260,0.3935586357489468,7.6,2.9,0.7881926541460299,11.5,3.8,15.55,0.32,190,0.0924352815113375,4.9,1.9,2.5316416704991385,52.6,10.0,15.58,0.27,1.01,1.0271,58.4283,0.1131,9.1663,2.5444,2.5479,287.3563,0.0065,9.7436,0.05,0.86341,NaN,L,6
7593064,0.745898,0.745895,0.7459,1.0,478,0.0,0.0,0.0,0.0,0.0,0.0,0.0,0.0,39,0.0,0.0,0.0,0.0,0.0,0.0,0.0,0.0,1.3407,1.3745,29.5552,0.068,11.9132,1.3407,1.3683,36.2188,0.1252,8.9238,0.0,0.0,Z,NaN,NaN
7736895,0.286974,0.286978,0.287,1.0,354,0.0,0.0,0.0,0.0,0.0,0.0,0.0,0.0,32,0.0,0.0,0.0,0.0,0.0,0.0,0.0,0.0,3.4846,3.5185,29.5465,0.0349,21.6028,1.4958,1.5089,76.2777,0.1525,6.6119,0.0,1e-05,Z,NaN,NaN
7908628,0.549017,0.549028,0.549,1.0,263,0.049393632475553,1.8,1.1,0.1143579694850935,8.0,1.9,15.27,0.88,140,0.0231923954620015,2.6,1.2,0.0492276192490001,10.2,2.3,15.36,0.65,1.8214,1.8442,43.9657,0.0674,7.1387,1.8214,1.8245,326.7974,0.0485,10.0699,0.23,2e-05,L,NaN,NaN
8015684,0.365534,0.365534,0.3655,1.0,367,0.0804129828549423,2.4,1.3,0.3993202270683575,24.2,4.6,15.22,0.42,69,0.0366034789278371,1.0,0.9,0.1109815914860013,8.2,2.8,15.28,0.28,2.7357,2.7696,29.4985,0.0627,17.695,1.3679,1.3776,102.6694,0.0556,5.8036,0.14,0.0,Z,NaN,NaN
8130793,0.640631,0.64051,0.6406,0.9998,256,0.1558503830525026,17.3,3.4,0.2065782464143669,20.7,3.7,14.72,0.35,52,0.0677909287496082,3.4,1.6,0.128148419639646,16.3,3.2,14.64,0.31,1.561,1.5998,25.7334,0.0537,5.1508,1.5612,1.5645,307.2197,0.1411,8.2011,0.04,0.00019,Z,NaN,NaN
8405435,0.666743,0.666739,0.6667,1.0,260,0.0521396537620668,1.1,0.9,0.1175294763638534,6.0,1.8,15.49,0.67,192,0.0248233435669648,1.7,1.0,0.049815504407301,7.3,1.9,15.52,0.54,1.4998,1.5056,172.5626,0.0853,7.0839,1.4998,1.5057,170.3578,0.0159,11.3091,0.13,1e-05,L,NaN,NaN
8428593,0.955946,0.468273,0.7121,0.4899,299,0.1338847076011537,51.2,4.6,0.499911376824514,141.9,10.5,15.12,1.07,192,0.0303694046646745,4.0,1.7,1.105920705464542,204.1,16.6,15.2,0.87,1.0461,1.0492,323.1018,0.102,2.1945,2.1355,2.1383,357.1429,0.0354,14.3974,0.2,0.68484,NaN,NaN,6
8610884,0.592421,0.592429,0.5924,1.0,277,0.1523754075287486,6.3,2.2,0.1723918439905297,7.8,2.3,15.48,0.45,168,0.1211464798242824,25.8,3.6,0.1493304242324126,30.8,4.2,15.41,0.39,1.688,1.7144,37.843,0.0504,9.1348,1.6879,1.6908,351.4938,0.0467,14.3497,0.06,1e-05,L,NaN,NaN
8627194,0.623205,0.62321,0.6232,1.0,359,0.0794456254454997,0.8,0.8,0.0823300680738104,0.8,0.7,16.18,0.57,60,0.0337864214354582,1.2,1.0,0.0377302535027694,2.1,1.0,16.15,0.44,1.6046,1.6725,14.7297,0.0693,8.3738,0.9998,1.0068,143.1639,0.0867,7.3504,0.13,1e-05,Z,NaN,NaN
8640362,0.33272,0.688383,0.5106,2.069,444,0.1340560051433908,12.6,4.1,1.1435749044069872,12.2,3.7,15.73,1.28,59,0.0762149492600138,2.2,1.5,0.7110598713693229,34.4,7.4,15.83,0.28,3.0055,3.0373,31.4367,0.0118,6.9057,1.4527,1.4948,23.7135,0.0349,6.1598,1.0,0.69656,NaN,L,8
9075982,0.501585,1.139937,0.8208,2.2727,264,0.0,0.0,0.0,0.0,0.0,0.0,0.0,0.0,12,0.0,0.0,0.0,0.0,0.0,0.0,0.0,0.0,1.9937,2.0028,109.2299,0.0804,13.987,0.8772,0.8937,60.5877,51.5938,61.7455,0.0,0.77772,Z,NaN,NaN
9176715,0.341009,0.537807,0.4394,1.5771,174,0.2092420197378305,39.1,3.7,0.421162889860952,62.2,5.6,14.89,0.57,447,0.0538184822281934,11.6,2.6,1.2401155408282831,208.7,17.0,14.78,0.65,2.9325,2.9514,52.8402,0.0331,5.3094,1.8594,1.9311,13.9509,0.0162,12.1666,0.08,0.44788,NaN,Z,9
9449335,0.47572,0.475695,0.4757,0.9999,257,0.0880160444188826,15.1,2.0,0.1994369566018622,44.7,4.2,15.24,0.89,127,0.0652726873709067,14.1,3.2,0.0610744433288002,16.6,3.0,15.4,0.62,2.1021,2.1359,29.5465,0.1036,11.6301,2.1022,2.1519,20.1167,0.0293,10.6744,0.27,5e-05,NaN,Z,6
9818617,0.626065,0.626066,0.6261,1.0,267,0.0676212595147736,0.9,0.8,0.152023718881737,4.1,1.5,16.12,0.76,62,0.0265025487428007,2.0,1.0,0.0730583281843572,20.7,2.3,16.12,0.62,1.5973,1.6048,133.6005,0.0798,6.3692,1.5973,1.6001,352.7337,0.0598,10.4412,0.14,0.0,L,NaN,NaN
9852554,0.651339,0.651367,0.6514,1.0,339,0.1352235083563752,1.1,1.0,0.2185213542747079,3.3,1.4,16.42,0.67,61,0.1031123478070568,11.5,2.9,0.1344604947064863,21.3,3.7,16.43,0.53,1.5353,1.557,46.0617,0.0544,7.4618,1.5353,1.5383,330.5785,0.062,9.9232,0.14,4e-05,L,NaN,NaN
9854852,0.668734,0.668731,0.6687,1.0,294,0.028590180148596,2.3,0.8,0.1175753507327228,19.0,2.7,15.04,0.65,57,0.029653929344594,2.1,1.3,0.0741538866490139,14.1,2.9,15.09,0.55,1.4954,1.5012,171.3796,0.0733,11.4712,1.4954,1.5129,56.9152,0.0381,6.4193,0.1,0.0,L,NaN,NaN
9856232,0.626142,0.626129,0.6261,1.0,335,0.1129414698031987,24.3,3.4,0.1408488483504552,50.8,3.7,14.98,0.83,60,0.0694718431466781,35.3,2.9,0.0939246290019821,48.5,4.4,15.09,0.51,1.5971,1.6337,27.3187,0.0657,5.0604,1.5971,1.6,348.4321,0.1508,18.6717,0.32,2e-05,NaN,Z,6
9918809,0.47946,0.479629,0.4795,1.0004,265,0.1662627594748201,7.8,1.9,0.1793289888569018,8.9,2.7,15.81,0.6,116,0.3273085524093562,91.3,9.4,0.2701689931967261,88.9,9.6,15.92,0.39,2.0857,2.1556,14.3113,0.0438,5.8301,1.0424,1.0553,77.2201,0.0278,8.0209,0.21,0.00035,NaN,Z,7
9961135,0.590896,0.590888,0.5909,1.0,296,0.0866729122113347,2.6,1.1,0.0853298184694495,2.7,1.1,15.58,0.57,64,0.0824952334902023,5.0,2.1,0.0590171649064154,5.2,1.6,15.56,0.44,1.6923,1.7099,57.0288,0.0961,7.3855,1.6924,1.6952,350.8772,0.1352,17.462,0.13,1e-05,L,NaN,NaN
10324405,0.569863,0.569863,0.5699,1.0,457,0.0867875744302481,1.5,0.9,0.1724539116144525,6.2,1.4,16.14,0.8,58,0.0309607494644915,1.5,1.3,0.0685740534461844,12.3,2.8,16.16,0.65,1.7548,1.7886,29.5814,0.0508,12.4758,1.7548,1.7584,276.6252,0.0605,11.7837,0.15,0.0,Z,NaN,NaN
10481905,0.48472,0.484775,0.4847,1.0001,510,0.1163592439032196,18.1,2.6,0.1727531703806732,27.7,3.6,15.11,0.71,54,0.0559533674005831,47.3,3.0,0.158029645126425,120.9,7.1,15.1,0.66,2.063,2.097,29.4898,0.0528,11.9191,1.0001,1.0041,248.4472,0.0519,4.9607,0.05,0.00011,NaN,Z,6
10503746,0.573563,0.57357,0.5736,1.0,264,0.0851732951320413,12.8,2.7,0.1810608971291998,69.5,4.8,14.87,0.83,97,0.0436064028738781,3.8,1.3,0.0782313612633541,12.9,2.2,15.03,0.54,1.7435,1.7576,70.9471,0.07,7.171,1.7435,1.7463,349.0401,0.0382,16.0342,0.29,1e-05,L,NaN,NaN
10575954,0.61381,0.613817,0.6138,1.0,335,0.0444286752585933,3.4,1.5,0.0491911433429093,8.7,1.5,14.78,0.9,54,0.0311761424382961,2.9,1.3,0.0425439787826709,9.5,1.6,14.8,0.71,1.6292,1.632,356.5062,0.1276,22.2366,1.0019,1.0214,51.4403,0.0551,5.151,0.19,1e-05,Z,NaN,NaN
10578950,0.336025,0.336028,0.336,1.0,428,0.0837144716839496,4.7,2.1,0.364093842847891,37.8,5.4,14.72,0.38,51,0.0838934344823165,2.0,1.5,0.2552540718637577,19.4,4.2,14.72,0.31,2.976,3.0098,29.6033,0.0389,17.0199,1.4879,1.5053,57.7701,0.0568,6.6749,0.07,1e-05,Z,NaN,NaN
10655742,0.513675,0.99463,0.7542,1.9363,270,0.0,0.0,0.0,0.0,0.0,0.0,0.0,0.0,0,0.0,0.0,0.0,0.0,0.0,0.0,0.0,0.0,1.9468,1.9747,35.7718,0.0727,8.897,0.0,0.0,0.0,0.0,0.0,0.0,0.6377,L,NaN,NaN
10725047,0.483728,0.0,0.2419,0.0,319,0.0,0.0,0.0,0.0,0.0,0.0,0.0,0.0,0,0.0,0.0,0.0,0.0,0.0,0.0,0.0,0.0,2.0673,2.0888,46.5549,0.1146,11.1101,0.0,0.0,0.0,0.0,0.0,0.0,1.9997,L,NaN,NaN
10841805,0.341314,0.603905,0.4726,1.7694,193,0.3358843966654042,3.9,1.7,0.4669193101284327,5.7,2.6,16.04,0.4,367,0.1782557423401962,12.3,3.2,1.7752508519942387,45.5,7.2,16.13,0.25,2.9299,2.9637,29.5727,0.0375,5.1244,1.6559,1.6667,92.3361,0.0047,10.8781,0.15,0.55563,NaN,Z,6
10980498,0.278969,0.278971,0.279,1.0,309,0.1674169685148984,1.1,1.0,0.7041581916507375,5.7,2.7,15.94,0.33,45,0.1219735198104405,6.9,2.2,0.2499743720977182,21.5,4.9,15.91,0.27,3.5846,3.5874,357.1429,0.0804,29.0508,1.1949,1.2092,69.5652,0.0843,6.2359,0.06,1e-05,Z,NaN,NaN
11296138,0.618447,0.618463,0.6185,1.0,263,0.0930990116413891,14.5,2.8,0.2419939738239364,71.6,4.9,14.71,0.49,58,0.0658145828860534,13.3,2.2,0.093029877989988,28.0,3.3,14.68,0.43,1.617,1.6398,43.8116,0.0742,5.4876,1.0008,1.0119,90.7029,0.0787,8.0901,0.06,3e-05,Z,NaN,NaN
11366353,0.266815,0.266816,0.2668,1.0,260,0.0759425829135548,20.5,2.6,0.4431091930187691,126.9,12.2,14.15,0.37,40,0.0327595351616696,1.1,1.0,0.0690766751585814,26.1,2.2,14.09,0.34,3.7479,3.7846,27.2814,0.0541,28.9419,1.2493,1.2601,92.3361,0.1342,7.9387,0.03,0.0,Z,NaN,NaN
11382007,0.642531,0.642531,0.6425,1.0,278,0.0,0.0,0.0,0.0,0.0,0.0,0.0,0.0,39,0.0,0.0,0.0,0.0,0.0,0.0,0.0,0.0,1.5563,1.5592,355.8719,0.1718,12.3746,1.0027,1.0161,74.4325,0.1312,5.5901,0.0,0.0,Z,NaN,NaN
11667249,0.33015,0.330147,0.3301,1.0,281,0.071875508633163,1.5,1.1,0.7546632161608017,27.6,5.7,15.24,0.41,71,0.0470116278374892,1.6,1.2,0.4781224221347009,54.4,8.1,15.32,0.32,3.0289,3.0655,27.3373,0.0251,9.4797,1.003,1.0097,148.6989,0.1153,11.4146,0.09,1e-05,Z,NaN,NaN
11953092,0.323151,0.488129,0.4056,1.5105,256,0.1150686094789045,3.7,1.9,0.7167037484853097,33.2,6.3,15.02,0.33,59,0.1255648366603342,10.1,2.8,0.5806988928215912,51.0,8.4,15.02,0.27,3.0945,3.1284,29.5334,0.0219,8.4815,2.0486,2.0947,21.725,0.0493,8.0384,0.06,0.40675,NaN,Z,7
12246346,0.512537,0.512518,0.5125,1.0,201,0.1370865500720815,2.4,1.3,0.2056388093102887,6.7,1.7,16.0,0.87,573,0.0640073301046558,19.1,2.5,0.0719633886398393,24.7,2.8,16.09,0.65,1.9511,1.9546,282.8854,0.0989,5.7357,1.9512,1.977,38.7597,0.0153,22.9224,0.22,4e-05,L,NaN,NaN
12246627,0.661061,0.661062,0.6611,1.0,229,0.1213816445590483,1.0,0.9,0.1619137480949287,1.4,1.1,16.28,0.69,587,0.0406937606455951,2.4,1.4,0.0634015698791518,8.9,1.9,16.32,0.54,1.5127,1.5328,49.8629,0.1741,11.4986,1.5127,1.5357,43.5825,0.0076,17.9598,0.15,0.0,L,NaN,NaN
12252043,0.340085,0.704536,0.5223,2.0716,188,0.3105932907682653,12.7,3.1,0.435986505691556,22.8,4.4,15.7,0.63,591,0.0264886757475666,1.9,1.2,1.0628669479634094,151.8,14.2,15.71,0.65,2.9404,2.9574,59.0842,0.0457,5.1454,1.4194,1.4292,102.0408,0.002,5.9673,0.02,0.69778,NaN,L,6
12286050,0.705724,0.705725,0.7057,1.0,229,0.1455429653353622,0.6,0.8,0.1689085076800203,1.0,0.9,16.57,0.6,717,0.0394592036291769,1.4,1.0,0.048897390915894,2.2,1.2,16.55,0.46,1.417,1.444,37.0508,0.0822,9.3594,1.417,1.4733,17.7715,0.0039,9.9663,0.14,0.0,L,NaN,NaN
13970971,0.624584,0.624581,0.6246,1.0,199,0.0325126372368389,1.9,1.3,0.0514555650423987,4.1,1.7,14.71,0.88,374,0.0220706836939017,2.5,1.4,0.0250561111302148,6.9,1.5,14.75,0.69,1.6011,1.6183,58.0215,0.0917,5.1559,1.6011,1.6677,15.0173,0.0087,7.6616,0.19,0.0,L,NaN,NaN
14225011,0.61038,0.610382,0.6104,1.0,167,0.0477882135410805,1.2,1.0,0.0877881001466595,3.9,1.7,15.29,0.69,497,0.0280050314603266,1.5,1.0,0.0322546090182174,2.8,1.1,15.31,0.51,1.6383,1.6486,96.9462,0.1335,8.3254,1.6383,1.6482,101.3685,0.0033,11.1878,0.18,0.0,L,NaN,NaN
14229885,0.600104,0.600114,0.6001,1.0,260,0.0267755609143822,2.5,1.2,0.0283699023784537,4.2,1.2,14.59,0.99,210,0.0226044520491866,2.7,1.5,0.0294601142193779,12.1,1.9,14.66,0.8,1.6664,1.6796,75.815,0.133,7.4706,1.6663,1.676,103.6269,0.0153,12.6945,0.19,2e-05,L,NaN,NaN
14315049,0.573357,0.573354,0.5734,1.0,169,0.0478007199997787,1.6,1.2,0.155937041381228,18.7,2.7,15.11,0.7,345,0.0313481978972865,2.3,1.3,0.0667349128507327,18.3,2.3,15.11,0.53,1.7441,1.7718,36.1272,0.0747,5.2717,1.7441,1.7484,233.3722,0.0086,13.5704,0.17,1e-05,L,NaN,NaN
14773579,0.557481,0.557481,0.5575,1.0,191,0.0382368281143665,1.2,1.1,0.0735294619386988,8.7,1.6,14.79,0.79,355,0.0320662259544729,2.3,1.3,0.035173950562428,4.7,1.4,14.84,0.58,1.7938,1.8183,40.7083,0.082,9.199,1.7938,1.8635,14.3431,0.0027,10.4382,0.21,0.0,L,NaN,NaN
14988624,0.58418,0.58418,0.5842,1.0,151,0.0597259513108889,0.7,0.8,0.0728678467122421,2.2,1.0,15.91,0.75,345,0.0244303798305829,1.7,1.0,0.0347581076416444,5.6,1.3,15.92,0.55,1.7118,1.7165,211.4165,0.1193,6.213,1.7118,1.716,238.0952,0.0103,15.4793,0.2,0.0,L,NaN,NaN
15028927,0.660224,0.660229,0.6602,1.0,219,0.0638514943351565,0.7,0.7,0.0776728845379257,1.3,0.9,16.11,0.85,347,0.03154632105214,1.8,1.3,0.0363120988128,8.0,1.5,16.15,0.65,1.5146,1.5384,42.1319,0.0795,7.221,1.5146,1.5174,357.1429,0.0561,14.9109,0.2,1e-05,L,NaN,NaN
15052183,1.29663,0.529531,0.9131,0.4084,54,0.1107324117210628,8.0,3.2,0.0994419188564546,27.9,3.7,14.83,0.86,656,0.0272694740769583,3.0,1.5,1.3629692837467744,218.7,16.0,15.49,0.73,0.7712,0.792,48.2276,0.6361,5.9293,1.8885,1.9456,17.4948,0.0235,15.4883,0.13,0.8401,L,NaN,NaN
15075296,0.524657,0.52466,0.5247,1.0,266,0.0610103505710876,1.0,0.8,0.2474227571938468,13.3,2.5,15.79,1.04,340,0.0289475518294492,2.8,1.6,0.0514384748477142,23.6,2.4,15.9,0.78,1.906,1.9229,59.0493,0.0851,6.2268,1.906,1.9541,20.7598,0.0065,10.6015,0.26,1e-05,L,NaN,NaN
16127031,0.247251,0.573811,0.4105,2.3208,204,0.3928107075185199,7.2,3.0,0.5253687157172398,8.7,3.3,16.22,0.51,291,0.0294766954175127,1.5,1.0,1.0388279595446142,93.5,11.2,16.15,0.58,4.0445,4.1379,10.7015,0.0176,7.3968,1.7427,1.7456,352.1127,0.0274,23.6705,0.07,0.79552,NaN,L,7
16184621,0.554919,0.293818,0.4244,0.5295,91,0.0755943642099069,13.3,3.0,0.5968919558159798,128.7,13.2,13.88,0.4,330,0.048957080983202,1.1,0.9,1.800112919959775,45.2,9.2,13.89,0.29,1.8021,1.811,112.2965,0.1271,7.3762,3.4035,3.4077,234.192,0.0031,16.0094,0.11,0.61522,L,NaN,NaN
16259674,0.575146,0.575151,0.5751,1.0,179,0.0457181878702399,1.3,0.8,0.1443761419671072,9.4,2.0,15.26,0.73,348,0.0433527008248936,3.5,1.6,0.075497095000379,19.9,2.4,15.27,0.56,1.7387,1.7654,37.4322,0.1396,6.514,1.7387,1.7425,261.4379,0.0049,10.3323,0.17,1e-05,L,NaN,NaN
16295811,0.499243,0.508132,0.5037,1.0178,202,0.1845736655219043,8.4,2.2,0.1700974075707373,4.1,1.7,15.67,1.08,365,0.1081985644523291,18.3,3.5,0.2040036914502306,66.1,5.5,16.12,0.49,2.003,2.0382,28.4293,0.1686,9.144,1.968,1.9853,57.7201,0.0204,16.3848,0.59,0.01765,NaN,Z,8
16494763,0.441664,0.441659,0.4417,1.0,252,0.1020324371461935,27.1,3.8,0.1782699312831078,85.6,6.9,14.48,0.75,139,0.1043628686508395,19.9,3.5,0.1645087910665722,63.3,5.2,14.62,0.53,2.2642,2.3164,19.1333,0.0948,4.6787,2.2642,2.2783,70.9975,0.0092,13.2963,0.22,1e-05,NaN,Z,6
16496571,0.607485,0.607498,0.6075,1.0,210,0.0349757692906981,1.5,1.1,0.0322420692128077,1.7,1.1,14.72,0.7,272,0.032392160511971,3.1,1.3,0.0313775350251761,3.0,1.4,14.71,0.57,1.6461,1.6655,51.6929,0.0617,5.0549,1.6461,1.6641,55.4785,0.0058,8.1556,0.13,2e-05,L,NaN,NaN
16670893,0.48649,0.48652,0.4865,1.0001,195,0.1446145221415769,2.2,1.2,0.1305234980627989,2.4,1.1,16.13,0.68,355,0.1537779087286366,37.4,5.8,0.1651031309248309,40.4,6.1,16.25,0.57,2.0555,2.082,37.7786,0.0828,5.9729,2.0554,2.0591,272.4796,0.0099,8.6634,0.11,6e-05,L,NaN,NaN
16728832,0.567432,0.567317,0.5674,0.9998,198,0.128285010003635,2.0,1.2,0.1755451773372696,2.9,1.5,15.91,0.68,373,0.1576554114687682,20.0,4.1,0.1971046293906763,34.9,5.0,16.11,0.37,1.7623,1.8328,14.1945,0.0906,4.9402,1.7627,1.7672,221.2389,0.0053,12.2172,0.31,0.0002,NaN,Z,6
16846842,0.607479,0.607474,0.6075,1.0,402,0.0870071168903232,1.5,0.7,0.1247445986079611,2.4,1.1,16.2,0.49,48,0.0323263054659922,1.4,0.8,0.0292432711513887,3.0,0.8,16.26,0.38,1.6461,1.649,349.6503,0.0682,13.8019,1.6462,1.6507,223.4637,0.0942,8.2959,0.11,1e-05,Z,NaN,NaN
17082055,1.146783,1.146788,1.1468,1.0,530,0.0680740269606789,1.5,1.1,0.0707607300952533,1.7,1.1,15.94,0.89,40,0.0187655477505716,0.8,0.8,0.0162982832562918,0.8,0.7,16.02,0.62,0.872,0.9058,29.5508,0.1791,5.97,0.872,0.8765,222.9654,0.1185,5.8506,0.27,0.0,Z,NaN,NaN
17168875,0.626305,0.626306,0.6263,1.0,589,0.0595224841185314,1.4,0.9,0.0701252866627343,1.7,1.1,15.97,0.93,48,0.0231693725565654,2.2,1.1,0.0239324028766923,2.2,1.1,16.06,0.75,1.5967,1.6593,15.9732,0.0303,11.421,1.5967,1.6065,101.833,0.0689,7.657,0.18,0.0,Z,NaN,NaN
17216032,0.585994,0.585998,0.586,1.0,472,0.0791973689943489,5.3,1.4,0.0839387346863291,5.7,1.5,15.45,0.61,47,0.0472751602075795,9.2,1.8,0.0481212183948141,9.3,1.8,15.48,0.47,1.7065,1.7093,355.2398,0.0408,15.6738,1.7065,1.7233,59.5593,0.0649,8.2374,0.14,1e-05,Z,NaN,NaN
17266250,0.28381,0.283811,0.2838,1.0,551,0.0566245130103826,17.2,2.3,0.1789182138842674,70.2,6.4,14.23,0.44,40,0.038480654256057,1.0,1.0,0.0347668972881317,1.3,0.9,14.26,0.34,3.5235,3.5574,29.5116,0.0277,30.7598,3.5235,3.5424,53.0223,0.0656,11.3987,0.1,0.0,Z,NaN,NaN
17351801,0.336762,0.33676,0.3368,1.0,310,0.0,0.0,0.0,0.0,0.0,0.0,0.0,0.0,13,0.0,0.0,0.0,0.0,0.0,0.0,0.0,0.0,2.9695,3.0373,14.7471,0.0262,9.1239,0.5575,0.5619,230.9469,5.0868,8.4342,0.0,1e-05,Z,NaN,NaN
17373195,0.625427,0.625424,0.6254,1.0,504,0.0693840540956122,0.6,0.7,0.1098199162562208,2.2,1.0,16.15,0.59,40,0.0401431310782581,1.4,1.2,0.0383541110369285,1.5,1.1,16.14,0.45,1.5989,1.6328,29.5159,0.0631,12.8483,1.5989,1.6028,259.0674,0.0802,6.036,0.14,0.0,Z,NaN,NaN
17452152,0.538108,0.538101,0.5381,1.0,549,0.0392470962132582,1.4,0.9,0.0516348020473184,4.0,1.0,15.61,0.96,45,0.0223120111615984,4.2,1.3,0.0212372854250008,3.6,1.3,15.68,0.75,1.8584,1.8922,29.5116,0.0869,13.2508,0.8557,0.8592,287.7698,0.1016,5.7077,0.21,1e-05,Z,NaN,NaN
17475914,0.539073,0.539089,0.5391,1.0,333,0.0863939423231651,3.8,1.6,0.2062587993189746,19.6,2.8,15.48,0.85,40,0.0282917211428757,11.4,1.7,0.0348224615363047,16.0,2.2,15.49,0.73,1.855,1.9288,13.5492,0.0934,11.2063,1.0017,1.0071,187.6173,0.1209,6.6601,0.12,3e-05,Z,NaN,NaN
17547893,0.541471,0.541478,0.5415,1.0,524,0.0475911156038424,2.1,1.1,0.1274152713660338,14.8,2.1,15.54,0.93,44,0.0201424245063756,2.3,1.2,0.030785286118718,8.1,1.6,15.65,0.7,1.8468,1.9248,12.8312,0.0645,11.3975,0.9234,0.9498,37.9363,0.1673,7.8157,0.23,1e-05,Z,NaN,NaN
17633750,0.572807,0.572801,0.5728,1.0,317,0.0727320414839591,1.6,1.1,0.0884933182980339,2.0,1.3,15.8,0.69,40,0.032771978680345,2.6,1.2,0.0328143021506915,2.6,1.3,15.89,0.51,1.7458,1.7824,27.3112,0.0422,8.5979,0.7456,0.7501,223.4637,0.2217,6.717,0.18,1e-05,Z,NaN,NaN
17919686,0.508665,0.508712,0.5087,1.0001,204,0.0743031473217005,41.5,4.2,0.1558607686541175,117.4,7.8,14.13,0.71,307,0.0663376928764314,31.6,3.1,0.0717241789825003,38.7,3.4,14.11,0.65,1.9659,1.9843,54.407,0.1071,6.2284,1.9657,1.9686,347.8261,0.021,16.6079,0.06,9e-05,NaN,Z,7
17934303,0.445853,0.445856,0.4459,1.0,128,0.037420531023551,2.4,1.4,0.2982586421691045,97.2,9.3,14.81,1.21,339,0.0229586338559271,5.8,1.6,0.0736527454483822,98.6,3.9,14.94,0.9,2.2429,2.2471,236.6864,0.0712,6.1089,2.2429,2.2468,256.4103,0.0057,12.561,0.31,1e-05,L,NaN,NaN
18388910,0.563144,0.563111,0.5631,0.9999,177,0.0596689709367107,10.5,2.0,0.069557201988696,38.2,2.1,14.58,0.78,866,0.07098494657467,16.0,2.9,0.0725388579719536,19.0,2.9,14.73,0.53,1.7757,1.8434,14.7842,0.0969,4.5325,1.7758,1.8515,13.2249,0.0019,10.3577,0.25,6e-05,NaN,Z,6
18442127,0.535248,0.535204,0.5352,0.9999,224,0.1214272589832735,8.1,1.8,0.2583170714456276,19.9,2.7,15.47,0.79,381,0.098800326364491,126.7,4.4,0.098425045836904,127.1,4.3,15.56,0.56,1.8683,1.8824,70.8717,0.0815,6.8687,1.8684,1.9354,14.9332,0.0035,7.1227,0.23,8e-05,L,NaN,NaN
19532942,0.618856,0.61887,0.6189,1.0,119,0.0327405126486318,1.2,0.8,0.0756468252971771,18.6,1.8,14.92,0.86,347,0.0278133826522395,2.5,1.6,0.0343185499317859,16.0,1.8,15.03,0.72,1.6159,1.6421,38.117,0.1604,7.2981,1.6158,1.6922,13.1044,0.0088,2.7832,0.14,2e-05,L,NaN,NaN
19566624,0.667755,0.667762,0.6678,1.0,140,0.0400169551510166,2.9,1.2,0.101587102453175,22.8,2.6,14.51,0.69,385,0.0264147934331797,1.8,1.1,0.0390688051191103,5.7,1.6,14.57,0.55,1.4976,1.5082,94.0291,0.1662,7.814,1.4975,1.501,286.944,0.025,13.3588,0.14,1e-05,L,NaN,NaN
19780691,0.637441,0.637439,0.6374,1.0,238,0.1321666015858525,2.4,1.0,0.1599650140660702,2.6,1.2,16.26,0.75,403,0.04208231163759,6.6,1.9,0.0861522622522147,27.5,3.0,16.25,0.72,1.5688,1.5812,80.1925,0.0865,5.8485,1.5688,1.5726,257.732,0.007,12.471,0.03,0.0,L,NaN,NaN
19806944,0.513789,0.513787,0.5138,1.0,198,0.0803753629344731,4.0,1.5,0.0743483099870836,4.3,1.6,15.19,0.83,609,0.0424868274099556,10.0,2.2,0.0484036002135174,21.2,2.5,15.22,0.73,1.9463,1.9746,35.4233,0.1136,7.519,1.9463,1.9745,35.4736,0.0293,19.6528,0.1,0.0,L,NaN,NaN
20067913,0.347065,0.55203,0.4495,1.5906,117,0.2812846770001676,36.9,5.5,0.7142191954758579,76.8,9.2,14.8,0.44,399,0.026408632323839,1.6,1.1,1.0378950132117246,129.1,13.1,14.86,0.62,2.8813,2.8957,69.3241,0.0544,4.5175,1.8115,1.8206,110.3144,0.0046,13.978,0.18,0.45598,NaN,L,9
20072948,0.678505,0.513403,0.596,0.7567,257,0.0,0.0,0.0,0.0,0.0,0.0,0.0,0.0,0,0.0,0.0,0.0,0.0,0.0,0.0,0.0,0.0,1.4738,1.4931,52.0021,0.069,6.3117,0.0,0.0,0.0,0.0,0.0,0.0,0.27702,L,NaN,NaN
20161009,0.483583,0.638381,0.561,1.3201,206,0.437812315947111,5.7,2.9,0.4304025586304648,6.6,3.0,16.27,0.5,584,0.0348850308525298,1.4,1.2,1.3457201404242891,83.6,9.7,16.29,0.52,2.0679,2.0948,37.2301,0.0324,3.6165,1.5665,1.6098,23.0681,0.0026,10.9355,0.02,0.27593,NaN,L,6
20169929,0.621042,0.621055,0.621,1.0,81,0.0476074655436374,0.7,0.9,0.0578565525368459,2.9,1.3,15.19,0.86,381,0.0268349949033497,3.9,1.7,0.0581760090839865,40.0,3.2,15.13,0.73,1.6102,1.6357,39.285,0.1638,7.7787,1.6102,1.6819,13.9373,0.0069,3.1468,0.13,2e-05,L,NaN,NaN
21126144,0.547549,0.547549,0.5475,1.0,574,0.0307212868137275,5.1,1.2,0.1599133629986742,106.9,5.0,14.75,0.86,46,0.0201885392799879,2.4,1.2,0.063689866150014,68.3,2.9,14.8,0.69,1.8263,1.8603,29.4638,0.1136,14.3718,0.9999,1.003,321.5434,2.4547,177.1138,0.17,0.0,Z,NaN,NaN
21145823,0.542382,0.542374,0.5424,1.0,308,0.0315902990332652,4.1,1.6,0.0718754379226407,39.2,2.8,14.49,0.89,40,0.02261547059401,1.9,1.3,0.028006816313844,4.3,1.6,14.6,0.64,1.8437,1.8776,29.5203,0.0797,6.3199,0.9488,0.9758,36.9617,0.1184,5.3966,0.25,1e-05,Z,NaN,NaN
21343483,0.552529,0.552531,0.5525,1.0,274,0.0,0.0,0.0,0.0,0.0,0.0,0.0,0.0,12,0.0,0.0,0.0,0.0,0.0,0.0,0.0,0.0,1.8099,1.8638,18.534,0.0333,4.9311,0.4668,0.4704,280.8989,3.2159,5.8464,0.0,0.0,Z,NaN,NaN
21374223,0.657493,0.657506,0.6575,1.0,254,0.0,0.0,0.0,0.0,0.0,0.0,0.0,0.0,12,0.0,0.0,0.0,0.0,0.0,0.0,0.0,0.0,1.5209,1.5572,27.533,0.0947,8.5355,0.3134,0.3165,317.4603,4.7206,6.2835,0.0,2e-05,Z,NaN,NaN
21397555,0.278619,0.278619,0.2786,1.0,434,0.0956460324121172,1.6,1.1,0.5529718341449961,15.9,3.7,15.7,0.4,41,0.038486502370903,0.7,0.8,0.0679343840439508,6.6,1.7,15.77,0.29,3.5891,3.623,29.5203,0.0313,26.4225,1.1964,1.2105,70.6464,0.0916,5.9368,0.11,0.0,Z,NaN,NaN
21460667,0.534598,0.5346,0.5346,1.0,441,0.0790458072300904,3.7,1.7,0.0853236226829257,4.1,1.7,15.52,0.86,43,0.0346418928717177,2.4,1.6,0.0346418928717177,2.4,1.6,15.62,0.6,1.8706,1.9044,29.5334,0.0519,12.4177,0.9353,0.9578,44.4444,0.2827,12.0499,0.26,0.0,Z,NaN,NaN
21468901,0.632846,0.632862,0.6329,1.0,476,0.1075831305047202,3.3,1.1,0.1935054952857735,6.8,1.6,15.54,0.34,43,0.0879010310853563,2.8,2.2,0.0694927423442181,3.2,1.8,15.45,0.29,1.5802,1.614,29.529,0.0523,10.5221,1.0032,1.0065,302.5719,0.2489,17.8988,0.05,3e-05,Z,NaN,NaN
21474739,0.462885,0.462875,0.4629,1.0,512,0.0307852873848289,11.1,1.8,0.0865655902100493,71.4,4.4,14.33,0.83,46,0.0296201088848482,2.9,1.7,0.0405411651182787,12.6,2.4,14.43,0.63,2.1604,2.2392,12.6855,0.0665,18.0862,1.4967,1.523,37.9219,0.073,7.2865,0.2,2e-05,Z,NaN,NaN
21556651,0.614826,0.614807,0.6148,1.0,572,0.1146129047081425,6.5,1.8,0.141722047658144,11.6,2.2,15.55,0.66,44,0.0736960558949604,18.4,2.8,0.0697492223714189,16.9,2.6,15.62,0.49,1.6265,1.663,27.3523,0.0608,14.3024,0.8133,0.821,131.3198,0.1155,8.2105,0.17,3e-05,Z,NaN,NaN
21574229,0.531469,0.531472,0.5315,1.0,373,0.0567249560728238,0.8,0.8,0.2197232324286125,8.6,2.1,16.19,1.01,44,0.0253974370553476,2.3,1.2,0.0758718649177217,23.9,2.9,16.29,0.76,1.8816,1.9422,16.5057,0.1155,13.7098,0.9408,0.9606,50.5561,0.1351,6.5255,0.25,1e-05,Z,NaN,NaN
21577939,0.6326,0.632602,0.6326,1.0,504,0.0470016118659256,2.5,1.2,0.0470016118659256,2.5,1.2,15.17,0.65,43,0.0344361134365724,1.9,1.4,0.03387733383928,1.9,1.4,15.18,0.52,1.5808,1.6328,19.2197,0.0519,17.1963,0.5806,0.5852,219.7802,0.1905,6.1851,0.13,0.0,Z,NaN,NaN
21874209,0.611295,0.611286,0.6113,1.0,593,0.1208120227730747,17.9,2.5,0.1117883114105589,18.3,2.4,15.12,0.59,43,0.0518712372167822,9.0,2.9,0.0472061227037908,10.6,2.8,14.96,0.69,1.6359,1.6698,29.4985,0.0793,16.2134,0.818,0.8364,54.1859,0.1561,7.736,0.1,1e-05,Z,NaN,NaN
21948290,0.511127,0.511115,0.5111,1.0,354,0.101148769220036,11.9,2.3,0.1708076490760992,38.8,2.7,15.39,0.76,54,0.0469526181744263,12.1,1.8,0.0482241146349929,13.6,2.0,15.4,0.64,1.9565,1.9796,43.2339,0.0612,8.8706,0.9783,0.9997,46.6744,0.2385,12.0411,0.12,2e-05,Z,NaN,NaN
21948919,0.584462,0.584462,0.5845,1.0,396,0.0626117179264296,4.7,1.8,0.1481285925836084,42.2,3.4,14.9,0.59,45,0.0356280761808097,3.9,1.6,0.0364863463300968,10.4,1.6,14.87,0.52,1.711,1.7138,357.7818,0.0661,14.2209,1.711,1.7154,225.9887,0.0651,6.6698,0.07,0.0,Z,NaN,NaN
21966412,0.684606,0.684615,0.6846,1.0,289,0.098184344134034,1.0,0.7,0.0977772541886506,1.1,0.8,15.97,0.35,57,0.0457252129476268,1.1,1.1,0.0429278319036701,1.3,1.0,15.86,0.29,1.4607,1.4887,35.6633,0.054,10.4036,1.4607,1.4823,46.3285,0.031,5.816,0.06,1e-05,L,NaN,NaN
22000485,0.571628,0.571631,0.5716,1.0,256,0.0,0.0,0.0,0.0,0.0,0.0,0.0,0.0,34,0.0,0.0,0.0,0.0,0.0,0.0,0.0,0.0,1.7494,1.7522,357.7818,0.2132,14.3621,0.7475,0.7637,61.8047,0.2606,7.213,0.0,1e-05,Z,NaN,NaN
22034371,0.530768,0.530754,0.5308,1.0,268,0.0648060291772126,3.5,1.3,0.1618972522786802,20.6,2.6,15.6,1.03,77,0.0250955990491789,2.2,1.1,0.1307094880616665,79.1,4.1,15.71,0.74,1.8841,1.9001,62.383,0.0866,8.1233,1.0,1.0031,327.3322,0.086,13.0523,0.29,3e-05,L,NaN,NaN
22042502,0.6157,1.847536,1.2316,3.0007,297,0.0,0.0,0.0,0.0,0.0,0.0,0.0,0.0,6,0.0,0.0,0.0,0.0,0.0,0.0,0.0,0.0,1.6242,1.6947,14.1814,0.1012,7.8026,0.3137,0.3172,283.6879,166.0873,9.0987,0.0,1.00019,Z,NaN,NaN
22090614,0.592153,0.592151,0.5922,1.0,499,0.0,0.0,0.0,0.0,0.0,0.0,0.0,0.0,37,0.0,0.0,0.0,0.0,0.0,0.0,0.0,0.0,1.6888,1.7226,29.5465,0.0552,10.3967,1.001,1.0065,181.4882,0.2387,5.3859,0.0,0.0,Z,NaN,NaN
22517285,0.65248,0.652491,0.6525,1.0,448,0.0,0.0,0.0,0.0,0.0,0.0,0.0,0.0,35,0.0,0.0,0.0,0.0,0.0,0.0,0.0,0.0,1.5326,1.5923,16.7631,0.0491,9.648,1.0004,1.0035,317.4603,0.1848,9.31,0.0,2e-05,Z,NaN,NaN
22518189,0.774108,0.774102,0.7741,1.0,433,0.0,0.0,0.0,0.0,0.0,0.0,0.0,0.0,38,0.0,0.0,0.0,0.0,0.0,0.0,0.0,0.0,1.2918,1.3258,29.4594,0.0849,12.7522,1.0022,1.0196,57.6037,0.1562,5.7337,0.0,1e-05,Z,NaN,NaN
22542640,0.425976,0.425968,0.426,1.0,586,0.188326679068487,3.2,1.5,0.3190615521377004,5.2,2.0,15.89,0.33,45,0.1180844361000381,16.1,3.0,0.1283591378423653,11.7,2.9,15.86,0.33,2.3475,2.3814,29.5421,0.019,15.8685,0.7825,0.7916,109.589,0.081,5.0096,0.0,2e-05,Z,NaN,NaN
22571231,0.612483,0.612487,0.6125,1.0,500,0.0570447476197028,1.2,1.0,0.0723609310374723,3.0,1.2,15.56,0.64,46,0.0322302592449558,1.3,1.1,0.0403202958073816,2.4,1.4,15.54,0.51,1.6327,1.6692,27.3673,0.0759,16.5295,0.6301,0.6516,46.6092,0.1288,6.996,0.13,1e-05,Z,NaN,NaN
22639551,0.661227,0.661225,0.6612,1.0,298,0.0479571347987086,4.9,2.0,0.0785393264344029,20.4,3.0,14.24,0.56,56,0.0284724236422618,1.8,1.1,0.0402124650807189,4.6,1.6,14.23,0.46,1.5123,1.5315,52.233,0.0721,9.345,1.5123,1.5341,45.9559,0.0511,7.5347,0.1,0.0,Z,NaN,NaN
22705180,0.487561,0.487564,0.4876,1.0,317,0.0,0.0,0.0,0.0,0.0,0.0,0.0,0.0,19,0.0,0.0,0.0,0.0,0.0,0.0,0.0,0.0,2.051,2.0752,41.3907,0.0835,7.0724,0.8141,0.817,347.2222,0.8063,4.587,0.0,1e-05,L,NaN,NaN
22714229,0.327808,0.32781,0.3278,1.0,282,0.1066021979488625,16.1,3.3,0.1581957135789895,25.2,4.8,14.34,0.33,75,0.0801176678155529,0.9,1.2,0.0839418173256636,2.0,1.2,14.3,0.29,3.0506,3.1211,14.1733,0.0483,19.3933,0.9998,1.0169,58.4454,0.056,7.5927,0.04,1e-05,Z,NaN,NaN
22839182,0.577744,0.577748,0.5777,1.0,507,0.0,0.0,0.0,0.0,0.0,0.0,0.0,0.0,37,0.0,0.0,0.0,0.0,0.0,0.0,0.0,0.0,1.7309,1.7648,29.4681,0.0592,15.4447,0.8654,0.8871,46.0617,0.1674,6.1407,0.0,1e-05,Z,NaN,NaN
22865691,0.456706,0.45671,0.4567,1.0,568,0.0414727597092535,2.5,1.1,0.0490280331288083,8.9,1.3,15.39,1.19,45,0.018210309707799,2.7,1.3,0.0238909787154567,3.5,1.7,15.49,0.94,2.1896,2.2234,29.5858,0.0524,10.8336,1.1868,1.1916,207.4689,0.0947,6.7337,0.25,1e-05,Z,NaN,NaN
23262814,0.647323,0.647314,0.6473,1.0,343,0.0,0.0,0.0,0.0,0.0,0.0,0.0,0.0,0,0.0,0.0,0.0,0.0,0.0,0.0,0.0,0.0,1.5448,1.5729,35.6443,0.0564,12.8793,0.0,0.0,0.0,0.0,0.0,0.0,1e-05,L,NaN,NaN
23375937,0.950459,0.616821,0.7836,0.649,309,0.331430172162322,4.7,2.0,0.402158789199309,6.4,2.5,16.26,0.46,83,0.1648052073659573,8.4,2.8,0.8635738478262805,28.9,6.1,16.25,0.3,1.0521,1.0521,0.0,0.1338,3.7869,1.621,1.6259,205.3388,0.0233,7.8957,0.16,0.42578,NaN,Z,8
23596342,0.602841,0.602846,0.6028,1.0,286,0.1854622115000041,1.8,1.2,0.292253205690444,3.2,1.3,16.28,0.41,55,0.0640422783310835,3.2,1.6,0.0742115683182495,4.5,1.8,16.29,0.39,1.6588,1.6762,57.5209,0.0517,8.2285,1.6588,1.6617,351.4938,0.1553,15.0997,0.02,1e-05,L,NaN,NaN
23604060,0.469075,0.469102,0.4691,1.0001,344,0.1175224803922424,22.4,3.6,0.1542795663340641,48.4,4.5,14.77,0.78,55,0.0932657356052899,59.3,6.3,0.0891889842233357,61.1,6.0,14.76,0.72,2.1319,2.2313,10.0528,0.0447,5.6299,2.1317,2.1974,15.2184,0.0465,6.2436,0.06,6e-05,NaN,Z,8
23753803,0.60101,0.601007,0.601,1.0,257,0.0854507503069214,4.7,1.8,0.0868922963927836,5.8,2.0,14.9,0.56,107,0.0482658315610768,2.7,1.4,0.0462469608956556,2.6,1.4,14.94,0.38,1.6639,1.7316,14.7656,0.0559,5.7737,1.6639,1.6702,157.8532,0.0543,16.7836,0.18,0.0,Z,NaN,NaN
23876082,0.589794,0.589802,0.5898,1.0,476,0.0665177523417906,1.1,0.9,0.0716928434730404,1.2,1.0,15.87,0.67,48,0.0226410269969011,0.6,0.7,0.0229463981422786,0.6,0.7,15.9,0.49,1.6955,1.7294,29.5029,0.0518,14.2731,1.349,1.3557,149.925,0.0715,5.5184,0.18,1e-05,Z,NaN,NaN
23898397,0.563018,0.562981,0.563,0.9999,323,0.0,0.0,0.0,0.0,0.0,0.0,0.0,0.0,0,0.0,0.0,0.0,0.0,0.0,0.0,0.0,0.0,1.7761,1.7793,318.4713,0.077,8.8803,0.0,0.0,0.0,0.0,0.0,0.0,7e-05,L,NaN,NaN
23968149,0.378463,0.756925,0.5677,2.0,359,0.2367020702678021,9.2,2.5,0.7030312208668512,17.9,3.9,15.81,0.45,54,0.1399676426479295,18.4,3.7,0.6173490267828063,70.9,9.5,15.9,0.35,2.6423,2.6592,59.2066,0.0206,8.0442,0.8808,0.9086,36.0036,0.0597,4.3741,0.1,0.66666,NaN,Z,7
24010683,0.588512,0.370107,0.4793,0.6289,569,0.0978621153477114,1.1,0.9,1.488729942508345,10.1,2.9,16.16,0.58,41,0.0845451121543089,4.5,2.0,0.6234234082410268,59.6,9.2,16.13,0.36,1.6992,1.733,29.5552,0.0703,15.6208,2.7019,2.7911,11.2114,0.0374,9.1061,0.22,0.45567,NaN,NaN,6
24019356,0.517473,0.51746,0.5175,1.0,574,0.1198254566794084,4.2,1.5,0.174143852986291,10.5,1.7,16.02,0.73,44,0.0490484986784339,8.3,1.9,0.0643010249869676,20.4,2.0,16.01,0.6,1.9325,1.969,27.3973,0.0614,19.2484,2.0024,2.006,279.3296,0.1334,8.5305,0.13,3e-05,Z,NaN,NaN
24050838,0.350489,0.350489,0.3505,1.0,252,0.2048553934031235,12.7,2.6,0.2250858790119131,14.5,2.9,15.39,0.49,80,0.1919562930215223,15.5,3.6,0.1731772487740494,17.5,3.3,15.45,0.31,2.8532,2.9209,14.7623,0.0233,6.8146,1.4266,1.4416,66.8226,0.0252,6.79,0.18,0.0,NaN,Z,6
24061070,0.562641,0.562643,0.5626,1.0,251,0.0,0.0,0.0,0.0,0.0,0.0,0.0,0.0,7,0.0,0.0,0.0,0.0,0.0,0.0,0.0,0.0,1.7773,1.8451,14.7504,0.0557,6.9338,0.1264,0.1307,231.7497,65.0557,15.7639,0.0,0.0,Z,NaN,NaN
24231910,0.596312,0.596315,0.5963,1.0,322,0.0355101251743586,1.0,0.8,0.0560436561803403,4.8,1.2,15.34,0.7,128,0.0273123809326128,1.4,1.2,0.0283538172933829,2.1,1.2,15.36,0.54,1.677,1.711,29.4334,0.0625,8.0759,1.677,1.6948,56.3539,0.0518,7.272,0.16,1e-05,Z,NaN,NaN
24257481,0.291239,0.291218,0.2912,0.9999,303,0.3161528142116903,43.1,5.7,0.5124416198403124,72.4,8.1,14.81,0.38,55,0.2329020365884708,22.1,4.9,0.3179828432253617,33.8,6.6,15.0,0.26,3.4336,3.4701,27.4048,0.018,10.5892,1.4309,1.4715,24.6761,0.0431,5.8795,0.12,7e-05,NaN,L,6
24262890,0.60046,0.600461,0.6005,1.0,329,0.082951741890492,1.0,0.8,0.1924159631518639,4.7,1.4,16.25,0.61,61,0.0422300744059395,2.3,1.5,0.0607793666499395,2.7,1.8,16.23,0.5,1.6654,1.7019,27.3898,0.0576,13.9389,1.6653,1.6713,167.364,0.0697,8.8235,0.11,0.0,Z,NaN,NaN
