LINEAR id,Plinear,Pztf,Pmean,Pratio,NdataLINEAR,L_chi2dof,L_chi2dofR,Lmean_chi2dof,Lmean_chi2dofR,Lmmax,Lampl,NdataZTF,Zchi2dof,Zchi2dofR,Zmean_chi2dof,Zmean_chi2dofR,Zmmax,Zampl,MainPeakL,BlazhkoPeakL,BlazhkoPeriodL,BpowerRatioL,BsignificanceL,MainPeakZ,BlazhkoPeakZ,BlazhkoPeriodZ,BpowerRatioZ,BsignificanceZ,Ampl_diff,dP,IndicatorType,ChiType,BE_score,period_vs_amp
523832,0.372376,0.372384,0.37238,1.000021,251,1.8,1.2,1.9,1.3,15.36,0.42,42,0.8,1.1,1.0,1.0,15.41,0.59,2.6855,2.804,8.437,0.0234,6.0627,2.6854,2.7122,37.3413,0.1528,6.3617,0.17,2e-05,Z,,,
1240665,0.632528,0.632522,0.632525,0.999991,468,25.2,3.0,25.4,2.9,14.55,0.33,311,1.6,1.1,1.7,1.2,14.5,0.33,1.581,1.6149,29.4942,0.052,14.1052,1.581,1.5865,182.3154,0.057,15.9957,0.0,1e-05,Z,,,
1736308,0.555848,0.555843,0.555846,0.999991,372,2.9,1.3,3.0,1.2,15.41,0.7,44,1.9,1.0,2.0,1.0,15.32,0.59,1.7991,1.833,29.4377,0.0861,13.7119,1.7991,1.8264,36.6367,0.0529,5.6501,0.11,1e-05,Z,,,
2669011,0.591153,0.591151,0.591152,0.999997,450,2.4,1.1,2.3,1.1,15.03,0.66,41,1.5,0.7,1.5,0.7,15.05,0.5,1.6916,1.7256,29.4464,0.1033,14.9008,1.6916,1.7015,101.2146,0.0751,6.536,0.16,0.0,Z,,,
2742032,0.629676,0.629692,0.629684,1.000025,514,1.8,0.9,1.9,1.0,16.21,0.55,59,2.7,1.4,2.9,1.6,16.19,0.89,1.5881,1.6221,29.4681,0.0641,11.1962,1.5881,1.5956,133.2445,0.0602,7.4751,0.34,3e-05,Z,,,
2812086,0.646015,0.646,0.646008,0.999977,296,19.9,3.0,23.4,3.1,14.59,0.61,136,11.7,3.2,11.9,3.3,14.46,0.58,1.548,1.5781,33.173,0.051,7.6062,1.548,1.5519,258.7322,0.0694,10.848,0.03,2e-05,Z,,,
3507643,0.801141,0.801132,0.801136,0.999989,461,7.3,1.6,7.4,1.6,14.68,0.37,277,1.3,0.9,1.3,0.9,14.53,0.43,1.2482,1.2821,29.529,0.085,11.1815,1.2482,1.2538,181.1594,0.0931,15.9448,0.06,1e-05,Z,,,
5931160,0.6647,0.664708,0.664704,1.000012,587,0.9,0.8,0.9,0.8,15.17,0.35,658,1.3,1.1,1.3,1.1,15.11,0.33,1.5044,1.5383,29.5421,0.0822,14.5345,1.5044,1.5078,293.6858,0.1278,7.5407,0.02,1e-05,Z,,,
6665721,0.643318,0.643325,0.643322,1.000011,536,1.3,1.0,1.3,1.0,16.19,0.46,44,3.6,1.7,3.8,1.6,16.16,0.45,1.5544,1.5883,29.5159,0.0563,13.0861,1.5544,1.5669,79.968,0.1235,5.372,0.01,1e-05,Z,,,
17185566,0.61416,0.614169,0.614164,1.000015,542,3.2,1.5,3.2,1.4,15.34,0.4,629,6.2,1.9,7.1,1.9,15.24,0.42,1.6282,1.662,29.5814,0.0387,14.7533,1.6282,1.6365,120.6273,0.0761,11.5523,0.02,1e-05,Z,,,
22828215,0.574536,0.574535,0.574536,0.999998,585,12.5,1.5,12.5,1.5,14.69,0.72,45,5.9,1.4,5.8,1.4,14.65,0.6,1.7405,1.7744,29.5377,0.0607,14.6199,1.7405,1.7454,207.0393,0.0586,7.0326,0.12,0.0,Z,,,
29848,0.55702,0.55704,0.55703,1.000036,301,3.0,1.4,3.3,1.6,16.01,0.56,43,12.6,3.5,15.4,3.9,15.75,0.93,1.7953,1.8328,26.6205,0.0455,7.4839,1.7952,1.7982,333.3333,0.2573,10.0729,0.37,4e-05,,Z,6.0,period
158779,0.609207,0.609189,0.609198,0.99997,293,3.7,1.6,4.3,1.6,15.1,0.47,616,34.2,3.9,35.6,3.9,15.19,0.68,1.6415,1.6443,352.7337,0.0468,6.5501,1.6415,1.6444,350.2627,0.0123,16.5371,0.21,3e-05,,Z,6.0,period
263541,0.558218,0.558221,0.55822,1.000005,270,15.8,2.9,16.2,3.0,15.3,0.64,503,110.4,6.6,110.5,6.8,15.39,0.82,1.7914,1.8621,14.1513,0.1188,9.7432,1.7914,1.8025,89.9685,0.0021,7.5968,0.18,1e-05,,Z,7.0,amp
514883,0.557723,0.557737,0.55773,1.000025,289,5.3,1.7,5.4,1.6,15.43,0.55,555,53.7,5.5,55.4,5.5,15.5,0.72,1.793,1.8472,18.4655,0.0566,8.1238,1.793,1.7958,357.1429,0.0149,17.9476,0.17,3e-05,,Z,7.0,period
737951,0.357023,0.357023,0.357023,1.0,273,6.0,2.2,6.0,2.2,15.8,0.43,871,42.4,6.7,42.4,6.7,15.77,0.34,2.8009,2.8038,353.3569,0.041,16.2037,2.8009,2.8039,332.2259,0.002,13.7006,0.09,0.0,,Z,6.0,amp
810169,0.465185,0.465212,0.465198,1.000058,289,6.0,2.1,8.2,2.3,15.47,0.77,743,15.1,2.8,31.4,3.6,15.59,0.75,2.1497,2.2232,13.6017,0.066,9.937,2.1496,2.223,13.6082,0.0077,16.149,0.02,6e-05,,Z,12.0,period
924301,0.507503,0.50744,0.507472,0.999876,418,13.8,1.9,35.3,3.8,15.42,0.87,189,162.9,9.3,224.9,11.1,15.65,0.79,1.9704,2.0043,29.5072,0.0503,11.4848,1.9707,1.9763,178.4121,0.0219,18.8612,0.08,0.00012,,Z,10.0,period
1092244,0.649496,0.649558,0.649527,1.000095,590,2.3,1.2,5.2,1.7,16.09,0.72,326,32.1,3.6,51.6,5.3,16.15,0.58,1.5397,1.5735,29.5421,0.1267,13.4443,1.5395,1.564,40.833,0.0138,14.1927,0.14,0.0001,,Z,7.0,period
1244554,0.536875,0.536962,0.536919,1.000162,469,9.5,1.8,18.4,2.7,15.78,0.71,312,14.8,2.3,177.1,7.5,15.58,0.97,1.8626,1.8966,29.4638,0.0687,12.3222,1.8623,1.9325,14.2481,0.0416,15.6071,0.26,0.00016,,Z,14.0,period
1307948,0.527474,0.527415,0.527444,0.999888,262,6.7,1.8,9.6,1.6,15.63,0.49,655,35.2,4.5,49.8,5.2,15.53,0.54,1.8958,1.9302,29.0909,0.0682,6.336,1.896,1.9494,18.7441,0.01,20.0332,0.05,0.00011,,Z,9.0,period
1332201,0.580711,0.580731,0.580721,1.000034,260,9.2,1.6,9.8,1.6,15.22,0.59,208,50.1,4.2,60.5,4.9,15.23,0.83,1.722,1.7559,29.4942,0.0723,12.3986,1.722,1.7918,14.3225,0.0045,6.6974,0.24,3e-05,,Z,7.0,period
1390653,0.521867,0.521871,0.521869,1.000008,524,4.2,1.3,4.1,1.3,15.83,1.1,310,44.9,4.1,47.1,4.4,15.79,1.28,1.9162,1.9502,29.4291,0.0516,10.3776,1.9162,2.0026,11.5768,0.0326,51.297,0.18,1e-05,,Z,5.0,amp
1435279,0.381858,0.38186,0.381859,1.000005,545,8.4,2.1,8.4,2.1,15.55,0.42,316,24.6,4.2,24.4,4.2,15.55,0.4,2.6188,2.6527,29.5029,0.0347,15.3711,2.6188,2.6243,180.1802,0.0351,20.276,0.02,1e-05,,Z,5.0,period
1448299,0.606912,0.60694,0.606926,1.000046,435,32.5,2.7,35.1,3.0,15.05,0.77,267,35.6,5.4,40.8,5.4,15.03,0.7,1.6477,1.6816,29.4551,0.0762,16.5293,1.6476,1.6531,180.9955,0.0363,15.03,0.07,5e-05,,Z,10.0,period
1593736,0.592628,0.59265,0.592639,1.000037,264,2.1,1.2,2.2,1.2,16.45,0.37,532,35.9,5.7,36.4,5.5,16.63,0.36,1.6874,1.7584,14.0795,0.0353,8.9538,1.6873,1.691,272.4796,0.0024,10.2752,0.01,4e-05,,Z,5.0,period
1748058,0.310237,0.310176,0.310206,0.999803,463,2.2,1.4,13.5,4.2,15.74,0.38,272,30.7,5.7,40.7,7.1,15.76,0.23,3.2233,3.2572,29.5203,0.0428,20.2894,3.224,3.2297,173.3102,0.0077,8.322,0.15,0.0002,,Z,7.0,period
1857382,0.566428,0.566407,0.566418,0.999963,280,20.4,2.7,25.2,2.8,14.34,0.55,417,14.9,2.5,17.8,2.9,14.3,0.56,1.7655,1.836,14.1814,0.0717,10.3483,1.7655,1.782,60.5877,0.0037,8.829,0.01,4e-05,,Z,10.0,period
1882354,0.695061,0.695029,0.695045,0.999954,313,3.0,1.5,3.9,1.7,15.82,0.63,411,13.2,2.8,15.8,2.8,15.71,0.7,1.4387,1.4909,19.1516,0.0753,8.1631,1.4388,1.4419,326.2643,0.0285,15.2308,0.07,5e-05,,Z,7.0,period
2041979,0.653694,0.653639,0.653666,0.999916,276,1.5,1.2,2.4,1.3,16.14,0.63,1378,57.5,5.3,66.8,5.7,16.27,0.64,1.5298,1.5944,15.4607,0.063,6.6223,1.5299,1.5816,19.3442,0.0024,6.8018,0.01,8e-05,,Z,7.0,period
2075949,0.477806,0.477666,0.477736,0.999707,519,4.0,1.6,29.7,4.4,15.57,0.69,130,22.2,4.7,56.2,5.6,15.86,0.6,2.0929,2.1268,29.4768,0.0754,16.9427,2.0935,2.1389,22.041,0.0317,8.6985,0.09,0.00029,,Z,8.0,period
2117028,0.591245,0.591243,0.591244,0.999997,527,10.2,2.2,10.1,2.1,15.07,0.64,193,22.1,3.5,22.4,3.4,15.14,0.79,1.6913,1.7252,29.5552,0.0566,11.0045,1.6914,1.6968,182.3154,0.0039,6.5939,0.15,0.0,,Z,8.0,period
2122319,0.359422,0.359424,0.359423,1.000006,519,7.2,2.1,7.2,2.2,15.64,0.38,199,36.6,6.1,36.5,6.2,15.67,0.55,2.7822,2.8161,29.5421,0.0269,16.6582,2.7822,2.8926,9.0645,0.0044,8.681,0.17,1e-05,,Z,7.0,amp
2229607,0.575179,0.575211,0.575195,1.000056,290,2.7,1.2,2.8,1.2,16.13,0.55,731,38.3,4.4,48.2,4.3,16.11,0.81,1.7386,1.8093,14.1383,0.0626,7.3519,1.7385,1.7433,207.2539,0.0017,10.3544,0.26,6e-05,,Z,9.0,period
2243683,0.579777,0.579803,0.57979,1.000045,531,22.0,3.1,24.8,3.2,15.07,0.52,262,36.0,4.3,42.2,4.3,14.96,0.56,1.7248,1.7588,29.4204,0.0526,16.6097,1.7247,1.7303,180.018,0.0141,8.5969,0.04,4e-05,,Z,14.0,period
2248787,0.563528,0.563539,0.563534,1.00002,540,8.8,2.1,9.3,2.0,15.27,0.74,283,15.6,2.4,15.9,2.6,15.25,0.68,1.7745,1.8085,29.4638,0.0498,15.1232,1.7745,1.7937,52.1648,0.0215,16.4951,0.06,2e-05,,Z,9.0,amp
2334384,0.555341,0.555333,0.555337,0.999986,443,10.5,2.0,10.7,2.1,15.01,0.63,204,84.7,6.5,88.6,6.6,15.0,0.88,1.8007,1.8346,29.5377,0.0505,9.9968,1.8007,1.8353,28.9394,0.0038,6.6725,0.25,1e-05,,Z,7.0,amp
2397296,0.488814,0.488836,0.488825,1.000045,522,3.2,1.2,3.9,1.3,16.17,0.65,196,78.9,6.6,84.1,6.8,16.02,1.01,2.0458,2.0796,29.5421,0.0595,14.0709,2.0457,2.0672,46.5224,0.0206,14.176,0.36,5e-05,,Z,9.0,period
2414841,0.559611,0.559592,0.559602,0.999966,522,5.6,1.7,6.5,1.8,15.25,0.69,305,62.8,5.7,79.8,6.0,15.33,1.09,1.787,1.8208,29.5421,0.0855,11.1928,1.787,1.792,201.2072,0.0092,11.4217,0.4,3e-05,,Z,7.0,period
2455568,0.594119,0.594092,0.594106,0.999955,337,7.7,2.0,15.1,2.4,14.79,0.62,448,6.4,2.1,12.0,2.6,14.75,0.57,1.6832,1.717,29.5946,0.0802,9.8075,1.6832,1.6862,339.5586,0.0102,9.9798,0.05,5e-05,,Z,12.0,period
2612592,0.571562,0.571543,0.571552,0.999967,270,2.4,1.3,3.5,1.4,15.31,0.76,1391,24.8,2.8,27.7,2.9,15.26,0.7,1.7496,1.8173,14.7787,0.0978,5.8651,1.7496,1.7544,208.5506,0.0068,18.0944,0.06,3e-05,,Z,5.0,period
2653982,0.607082,0.60711,0.607096,1.000046,534,1.3,1.0,7.2,1.5,15.43,1.01,294,8.3,2.1,15.7,2.3,15.44,0.92,1.6472,1.681,29.5989,0.1026,14.2957,1.6471,1.6526,182.3154,0.0313,14.4972,0.09,5e-05,,Z,7.0,period
2766997,0.289881,0.289943,0.289912,1.000214,306,3.5,1.8,7.0,2.1,16.3,0.37,130,11.5,3.6,23.8,3.5,16.33,0.31,3.4497,3.4862,27.3635,0.0135,8.6894,3.449,3.4528,257.732,0.0128,10.1811,0.06,0.00021,,Z,13.0,period
2892940,0.539855,0.539896,0.539876,1.000076,462,3.7,1.3,5.1,1.5,16.16,0.9,169,49.1,4.2,78.5,6.0,16.06,1.21,1.8523,1.8862,29.529,0.0783,12.9993,1.8522,1.9288,13.0514,0.0238,10.5259,0.31,8e-05,,Z,9.0,period
3036295,0.629705,0.629714,0.629709,1.000014,502,4.5,1.8,4.8,1.8,14.88,0.34,808,5.8,2.2,5.9,2.2,14.81,0.34,1.588,1.6219,29.5029,0.0608,16.874,1.588,1.5934,184.6722,0.0135,18.6388,0.0,1e-05,,Z,8.0,period
3140139,0.30459,0.304585,0.304588,0.999984,255,7.7,2.5,7.8,2.6,15.62,0.4,343,25.1,5.6,26.5,5.4,15.49,0.6,3.2831,3.3529,14.3338,0.0256,10.8164,3.2832,3.4219,7.2056,0.0035,8.4888,0.2,2e-05,,Z,7.0,amp
3183285,0.349653,0.349664,0.349658,1.000031,485,4.1,1.2,5.2,1.5,15.51,0.48,588,15.7,2.8,22.3,3.2,15.46,0.58,2.86,2.8939,29.4768,0.0388,17.3861,2.8599,2.8654,181.8182,0.0024,15.1581,0.1,3e-05,,Z,5.0,period
3196582,0.268017,0.268018,0.268018,1.000004,479,8.6,2.5,9.0,2.5,14.82,0.35,172,10.1,3.4,10.1,3.4,14.7,0.51,3.7311,3.765,29.5203,0.0285,25.6121,3.7311,3.8361,9.5256,0.0026,6.7338,0.16,0.0,,Z,10.0,amp
3196780,0.504148,0.504199,0.504174,1.000101,475,9.3,2.2,30.8,2.9,15.15,0.81,286,21.5,3.2,102.9,6.9,15.08,0.85,1.9835,2.0029,51.7331,0.0734,18.1467,1.9833,1.9889,181.653,0.023,11.623,0.04,0.0001,,Z,12.0,period
3294319,0.55546,0.555473,0.555466,1.000023,802,10.4,1.9,10.8,1.9,15.44,0.76,169,40.0,4.7,46.3,4.9,15.65,0.88,1.8003,1.8342,29.4855,0.0517,11.3597,1.8003,1.8673,14.9098,0.0115,10.6526,0.12,2e-05,,Z,6.0,amp
3437725,0.542457,0.542478,0.542468,1.000039,266,3.5,1.5,4.2,1.6,15.89,0.67,355,64.8,6.3,81.9,6.2,15.72,1.07,1.8435,1.9231,12.5557,0.0612,7.0611,1.8434,1.9231,12.5447,0.0101,8.7519,0.4,4e-05,,Z,7.0,period
3591037,0.558643,0.558609,0.558626,0.999939,449,5.4,1.3,12.5,1.7,15.69,0.76,544,30.1,3.5,50.9,4.1,15.72,0.65,1.7901,1.7929,352.1127,0.0622,13.9545,1.7902,1.7956,182.3154,0.012,20.9073,0.11,6e-05,,Z,7.0,period
3941776,0.532222,0.532209,0.532216,0.999976,271,18.8,2.8,21.2,2.9,14.88,0.77,549,89.0,6.0,90.4,6.3,14.92,0.61,1.8789,1.9253,21.5564,0.065,9.3459,1.879,1.8844,184.1621,0.0104,16.0939,0.16,2e-05,,Z,7.0,amp
4101289,0.379225,0.37925,0.379238,1.000066,256,2.0,1.2,3.1,1.4,15.72,0.39,657,9.0,2.7,11.8,3.1,15.66,0.37,2.637,2.7048,14.7308,0.0266,8.732,2.6368,2.6416,209.205,0.002,9.3479,0.02,7e-05,,Z,6.0,period
4586691,0.621459,0.621446,0.621452,0.999979,582,5.7,2.0,6.1,2.0,15.24,0.42,809,18.1,3.4,17.9,3.5,15.19,0.44,1.6091,1.6431,29.4681,0.0228,10.1345,1.6092,1.612,346.0208,0.0599,5.4645,0.02,2e-05,,Z,8.0,period
4804945,0.556172,0.556217,0.556194,1.000081,279,12.5,2.5,13.0,2.8,15.49,0.58,889,100.5,7.8,101.2,7.4,15.47,0.56,1.798,1.8683,14.2268,0.0349,6.1948,1.7979,1.8017,258.3979,0.0033,11.3557,0.02,8e-05,,Z,9.0,period
5421989,0.53451,0.534527,0.534518,1.000032,288,0.8,0.8,0.9,0.8,16.38,0.76,2670,13.5,2.5,18.9,2.4,16.21,0.85,1.8709,1.9414,14.1884,0.0538,8.7567,1.8708,1.9368,15.1561,0.0186,17.6914,0.09,3e-05,,Z,5.0,period
6582265,0.691751,0.691749,0.69175,0.999997,282,12.4,2.9,12.5,3.0,14.45,0.56,214,18.1,3.7,17.9,3.6,14.57,0.73,1.4456,1.4796,29.4594,0.0668,7.4612,1.4456,1.4566,91.4077,0.008,10.1171,0.17,0.0,,Z,10.0,amp
6651516,0.308488,0.308496,0.308492,1.000026,426,2.1,1.3,3.5,1.7,15.25,0.36,448,60.9,5.8,64.2,5.2,15.25,0.48,3.2416,3.2755,29.4724,0.0439,26.5685,3.2415,3.3595,8.4767,0.0031,12.7208,0.12,3e-05,,Z,6.0,period
6819457,0.436282,0.436265,0.436274,0.999961,325,32.5,3.6,39.8,3.9,15.03,0.95,1358,121.2,9.6,136.2,10.4,15.11,0.79,2.2921,2.295,346.0208,0.0669,9.4986,2.2922,2.3005,120.048,0.0205,11.7902,0.16,4e-05,,Z,16.0,period
6883239,0.563711,0.563712,0.563711,1.000002,305,15.1,2.9,15.1,2.9,14.35,0.79,66,10.6,2.5,10.6,2.5,14.45,0.56,1.774,1.8444,14.1935,0.0929,7.2619,1.774,1.7769,336.7003,0.0472,10.2268,0.23,0.0,,Z,10.0,amp
6967017,0.529691,0.529677,0.529684,0.999974,323,13.3,2.3,15.2,2.3,14.63,0.63,231,70.6,6.9,79.5,7.1,14.57,0.96,1.8879,1.9218,29.4724,0.0791,14.2362,1.8879,1.9467,17.0111,0.0095,13.6909,0.33,3e-05,,Z,9.0,period
7048826,0.317781,0.31779,0.317786,1.000028,535,4.0,1.4,8.0,1.9,14.93,0.5,597,55.3,5.9,62.3,4.9,14.93,0.46,3.1468,3.1807,29.4942,0.0464,26.9053,3.1467,3.1497,338.4095,0.0254,16.6105,0.04,3e-05,,Z,5.0,period
7254801,0.561133,0.561071,0.561102,0.99989,310,2.2,1.3,5.7,1.8,15.88,0.63,334,48.4,5.5,104.3,7.0,15.91,0.8,1.7821,1.8527,14.1563,0.055,6.4741,1.7823,1.7872,205.3388,0.005,9.6841,0.17,0.00011,,Z,9.0,period
7279621,0.415469,0.415467,0.415468,0.999995,324,5.0,1.9,5.1,1.9,15.59,0.38,728,26.7,4.6,26.8,4.7,15.6,0.33,2.4069,2.5166,9.1183,0.0311,5.3593,2.4069,2.4145,131.3198,0.0023,12.2092,0.05,0.0,,Z,5.0,period
7283275,0.543342,0.543331,0.543336,0.99998,297,8.4,2.2,11.2,2.3,14.86,0.88,722,14.3,3.6,13.8,3.3,14.81,0.84,1.8405,1.9216,12.3259,0.1038,8.202,1.8405,1.9216,12.3259,0.0149,9.3361,0.04,2e-05,,Z,8.0,period
7344401,0.330201,0.330226,0.330214,1.000076,397,5.9,1.8,9.5,2.3,15.15,0.36,1164,22.0,2.7,36.4,3.8,15.12,0.48,3.0285,3.13,9.8449,0.0174,8.5404,3.0282,3.0393,89.9281,0.0016,19.5173,0.12,8e-05,,Z,13.0,period
7580734,0.314956,0.314957,0.314956,1.000003,387,4.1,2.0,4.1,2.0,15.46,0.38,354,13.7,4.0,13.9,3.9,15.45,0.38,3.175,3.2089,29.5596,0.0295,16.956,3.175,3.1805,181.9836,0.0156,23.2702,0.0,0.0,,Z,8.0,period
7657340,0.49548,0.495493,0.495486,1.000026,482,11.8,2.3,12.4,2.3,15.67,0.79,511,31.0,4.0,32.5,4.3,15.68,0.73,2.0182,2.0274,109.1703,0.0294,9.7739,2.0182,2.0259,129.9545,0.0385,15.1915,0.06,3e-05,,Z,11.0,period
7811366,0.489523,0.489521,0.489522,0.999996,253,11.4,2.0,11.5,2.0,15.18,0.81,1119,62.0,4.7,62.2,4.7,15.07,1.08,2.0428,2.1151,13.8293,0.0483,5.9174,2.0428,2.0629,49.8504,0.0083,26.4856,0.27,0.0,,Z,7.0,amp
7827663,0.390832,0.390832,0.390832,1.0,385,17.7,3.4,17.7,3.4,14.93,0.32,345,26.2,4.5,26.2,4.5,14.83,0.4,2.5586,2.5925,29.5334,0.0264,14.7403,2.5586,2.5641,182.6484,0.0144,21.0938,0.08,0.0,,Z,13.0,amp
7846640,0.551495,0.551518,0.551506,1.000042,447,5.3,1.5,6.0,1.4,16.05,0.76,178,109.1,9.2,119.4,8.4,16.21,0.81,1.8133,1.8942,12.3472,0.0616,8.0539,1.8132,1.8236,96.0615,0.0061,7.4412,0.05,4e-05,,Z,5.0,period
8222011,0.35092,0.350914,0.350917,0.999983,264,5.2,2.0,5.3,2.0,15.59,0.46,729,25.2,4.8,25.7,4.9,15.63,0.35,2.8497,2.8923,23.4247,0.0281,8.14,2.8497,2.8532,284.495,0.0019,13.0052,0.11,2e-05,,Z,6.0,amp
8311517,0.523354,0.523359,0.523356,1.00001,331,11.4,1.8,11.5,1.8,15.3,0.74,257,48.6,3.6,50.4,3.7,15.21,0.99,1.9108,1.9567,21.7533,0.0446,9.2461,1.9107,1.9567,21.7439,0.0149,18.7973,0.25,1e-05,,Z,10.0,amp
8331094,0.267543,0.267549,0.267546,1.000022,430,4.1,2.1,5.3,2.3,15.12,0.35,301,9.7,3.3,11.7,3.6,15.07,0.39,3.7377,3.7716,29.4985,0.0298,21.6892,3.7376,3.7431,182.6484,0.0195,22.0613,0.04,2e-05,,Z,8.0,period
8343291,0.569785,0.569791,0.569788,1.000011,474,31.4,3.3,31.8,3.2,14.95,0.7,288,63.3,5.1,63.5,5.1,14.88,0.68,1.755,1.7888,29.6121,0.0427,11.3625,1.755,1.7605,181.4882,0.0139,10.6149,0.02,1e-05,,Z,12.0,period
9063194,0.575781,0.57576,0.57577,0.999964,467,16.1,2.4,24.1,2.9,14.73,0.83,283,24.2,3.1,30.0,3.6,14.79,0.65,1.7368,1.7707,29.4898,0.0781,17.0849,1.7368,1.7424,179.3722,0.0134,14.056,0.18,4e-05,,Z,12.0,period
9236215,0.35257,0.352572,0.352571,1.000006,444,4.2,1.8,4.2,1.7,16.19,0.42,133,13.9,2.8,13.9,2.9,16.21,0.33,2.8363,2.8702,29.5508,0.0352,17.7326,2.8363,2.8391,352.1127,0.0414,22.477,0.09,1e-05,,Z,9.0,amp
9449335,0.47572,0.475695,0.475707,0.999947,257,15.1,2.0,31.2,3.2,15.24,0.89,506,49.0,5.0,110.2,6.0,15.16,1.15,2.1021,2.1359,29.5465,0.1036,11.6301,2.1022,2.1519,20.1045,0.0201,25.436,0.26,5e-05,,Z,11.0,period
9532981,0.591,0.591042,0.591021,1.000071,282,7.4,1.7,10.2,2.2,16.0,0.59,320,68.0,6.2,72.0,6.7,16.06,0.39,1.692,1.6948,357.7818,0.0979,6.5416,1.6919,1.7055,73.6648,0.0066,7.6992,0.2,7e-05,,Z,9.0,period
9918809,0.47946,0.479509,0.479484,1.000102,265,7.8,1.9,8.3,2.2,15.81,0.6,601,161.8,11.6,169.8,11.9,15.72,0.58,2.0857,2.1556,14.3113,0.0438,5.8301,2.0855,2.099,73.7735,0.007,11.8408,0.02,0.0001,,Z,9.0,period
9968431,0.302266,0.302211,0.302238,0.999818,273,2.8,1.7,7.3,2.3,16.08,0.32,323,7.4,2.2,47.0,7.5,16.04,0.38,3.3083,3.4584,6.666,0.0295,5.9893,3.3089,3.4607,6.588,0.0191,9.3307,0.06,0.00018,,Z,7.0,period
9979905,0.338739,0.338739,0.338739,1.0,457,7.9,2.5,7.9,2.5,14.72,0.46,220,11.3,2.3,11.3,2.3,14.69,0.69,2.9521,2.986,29.5072,0.0354,19.9321,2.9521,2.9788,37.5023,0.0051,20.0293,0.23,0.0,,Z,10.0,amp
10030349,0.545073,0.545074,0.545074,1.000002,255,8.7,2.1,8.7,2.1,14.76,0.75,901,34.2,4.4,34.2,4.4,14.68,0.82,1.8346,1.9187,11.8984,0.0863,7.2172,1.8346,1.9187,11.8984,0.0209,6.9202,0.07,0.0,,Z,6.0,amp
10260828,0.380655,0.380643,0.380649,0.999968,280,5.3,2.2,5.5,2.1,15.75,0.35,862,77.3,7.4,79.7,8.0,15.7,0.49,2.6271,2.6976,14.1653,0.0328,9.7681,2.6271,2.6306,284.495,0.0038,25.5513,0.14,3e-05,,Z,8.0,period
10814742,0.462687,0.462683,0.462685,0.999991,257,26.8,2.5,27.2,2.7,14.99,0.9,76,39.9,4.3,40.7,4.2,15.13,0.62,2.1613,2.2185,17.4749,0.0711,6.126,2.1613,2.2405,12.6295,0.0262,7.831,0.28,1e-05,,Z,7.0,amp
11215595,0.54696,0.546943,0.546952,0.999969,338,3.8,1.3,4.2,1.5,15.77,0.87,65,30.7,2.3,27.1,2.8,15.95,0.58,1.8283,1.8623,29.3902,0.0582,7.6094,1.8283,1.8971,14.5465,0.036,5.2378,0.29,3e-05,,Z,6.0,period
16991760,0.549098,0.549096,0.549097,0.999996,260,21.3,2.9,21.4,2.9,15.13,0.75,554,36.3,3.7,35.8,3.7,15.05,1.08,1.8212,1.8889,14.7634,0.085,6.6661,1.8212,1.832,92.2509,0.0022,11.0106,0.33,0.0,,Z,10.0,amp
17247918,0.481867,0.481865,0.481866,0.999996,362,4.9,1.8,4.9,1.8,15.83,0.74,413,41.5,4.6,41.5,4.6,15.88,0.72,2.0753,2.1092,29.4985,0.0392,7.9214,2.0753,2.1115,27.5672,0.0238,7.9255,0.02,0.0,,Z,5.0,period
17275627,0.537775,0.537771,0.537773,0.999993,563,7.8,2.1,8.4,2.0,15.13,0.74,474,27.7,4.8,28.2,4.8,15.08,1.0,1.8595,1.8934,29.5029,0.0502,13.095,1.8595,1.9311,13.9665,0.0201,13.1091,0.26,1e-05,,Z,7.0,amp
17302403,0.488261,0.488343,0.488302,1.000168,328,11.0,2.0,30.4,3.1,15.19,0.73,629,74.4,6.4,166.4,9.0,15.25,0.63,2.0481,2.1187,14.1653,0.0494,9.7174,2.0477,2.0703,44.3754,0.0131,17.8729,0.1,0.00017,,Z,10.0,period
17544856,0.614297,0.614296,0.614296,0.999998,533,9.6,2.0,9.5,2.1,14.73,0.59,537,20.9,3.4,20.9,3.4,14.78,0.77,1.6279,1.6618,29.5072,0.0408,10.6021,1.6279,1.6327,206.3983,0.0063,10.3555,0.18,0.0,,Z,10.0,amp
19775800,0.310856,0.310867,0.310862,1.000035,292,2.2,1.3,2.7,1.3,15.69,0.46,2583,15.1,2.7,27.7,3.8,15.6,0.6,3.2169,3.2846,14.77,0.0215,10.4309,3.2168,3.3225,9.463,0.0004,17.3314,0.14,4e-05,,Z,5.0,period
21488669,0.501644,0.501661,0.501653,1.000034,473,10.9,1.9,13.0,1.8,15.5,0.68,449,52.6,5.7,55.2,5.6,15.47,0.61,1.9934,2.0026,108.9918,0.0946,15.9093,1.9934,1.9981,211.1932,0.0313,17.1139,0.07,3e-05,,Z,8.0,period
21556651,0.614826,0.614808,0.614817,0.999971,572,6.5,1.8,7.5,2.0,15.55,0.66,450,19.1,3.1,20.7,3.1,15.58,0.57,1.6265,1.663,27.3523,0.0608,14.3024,1.6265,1.6295,335.5705,0.013,8.5717,0.09,3e-05,,Z,11.0,period
21619184,0.557343,0.55732,0.557332,0.999959,335,10.1,2.3,12.8,2.6,15.02,0.68,605,21.3,3.7,27.7,3.5,14.93,0.64,1.7942,1.8309,27.2926,0.0625,11.6209,1.7943,1.7972,341.2969,0.0059,13.1416,0.04,4e-05,,Z,10.0,period
21806402,0.592081,0.592104,0.592092,1.000039,592,7.4,1.6,8.6,1.7,15.33,0.55,260,90.8,6.2,93.7,6.1,15.48,0.69,1.689,1.7228,29.5902,0.0515,13.4738,1.6889,1.7033,69.541,0.0038,6.9602,0.14,4e-05,,Z,6.0,period
21874209,0.611295,0.611286,0.61129,0.999985,593,17.9,2.5,18.1,2.5,15.12,0.59,201,67.6,5.9,68.6,5.7,15.09,0.88,1.6359,1.6698,29.4985,0.0793,16.2134,1.6359,1.6887,18.952,0.0094,9.0572,0.29,1e-05,,Z,7.0,amp
21967825,0.540607,0.5406,0.540604,0.999987,263,6.7,1.8,6.7,1.8,15.58,0.63,363,60.2,4.7,61.6,4.5,15.51,0.97,1.8498,1.9263,13.0736,0.0904,8.2069,1.8498,1.9263,13.0745,0.0198,10.9606,0.34,1e-05,,Z,7.0,amp
22244513,0.604149,0.604077,0.604113,0.999881,330,9.2,2.5,16.4,3.0,15.54,0.45,265,130.0,8.1,172.4,9.0,15.48,0.78,1.6552,1.6951,25.0627,0.0391,8.1595,1.6554,1.6736,54.8697,0.005,8.6612,0.33,0.00012,,Z,11.0,period
22319996,0.479505,0.479495,0.4795,0.999979,514,20.6,2.6,25.7,2.8,15.02,0.85,325,57.8,4.9,65.2,4.8,15.01,0.87,2.0855,2.1255,24.9969,0.037,14.1393,2.0855,2.1269,24.1546,0.0084,15.8739,0.02,2e-05,,Z,5.0,period
22518636,0.283996,0.283998,0.283997,1.000007,546,3.5,1.8,3.7,1.8,15.32,0.43,617,8.3,3.0,8.6,3.1,15.31,0.41,3.5212,3.5551,29.5029,0.0308,21.3104,3.5212,3.5267,181.3237,0.0102,23.9308,0.02,1e-05,,Z,8.0,period
22959674,0.405333,0.405409,0.405371,1.000188,274,3.8,1.8,8.5,3.0,15.82,0.3,556,21.6,3.8,40.3,6.6,15.77,0.31,2.4671,2.5377,14.1733,0.0249,5.8527,2.4666,2.4802,73.9919,0.0043,9.9628,0.01,0.00019,,Z,12.0,period
22980793,0.540348,0.540353,0.54035,1.000009,591,9.8,1.9,11.6,1.9,14.67,1.01,712,17.3,2.8,19.4,2.8,14.65,0.96,1.8507,1.8846,29.4768,0.0718,14.3254,1.8506,1.9267,13.1527,0.0234,12.5334,0.05,1e-05,,Z,8.0,period
23135759,0.40273,0.402732,0.402731,1.000005,552,22.1,4.2,22.1,4.1,14.76,0.32,342,27.7,4.4,27.6,4.4,14.71,0.34,2.4831,2.517,29.4898,0.0585,25.8363,2.483,2.4887,178.2531,0.0064,8.3872,0.02,0.0,,Z,12.0,period
23148883,0.39013,0.390124,0.390127,0.999985,491,3.3,1.4,3.4,1.5,15.96,0.35,242,29.9,4.8,30.2,4.7,15.97,0.51,2.5632,2.5972,29.4724,0.0233,19.8298,2.5633,2.5744,90.0901,0.0034,11.8897,0.16,2e-05,,Z,5.0,amp
23184808,0.338821,0.338888,0.338854,1.000198,540,1.9,1.0,10.8,3.0,15.93,0.42,253,40.8,5.7,151.1,14.8,15.94,0.48,2.9514,2.9852,29.5639,0.0328,22.0331,2.9508,2.9782,36.5297,0.0019,8.7578,0.06,0.0002,,Z,8.0,period
23193507,0.473158,0.473174,0.473166,1.000034,559,54.2,3.4,80.2,3.8,14.38,0.78,208,42.8,4.6,57.4,4.6,14.22,1.13,2.1135,2.1688,18.0717,0.0563,17.6388,2.1134,2.1687,18.0783,0.0154,18.2139,0.35,3e-05,,Z,16.0,period
23653629,0.442052,0.442055,0.442054,1.000007,299,15.8,2.4,16.0,2.4,15.57,0.82,516,47.4,4.4,47.6,4.5,15.63,0.74,2.2622,2.333,14.1233,0.0305,4.7632,2.2622,2.2839,46.0405,0.0054,11.9482,0.08,1e-05,,Z,6.0,amp
24019356,0.517473,0.51746,0.517467,0.999975,574,4.2,1.5,4.8,1.5,16.02,0.73,158,44.2,4.6,49.0,4.5,16.05,0.91,1.9325,1.969,27.3973,0.0614,19.2484,1.9325,1.9677,28.4576,0.0154,14.7786,0.18,3e-05,,Z,7.0,period
24020106,0.542397,0.542396,0.542396,0.999998,584,16.0,2.9,16.0,2.9,15.42,0.52,209,54.3,4.5,54.3,4.5,15.27,0.95,1.8437,1.8776,29.4855,0.0433,10.8738,1.8437,1.9232,12.5778,0.0101,9.6939,0.43,0.0,,Z,7.0,amp
24216004,0.382077,0.381912,0.381994,0.999568,546,6.5,1.9,9.2,3.1,16.03,0.3,287,110.6,7.8,188.7,18.5,16.1,0.44,2.6173,2.6511,29.5596,0.0173,12.3717,2.6184,2.6244,167.2241,0.0049,13.3851,0.14,0.00043,,Z,10.0,period
880588,0.600138,0.600134,0.600136,0.999993,295,3.2,1.2,3.3,1.2,16.08,0.91,442,23.4,2.4,23.4,2.4,16.08,0.84,1.6663,1.691,40.5268,0.0618,7.4387,1.6663,1.6736,136.4256,0.0109,14.7971,0.07,1e-05,L,,,
1212611,0.630896,0.630893,0.630894,0.999995,297,0.9,0.9,0.9,0.9,15.64,0.75,478,2.5,1.2,2.3,1.2,15.59,1.01,1.585,1.5962,89.3256,0.0606,10.3725,1.5851,1.6399,18.2199,0.0035,9.7157,0.26,0.0,L,,,
1876491,0.760128,0.760123,0.760126,0.999993,301,2.5,1.2,2.5,1.2,15.74,0.41,609,1.8,1.2,1.8,1.2,15.71,0.36,1.3156,1.3365,47.8813,0.0635,6.5301,1.3156,1.3204,207.0393,0.0104,15.2058,0.05,1e-05,L,,,
3048546,0.656287,0.656293,0.65629,1.000009,291,1.6,1.0,2.0,1.0,15.69,0.88,438,2.7,1.3,3.6,1.3,15.67,0.9,1.5237,1.5407,59.0667,0.0747,7.6335,1.5237,1.5267,331.675,0.019,10.6497,0.02,1e-05,L,,,
5272753,0.485827,0.485831,0.485829,1.000008,601,1.5,0.9,1.5,1.0,15.43,1.09,801,7.2,1.6,7.5,1.7,15.4,1.03,2.0583,2.0861,35.9777,0.0533,14.7049,2.0583,2.0613,337.8378,0.0397,14.6723,0.06,1e-05,L,,,
8610884,0.592421,0.592429,0.592425,1.000014,277,6.3,2.2,6.3,2.2,15.48,0.45,806,35.5,4.3,35.6,4.3,15.39,0.46,1.688,1.7144,37.843,0.0504,9.1348,1.688,1.7101,45.0958,0.006,14.6403,0.01,1e-05,L,,,
8907563,0.513164,0.513164,0.513164,1.0,259,2.8,1.1,2.8,1.1,16.13,0.77,382,38.4,4.6,38.4,4.6,16.09,0.8,1.9487,1.9757,37.0508,0.082,8.2394,1.9487,1.9757,36.9686,0.0328,21.8457,0.03,0.0,L,,,
9852554,0.651339,0.651367,0.651353,1.000043,339,1.1,1.0,1.6,1.1,16.42,0.67,217,46.6,4.5,50.6,5.5,16.53,0.75,1.5353,1.557,46.0617,0.0544,7.4618,1.5352,1.6001,15.4048,0.0257,6.829,0.08,4e-05,L,,,
9961135,0.590896,0.590891,0.590894,0.999992,296,2.6,1.1,2.7,1.1,15.58,0.57,71,4.7,1.8,4.7,1.7,15.56,0.45,1.6923,1.7099,57.0288,0.0961,7.3855,1.6924,1.6977,186.2197,0.0318,7.71,0.12,1e-05,L,,,
10503746,0.573563,0.57357,0.573567,1.000012,264,12.8,2.7,13.7,2.7,14.87,0.83,526,8.1,1.9,8.6,1.9,14.93,0.73,1.7435,1.7576,70.9471,0.07,7.171,1.7435,1.7572,72.7537,0.0058,13.1478,0.1,1e-05,L,,,
21948290,0.511127,0.511115,0.511121,0.999977,354,11.9,2.3,14.5,2.2,15.39,0.76,596,14.7,2.4,16.6,2.7,15.28,0.81,1.9565,1.9796,43.2339,0.0612,8.8706,1.9565,1.9796,43.3557,0.0138,20.4759,0.05,2e-05,L,,,
23596342,0.602841,0.602846,0.602844,1.000008,286,1.8,1.2,1.9,1.2,16.28,0.41,287,15.6,2.9,15.7,2.9,16.39,0.63,1.6588,1.6762,57.5209,0.0517,8.2285,1.6588,1.6719,76.0456,0.0067,11.8652,0.22,1e-05,L,,,
23898397,0.563018,0.562989,0.563004,0.999948,323,7.0,1.6,9.9,1.8,15.53,0.69,439,38.5,3.5,41.3,4.2,15.57,0.6,1.7761,1.7793,318.4713,0.077,8.8803,1.7762,1.8094,30.1477,0.0062,10.1214,0.09,5e-05,L,,,
1882088,0.315984,0.316041,0.316013,1.00018,303,20.5,4.0,68.0,7.3,14.72,0.41,120,4.2,1.5,91.2,6.4,14.63,0.6,3.1647,3.1675,355.8719,0.0176,12.2776,3.1641,3.169,205.1282,0.0178,10.2242,0.19,0.00018,,L,9.0,period
2936953,0.328746,0.328733,0.328739,0.99996,271,13.0,2.7,14.6,3.2,14.88,0.35,187,2.5,1.3,3.3,1.2,14.93,0.29,3.0419,3.1123,14.1995,0.0339,14.705,3.042,3.0448,356.5062,0.04,17.0701,0.06,4e-05,,L,5.0,period
3219035,0.326746,0.326509,0.326627,0.999275,376,23.9,3.9,51.5,7.6,14.83,0.32,168,11.5,2.6,39.5,5.0,14.93,0.23,3.0605,3.1287,14.6692,0.0327,10.1934,3.0627,3.0661,294.1176,0.02,12.0769,0.09,0.00073,,L,10.0,period
4320492,0.361005,0.360942,0.360974,0.999825,480,15.1,3.7,60.7,8.5,14.44,0.26,290,11.2,1.8,59.3,7.9,14.41,0.29,2.77,2.8039,29.5116,0.0479,22.7361,2.7705,2.7761,180.9955,0.0204,18.423,0.03,0.00017,,L,7.0,period
8036191,0.36386,0.363893,0.363877,1.000091,438,7.8,2.2,24.0,2.9,15.0,0.4,175,10.9,1.6,26.7,4.0,14.91,0.6,2.7483,2.7822,29.5116,0.0398,17.86,2.7481,2.8768,7.7688,0.0057,5.4954,0.2,9e-05,,L,8.0,period
10420063,0.487395,0.487394,0.487394,0.999998,488,67.9,4.2,66.2,4.2,13.99,0.97,65,19.5,3.7,19.5,3.7,14.13,0.68,2.0517,2.0857,29.4421,0.0421,10.4333,2.0517,2.1007,20.4207,0.0899,22.549,0.29,0.0,,L,7.0,amp
10662468,0.44518,0.445167,0.445174,0.999971,301,21.3,3.6,21.8,3.8,14.36,0.29,858,4.9,1.8,6.8,2.1,14.37,0.44,2.2463,2.3425,10.3934,0.0216,7.146,2.2463,2.2512,207.0393,0.001,10.763,0.15,3e-05,,L,5.0,period
21688272,0.304803,0.30479,0.304796,0.999957,263,10.4,2.3,13.6,2.5,14.86,0.43,498,5.9,1.8,19.2,2.7,14.82,0.56,3.2808,3.3515,14.1493,0.0264,16.9207,3.281,3.2859,203.4588,0.005,17.0291,0.13,4e-05,,L,5.0,period
2714034,0.610868,0.6108,0.610834,0.999889,536,2.4,1.5,6.4,1.9,15.69,0.46,323,2.7,1.2,27.0,3.2,15.52,0.54,1.637,1.6708,29.5989,0.0533,12.1025,1.6372,1.6427,182.6484,0.0343,14.062,0.08,0.00011,,,5.0,period
5592590,0.346945,0.34698,0.346962,1.000101,603,2.3,1.2,12.7,3.5,15.23,0.35,48,2.0,1.1,3.4,1.8,15.21,0.29,2.8823,2.9162,29.529,0.0308,23.2322,2.882,2.9438,16.1799,0.0338,7.146,0.06,0.0001,,,5.0,period
8799313,0.32756,0.327542,0.327551,0.999945,280,1.3,1.1,1.8,1.1,16.18,0.47,785,3.9,1.6,10.3,2.8,16.15,0.4,3.0529,3.0766,42.1941,0.0282,11.7564,3.053,3.0565,289.8551,0.0021,11.9305,0.07,5e-05,,,5.0,period
62892,0.530776,0.530785,0.53078,1.000017,276,1.1,0.9,1.1,1.0,16.08,0.62,771,19.8,3.2,20.8,3.2,15.96,0.64,1.884,1.9519,14.7319,0.0658,7.1233,1.884,1.9433,16.8634,0.0048,13.1609,0.02,2e-05,,,5.0,
258499,0.401505,0.401504,0.401505,0.999998,275,2.7,1.5,2.7,1.5,15.23,0.34,537,2.9,1.6,3.0,1.7,15.25,0.36,2.4906,2.5613,14.1413,0.0219,8.7935,2.4906,2.5182,36.2384,0.0067,16.4915,0.02,0.0,,Z,8.0,period
664583,0.602994,0.603021,0.603008,1.000045,449,1.8,1.1,2.8,1.4,16.18,0.56,613,11.1,2.5,15.2,2.8,16.14,0.53,1.6584,1.6612,357.7818,0.0407,10.5905,1.6583,1.6666,120.4094,0.0118,13.1021,0.03,4e-05,,,5.0,
843294,0.374216,0.374214,0.374215,0.999995,290,3.3,1.4,3.4,1.4,15.53,0.36,358,5.1,1.7,5.1,1.7,15.44,0.36,2.6723,2.706,29.6252,0.0287,11.4573,2.6723,2.6778,180.1802,0.0114,13.3321,0.0,1e-05,,,5.0,
970326,0.592233,0.592231,0.592232,0.999997,275,1.9,1.1,1.9,1.1,15.91,0.51,552,7.7,2.1,7.6,2.1,15.88,0.75,1.6885,1.7563,14.7656,0.0676,7.0802,1.6885,1.6992,93.2836,0.0052,18.7531,0.24,0.0,,,5.0,
1102647,0.621541,0.621548,0.621544,1.000011,559,2.8,1.3,2.3,1.2,14.8,0.78,285,4.6,1.7,3.8,1.5,14.72,0.79,1.6089,1.6428,29.5116,0.1039,14.9387,1.6089,1.6144,180.9955,0.0444,16.4619,0.01,1e-05,,,5.0,
1271119,0.56527,0.565257,0.565264,0.999977,280,2.9,1.0,3.0,0.9,16.24,0.69,521,45.5,4.0,47.2,4.3,16.3,0.9,1.7691,1.8366,14.806,0.1103,5.8052,1.7691,1.7739,208.3333,0.0071,16.6725,0.21,2e-05,,,5.0,
1784750,0.590825,0.590826,0.590826,1.000002,520,1.2,0.8,1.2,0.8,15.27,0.72,108,6.5,1.7,6.5,1.7,15.24,0.98,1.6925,1.7265,29.4724,0.0442,15.3336,1.6925,1.7718,12.6239,0.0132,4.6072,0.26,0.0,,,5.0,
1915212,0.309753,0.309755,0.309754,1.000006,596,6.3,1.8,6.4,1.8,15.29,0.41,295,2.1,1.6,2.2,1.6,15.34,0.32,3.2284,3.2623,29.4898,0.0263,21.8912,3.2284,3.2339,180.6685,0.0102,13.8259,0.09,1e-05,,,5.0,
2099155,0.29379,0.293791,0.29379,1.000003,505,2.2,1.2,2.2,1.2,16.0,0.43,280,2.3,1.3,2.4,1.2,16.0,0.57,3.4038,3.4376,29.5508,0.0329,27.1968,3.4038,3.4087,202.6342,0.0024,10.502,0.14,0.0,,Z,9.0,amp
2196029,0.292568,0.292575,0.292572,1.000024,265,1.2,0.9,1.6,1.0,16.54,0.44,884,4.8,1.6,5.6,1.5,16.53,0.39,3.418,3.4545,27.4236,0.0135,9.6541,3.4179,3.4208,345.4231,0.0027,12.8725,0.05,2e-05,,,5.0,
2264042,0.655373,0.655391,0.655382,1.000027,391,6.5,1.6,6.8,1.6,15.81,0.74,299,57.4,4.0,58.4,3.9,15.71,0.76,1.5258,1.5597,29.5465,0.065,8.5938,1.5258,1.5313,182.4818,0.0199,10.8262,0.02,3e-05,,,5.0,
2554750,0.281574,0.281572,0.281573,0.999993,285,2.1,1.1,2.1,1.2,15.23,0.39,317,2.0,1.2,1.9,1.3,15.17,0.4,3.5515,3.5853,29.5508,0.0566,26.6373,3.5515,3.5569,183.4862,0.0094,15.2367,0.01,1e-05,,Z,8.0,period
2672050,0.556544,0.556543,0.556544,0.999998,260,1.8,1.0,1.8,1.0,15.94,0.83,792,20.8,2.9,20.6,3.0,15.96,0.98,1.7968,1.8646,14.7427,0.0829,6.7096,1.7968,1.8032,156.0062,0.0027,12.1295,0.15,0.0,,,5.0,
2742544,0.60703,0.607044,0.607037,1.000023,496,2.1,1.2,2.4,1.1,15.57,0.59,311,11.2,2.5,12.8,2.4,15.52,0.6,1.6474,1.6812,29.577,0.0711,13.8205,1.6473,1.6529,179.5332,0.0214,16.3118,0.01,2e-05,,,5.0,
2857355,0.62687,0.626854,0.626862,0.999974,279,1.0,0.9,1.2,1.0,16.51,0.59,746,9.7,2.3,10.5,2.4,16.74,0.62,1.5952,1.6209,38.9484,0.0545,4.8897,1.5953,1.6001,206.6116,0.0068,19.9575,0.03,3e-05,,,5.0,
3356801,0.337672,0.337667,0.33767,0.999985,377,4.3,1.3,4.4,1.4,15.68,0.34,437,2.2,1.2,2.8,1.4,15.69,0.3,2.9615,2.9953,29.5858,0.0247,15.485,2.9615,2.9808,51.9211,0.0156,22.8554,0.04,1e-05,,,5.0,
3377349,0.584204,0.584209,0.584206,1.000009,547,6.9,1.6,6.6,1.5,14.71,0.64,171,2.4,1.4,3.1,1.6,14.64,0.98,1.7117,1.7457,29.4377,0.0616,17.795,1.7117,1.778,15.0818,0.0056,7.3749,0.34,1e-05,,,5.0,
3440695,0.496917,0.496911,0.496914,0.999988,282,8.0,1.3,8.4,1.3,15.05,0.83,502,40.8,3.8,42.4,3.8,14.89,1.18,2.0124,2.0219,105.8201,0.0813,9.7048,2.0124,2.0173,205.1282,0.0421,30.1472,0.35,1e-05,,,5.0,
3463199,0.334718,0.33471,0.334714,0.999976,297,0.6,0.7,0.7,0.7,16.61,0.51,579,11.3,2.3,13.4,2.5,16.51,0.67,2.9876,3.0584,14.1153,0.0382,10.1683,2.9877,2.9952,133.2445,0.0044,23.6348,0.16,2e-05,,,5.0,
3491287,0.490986,0.490995,0.49099,1.000018,483,4.1,1.4,4.9,1.5,15.25,0.94,504,37.9,3.8,44.4,3.9,15.28,0.8,2.0367,2.0537,58.8408,0.058,11.9199,2.0367,2.0537,58.8755,0.0099,18.3211,0.14,2e-05,,,5.0,
3511281,0.547609,0.547618,0.547614,1.000016,449,1.3,1.0,1.4,0.9,16.43,0.67,271,13.1,2.3,13.9,2.3,16.39,0.75,1.8261,1.8601,29.4464,0.0632,14.1489,1.8261,1.8316,180.8318,0.0197,18.1252,0.08,2e-05,,,5.0,
3649421,0.571508,0.571508,0.571508,1.0,359,2.0,1.2,2.0,1.2,15.91,0.54,808,19.1,3.2,19.1,3.2,15.8,0.55,1.7498,1.7837,29.4638,0.0839,8.334,1.7498,1.7526,357.1429,0.0062,12.8677,0.01,0.0,,,5.0,
3696853,0.339125,0.339118,0.339121,0.999979,265,5.5,1.6,5.8,1.5,15.93,0.43,523,11.3,2.6,12.6,3.1,15.88,0.55,2.9488,3.08,7.619,0.0188,5.7831,2.9488,2.9542,186.3933,0.0028,18.2371,0.12,2e-05,,,5.0,
3797767,0.613224,0.613213,0.613218,0.999982,536,6.0,1.5,6.1,1.5,15.1,0.64,524,4.1,1.4,5.3,1.6,15.02,0.67,1.6307,1.6647,29.4377,0.0908,14.6752,1.6308,1.6362,183.1502,0.0091,19.1736,0.03,2e-05,,,5.0,
4234952,0.566338,0.566348,0.566343,1.000018,461,1.5,0.9,1.6,0.9,16.34,0.59,179,27.3,3.6,28.9,4.0,16.37,0.77,1.7657,1.7995,29.5727,0.0771,12.5348,1.7657,1.7712,180.1802,0.012,13.6865,0.18,2e-05,,,5.0,
4325364,0.582085,0.582104,0.582094,1.000033,493,2.1,1.0,3.1,1.1,15.17,0.65,46,2.8,1.5,2.2,1.3,15.16,0.51,1.718,1.7519,29.4942,0.0559,11.0474,1.7179,1.7495,31.6406,0.0394,4.4669,0.14,3e-05,,Z,11.0,period
4383859,0.548392,0.548396,0.548394,1.000007,251,1.1,1.2,1.1,1.1,16.26,0.79,489,10.8,2.0,11.3,2.0,16.19,1.08,1.8235,1.8942,14.1383,0.0582,7.1348,1.8235,1.8832,16.7406,0.0036,11.8086,0.29,1e-05,,,5.0,
4536644,0.737996,0.737997,0.737996,1.000001,425,10.6,1.9,10.6,1.9,14.66,0.64,269,8.2,1.3,8.2,1.4,14.67,0.61,1.355,1.3889,29.5116,0.1019,16.0639,1.355,1.3605,182.1494,0.0442,19.6834,0.03,0.0,,,5.0,
4598268,0.589067,0.589068,0.589068,1.000002,656,1.7,1.0,1.7,1.0,15.65,0.61,817,5.4,1.7,5.4,1.7,15.58,0.61,1.6976,1.7315,29.5072,0.0237,15.9454,1.6976,1.7005,343.0532,0.0309,20.101,0.0,0.0,,,5.0,
5692103,0.583147,0.583149,0.583148,1.000003,375,3.2,1.2,3.3,1.2,15.43,1.04,884,23.7,3.4,23.3,3.4,15.52,0.83,1.7148,1.7176,357.7818,0.0888,6.4057,1.7148,1.7232,119.3317,0.0085,15.1424,0.21,0.0,,,5.0,
5895287,0.539169,0.539184,0.539176,1.000028,522,5.2,1.7,6.4,1.8,15.53,0.75,711,26.4,2.7,28.5,2.7,15.5,0.74,1.8547,1.8887,29.4594,0.0689,14.0426,1.8547,1.8575,348.4321,0.0455,9.9493,0.01,3e-05,,,5.0,
6027467,0.647894,0.647897,0.647896,1.000005,575,6.6,1.6,6.6,1.6,15.27,0.41,656,2.0,1.4,2.0,1.3,15.31,0.32,1.5435,1.5802,27.2517,0.0263,7.9672,1.5435,1.5517,120.7729,0.0204,14.7081,0.09,0.0,,,5.0,
6266717,0.591495,0.59149,0.591492,0.999992,541,2.5,1.2,2.8,1.2,15.01,0.67,228,2.7,1.4,2.5,1.2,15.12,0.9,1.6906,1.7245,29.4898,0.0972,15.9568,1.6906,1.7015,91.9118,0.0076,13.5662,0.23,1e-05,,Z,10.0,amp
6655187,0.60656,0.606564,0.606562,1.000007,487,2.2,1.3,2.2,1.3,14.98,0.48,221,2.3,1.0,2.0,1.0,15.01,0.7,1.6486,1.6825,29.5116,0.0493,14.5814,1.6486,1.6771,35.1309,0.0074,11.2502,0.22,1e-05,,Z,10.0,amp
6701688,0.650411,0.65042,0.650416,1.000014,618,7.8,2.0,8.0,2.0,14.46,0.34,604,3.9,1.7,4.2,1.8,14.39,0.35,1.5375,1.5713,29.5465,0.0725,12.1783,1.5375,1.5458,120.5546,0.0481,9.9754,0.01,1e-05,,,5.0,
6748413,0.320907,0.320908,0.320908,1.000003,567,3.5,1.3,3.5,1.3,15.77,0.45,240,3.4,1.6,3.4,1.6,15.78,0.58,3.1162,3.15,29.5377,0.0273,27.2448,3.1162,3.1715,18.075,0.0082,23.4875,0.13,0.0,,L,6.0,amp
6793815,0.519448,0.51945,0.519449,1.000004,379,2.0,1.0,2.0,1.0,16.39,0.7,777,17.5,2.9,17.5,2.9,16.44,0.61,1.9251,1.9654,24.8478,0.0404,6.471,1.9251,2.0029,12.8617,0.0808,65.6496,0.09,0.0,,,5.0,
7124974,0.570975,0.570969,0.570972,0.999989,609,20.9,2.2,22.1,2.2,14.4,0.75,662,6.6,1.9,8.3,1.9,14.27,0.86,1.7514,1.7852,29.5727,0.0359,12.7577,1.7514,1.7543,347.2222,0.0468,15.289,0.11,1e-05,,,5.0,
7179711,0.590966,0.59097,0.590968,1.000007,399,1.7,1.0,1.7,1.0,16.06,0.68,136,9.4,2.2,9.0,2.0,16.09,0.81,1.6921,1.7288,27.3149,0.061,9.2477,1.6921,1.7657,13.5879,0.0239,6.7881,0.13,1e-05,,,5.0,
7510192,0.647056,0.647048,0.647052,0.999988,561,5.9,1.4,5.9,1.4,15.56,0.53,620,27.3,3.9,27.6,3.8,15.45,0.6,1.5455,1.5794,29.4985,0.0467,15.9597,1.5455,1.5538,120.5546,0.0227,9.2655,0.07,1e-05,,,5.0,
7661142,0.549372,0.549365,0.549368,0.999987,489,0.9,0.9,0.9,0.9,16.18,0.75,230,4.5,1.5,5.3,1.5,16.18,0.73,1.8203,1.8541,29.5596,0.0502,13.5726,1.8203,1.8258,179.6945,0.0229,15.0866,0.02,1e-05,,,5.0,
7716220,0.563336,0.563335,0.563336,0.999998,459,6.1,1.7,6.1,1.7,15.59,0.66,282,26.0,3.5,26.0,3.6,15.67,0.54,1.7751,1.7779,357.1429,0.0925,14.2236,1.7751,1.7806,182.3154,0.018,14.9828,0.12,0.0,,,5.0,
7723614,0.560912,0.560908,0.56091,0.999993,533,2.8,1.1,3.0,1.1,15.55,0.74,388,16.2,2.4,16.3,2.7,15.56,1.01,1.7828,1.8167,29.4942,0.0443,11.6989,1.7828,1.8561,13.6454,0.0053,11.8832,0.27,1e-05,,,5.0,
7779915,0.350405,0.350401,0.350403,0.999989,253,1.5,1.1,1.5,1.1,16.34,0.33,634,8.7,2.5,8.9,2.5,16.23,0.33,2.8538,2.8566,357.7818,0.0291,12.559,2.8539,2.8676,72.8597,0.003,13.0313,0.0,1e-05,,,5.0,
7997579,0.486693,0.486689,0.486691,0.999992,465,2.6,1.3,2.6,1.3,16.32,0.77,284,37.2,5.1,37.3,5.2,16.32,0.77,2.0547,2.0886,29.4551,0.0694,10.7203,2.0547,2.0807,38.4837,0.0453,15.4867,0.0,1e-05,,,5.0,
8015684,0.365534,0.365534,0.365534,1.0,367,2.4,1.3,2.4,1.3,15.22,0.42,313,2.3,1.6,2.3,1.6,15.26,0.53,2.7357,2.7696,29.4985,0.0627,17.695,2.7357,2.7414,177.6199,0.0031,12.5727,0.11,0.0,,Z,9.0,amp
8214374,0.487303,0.487291,0.487297,0.999975,264,3.1,1.2,3.2,1.2,16.13,0.79,901,33.8,3.5,35.0,3.9,16.24,0.7,2.0521,2.1014,20.2963,0.0614,7.0377,2.0522,2.0769,40.404,0.0054,16.0267,0.09,2e-05,,,5.0,
8337518,0.536969,0.53697,0.53697,1.000002,466,1.0,0.8,1.0,0.8,16.24,0.96,286,5.4,1.5,5.4,1.5,16.22,0.86,1.8623,1.8962,29.5159,0.0885,11.0986,1.8623,1.9325,14.241,0.0293,16.0763,0.1,0.0,,,5.0,
8750363,0.561315,0.561305,0.56131,0.999982,295,4.2,1.4,5.6,1.6,15.49,0.89,294,28.8,3.2,30.2,2.8,15.61,0.67,1.7815,1.8553,13.5593,0.0895,6.3436,1.7816,1.787,183.3181,0.0082,11.0827,0.22,2e-05,,,5.0,
8854248,0.34748,0.347477,0.347478,0.999991,336,3.2,1.6,3.2,1.6,15.58,0.4,272,2.6,1.3,2.7,1.3,15.61,0.4,2.8779,2.8807,357.7818,0.0871,20.6289,2.8779,2.8834,181.3237,0.0158,19.012,0.0,1e-05,,L,5.0,period
9208280,0.610506,0.610531,0.610518,1.000041,302,2.1,1.1,2.7,1.2,15.88,0.54,134,11.0,2.6,15.0,2.4,15.72,0.58,1.638,1.6719,29.5247,0.098,11.4399,1.6379,1.6706,30.6279,0.0265,6.0267,0.04,4e-05,,,5.0,
9362756,0.583821,0.583814,0.583818,0.999988,436,4.4,1.4,4.5,1.4,15.49,0.66,63,5.6,1.9,5.6,1.9,15.49,0.6,1.7129,1.7467,29.5596,0.0755,14.5477,1.7129,1.7922,12.6095,0.0274,4.3515,0.06,1e-05,,,5.0,
9365776,0.290031,0.290038,0.290034,1.000024,446,9.3,1.9,10.9,2.0,14.7,0.39,257,5.7,1.6,9.7,1.9,14.7,0.37,3.4479,3.4818,29.5116,0.0406,25.028,3.4478,3.4534,180.3427,0.0122,26.476,0.02,2e-05,,,5.0,
9507066,0.611134,0.611145,0.61114,1.000018,256,1.2,0.9,1.3,0.9,16.02,0.59,385,12.5,3.2,13.0,3.4,16.01,0.52,1.6363,1.6729,27.3224,0.0728,7.8018,1.6363,1.65,72.8332,0.0067,6.9972,0.07,2e-05,,,5.0,
9980782,0.312339,0.312337,0.312338,0.999994,505,1.3,1.0,1.4,1.0,15.56,0.4,272,6.7,2.0,6.8,2.0,15.55,0.4,3.2016,3.2355,29.5159,0.0304,16.3083,3.2017,3.2998,10.1926,0.0117,21.5958,0.0,1e-05,,,5.0,
9987252,0.55455,0.554549,0.55455,0.999998,404,2.5,1.2,2.5,1.2,16.1,0.67,221,30.9,3.6,30.9,3.8,16.13,1.04,1.8033,1.8399,27.3224,0.0713,13.8139,1.8033,1.8697,15.0421,0.0076,13.5285,0.37,0.0,,,5.0,
10578950,0.336025,0.336028,0.336026,1.000009,428,4.7,2.1,5.0,2.0,14.72,0.38,236,4.2,1.9,4.4,1.9,14.68,0.38,2.976,3.0098,29.6033,0.0389,17.0199,2.9759,2.9814,182.6484,0.0198,13.4405,0.0,1e-05,,,5.0,
11224124,0.580491,0.580476,0.580483,0.999974,318,1.6,1.0,1.7,1.1,16.24,0.67,356,3.6,1.6,3.8,1.6,16.3,0.45,1.7227,1.7537,32.2841,0.0779,7.0265,1.7227,1.729,158.1028,0.0039,8.786,0.22,3e-05,,Z,6.0,period
11303365,0.282035,0.282029,0.282032,0.999979,285,2.9,1.1,3.8,1.4,15.34,0.42,230,12.3,2.4,18.6,2.7,15.23,0.6,3.5457,3.5795,29.5247,0.0233,9.3467,3.5457,3.6276,12.2205,0.0016,9.004,0.18,2e-05,,,5.0,
11636398,0.386754,0.386761,0.386758,1.000018,257,0.9,0.8,1.1,0.9,15.72,0.43,631,7.2,2.1,8.0,2.3,15.72,0.58,2.5856,2.6224,27.222,0.0297,7.2743,2.5856,2.5912,179.3722,0.0025,18.0683,0.15,2e-05,,,5.0,
17009525,0.569504,0.56951,0.569507,1.000011,517,1.1,0.9,1.2,0.9,16.27,0.56,237,15.2,2.6,15.5,2.7,16.31,0.82,1.7559,1.7898,29.4811,0.063,13.2146,1.7559,1.7649,111.3586,0.0082,11.9255,0.26,1e-05,,,5.0,
17082877,0.358479,0.358483,0.358481,1.000011,485,1.2,1.0,1.2,1.0,16.33,0.3,432,10.4,2.4,10.6,2.4,16.42,0.49,2.7896,2.8235,29.4724,0.0262,21.001,2.7895,2.7924,350.2627,0.0253,26.8748,0.19,1e-05,,,5.0,
17436807,0.573739,0.573756,0.573748,1.00003,496,2.0,1.1,2.9,1.1,15.58,0.68,390,7.1,1.8,9.9,2.5,15.52,0.64,1.743,1.7769,29.4811,0.0626,19.4345,1.7429,1.7457,355.8719,0.0431,8.5622,0.04,3e-05,,,5.0,
21126144,0.547549,0.54755,0.547549,1.000002,574,5.1,1.2,5.1,1.2,14.75,0.86,472,6.6,1.7,6.5,1.7,14.69,0.87,1.8263,1.8603,29.4638,0.1136,14.3718,1.8263,1.8293,336.1345,0.0094,14.1436,0.01,0.0,,,5.0,
21215819,0.52438,0.524392,0.524386,1.000023,575,2.4,1.1,2.8,1.1,16.31,0.83,272,33.4,4.0,34.6,3.7,16.28,1.01,1.907,1.9549,20.8986,0.0512,15.1317,1.907,1.9549,20.8638,0.0097,15.1133,0.18,2e-05,,,5.0,
21864884,0.622468,0.622472,0.62247,1.000006,620,2.2,1.1,2.2,1.1,15.02,0.65,245,2.9,1.5,2.6,1.4,15.01,0.95,1.6065,1.6404,29.4985,0.0834,17.3345,1.6065,1.626,51.2033,0.0035,8.4389,0.3,1e-05,,Z,10.0,amp
21869616,0.518196,0.518199,0.518198,1.000006,599,5.0,1.4,4.8,1.4,15.96,0.93,420,33.2,3.7,33.5,3.8,16.05,0.79,1.9298,1.9663,27.386,0.0864,15.2307,1.9298,1.9662,27.4123,0.033,17.7931,0.14,1e-05,,,5.0,
22186695,0.503655,0.503653,0.503654,0.999996,488,3.2,1.1,3.1,1.1,16.0,0.88,319,36.1,3.6,35.5,3.6,15.94,0.9,1.9855,1.9941,116.144,0.0974,9.1611,1.9855,1.9885,334.4482,0.0243,8.2001,0.02,0.0,,,5.0,
22283909,0.576172,0.576176,0.576174,1.000007,344,3.6,1.2,3.6,1.1,15.7,0.83,597,5.4,1.5,5.2,1.5,15.65,0.78,1.7356,1.7384,352.7337,0.0348,8.9697,1.7356,1.7576,45.3926,0.0045,16.9032,0.05,1e-05,,,5.0,
22346514,0.606105,0.606121,0.606113,1.000026,309,1.4,1.0,1.6,1.0,15.69,0.53,377,5.7,2.2,5.9,2.2,15.68,0.48,1.6499,1.7206,14.1483,0.1142,9.585,1.6498,1.6548,202.2245,0.0122,11.6877,0.05,3e-05,,,5.0,
22518189,0.774108,0.774103,0.774106,0.999994,433,13.1,2.6,13.1,2.6,14.86,0.35,343,1.7,1.1,1.7,1.1,14.83,0.36,1.2918,1.3258,29.4594,0.0849,12.7522,1.2918,1.2973,182.1494,0.02,11.6576,0.01,1e-05,,,5.0,
22656422,0.606281,0.606339,0.60631,1.000096,473,1.9,1.2,3.9,1.8,15.99,0.65,344,4.0,1.2,26.2,3.3,15.94,0.7,1.6494,1.6833,29.4811,0.088,11.408,1.6492,1.6547,181.8182,0.013,9.001,0.05,0.0001,,Z,12.0,period
22720792,0.367152,0.367155,0.367154,1.000008,280,6.8,1.7,6.8,1.7,15.23,0.4,724,2.1,1.3,2.2,1.3,15.16,0.37,2.7237,2.7942,14.1733,0.031,12.4944,2.7236,2.7371,74.0741,0.0052,22.4559,0.03,1e-05,,,5.0,
23086777,0.529173,0.529165,0.529169,0.999985,258,1.9,1.2,1.9,1.1,15.55,0.84,933,16.0,2.3,18.2,2.4,15.57,0.75,1.8897,1.9476,17.2712,0.1169,7.8916,1.8898,1.9462,17.7117,0.0177,18.9441,0.09,2e-05,,,5.0,
23166739,0.543359,0.543368,0.543364,1.000017,444,6.5,1.5,7.6,1.6,15.33,0.83,404,9.7,2.3,10.5,2.3,15.48,0.54,1.8404,1.8743,29.5072,0.0466,11.0271,1.8404,1.8459,181.4882,0.0269,13.7345,0.29,2e-05,,,5.0,
23389610,0.525025,0.525022,0.525024,0.999994,263,1.3,1.0,1.3,1.0,15.77,0.82,735,5.7,1.7,5.7,1.7,15.72,0.8,1.9047,1.9537,20.3998,0.0985,10.0065,1.9047,1.9537,20.4019,0.0084,21.4633,0.02,1e-05,,,5.0,
23413190,0.579177,0.579178,0.579178,1.000002,561,2.0,1.2,2.1,1.2,16.12,0.84,398,3.0,1.4,3.0,1.4,16.11,0.78,1.7266,1.7605,29.4985,0.0916,13.3469,1.7266,1.7321,182.3154,0.0336,15.8323,0.06,0.0,,Z,9.0,amp
23707868,0.62787,0.627877,0.627874,1.000011,319,1.7,1.0,1.7,0.9,15.99,0.86,652,8.5,1.9,9.2,1.9,15.97,0.84,1.5927,1.6527,16.675,0.0699,6.276,1.5927,1.6062,73.9919,0.005,9.9529,0.02,1e-05,,,5.0,
23846316,0.588263,0.58826,0.588262,0.999995,388,3.0,1.2,3.0,1.2,15.92,0.74,202,30.5,2.8,30.6,2.9,15.87,1.12,1.6999,1.7339,29.4204,0.0374,8.3129,1.6999,1.7484,20.6271,0.0048,8.2031,0.38,1e-05,,,5.0,
23939214,0.501314,0.501313,0.501313,0.999998,325,1.7,1.1,1.8,1.1,16.02,0.98,284,36.2,4.0,36.2,4.0,15.94,1.23,1.9948,2.0001,186.2197,0.0883,6.5549,1.9948,1.9988,249.066,0.0195,23.2717,0.25,0.0,,,5.0,
24062437,0.588734,0.588747,0.58874,1.000022,321,1.7,1.1,1.9,1.2,15.76,0.62,725,5.7,2.1,6.5,2.2,15.68,0.59,1.6986,1.7662,14.7863,0.056,6.4376,1.6985,1.7449,21.5587,0.0039,13.8718,0.03,2e-05,,,5.0,
24111769,0.346903,0.346893,0.346898,0.999971,256,2.0,1.1,2.3,1.3,15.7,0.57,662,8.1,2.3,11.4,2.8,15.72,0.52,2.8826,2.9841,9.859,0.0291,8.8676,2.8827,2.8877,202.2245,0.0016,12.5672,0.05,3e-05,,,5.0,
