LINEAR id,Plinear,Pztf,Pmean,Pratio,NdataLINEAR,L_chi2dof,L_chi2dofR,Lmean_chi2dof,Lmean_chi2dofR,Lmmax,Lampl,NdataZTF,Zchi2dof,Zchi2dofR,Zmean_chi2dof,Zmean_chi2dofR,Zmmax,Zampl,MainPeakL,BlazhkoPeakL,BlazhkoPeriodL,BpowerRatioL,BsignificanceL,MainPeakZ,BlazhkoPeakZ,BlazhkoPeriodZ,BpowerRatioZ,BsignificanceZ,Ampl_diff,dP,IndicatorType,ChiType,BE_score
158779,0.609207,0.609189,0.609198,0.99997,293,3.7,1.6,4.3,1.6,15.1,0.47,616,34.2,3.9,35.6,3.9,15.19,0.68,1.6415,1.6443,352.7337,0.0468,6.5501,1.6415,1.6444,350.2627,0.0123,16.5371,0.21,3e-05,-,LZ4,7
263541,0.558218,0.558221,0.55822,1.000005,270,15.8,2.9,16.2,3.0,15.3,0.64,503,110.4,6.6,110.5,6.8,15.39,0.82,1.7914,1.8621,14.1513,0.1188,9.7432,1.7914,1.8025,89.9685,0.0021,7.5968,0.18,1e-05,-,LZ5,7
393084,0.530027,0.530033,0.53003,1.000011,493,1.6,1.1,1.6,1.1,16.18,0.96,372,19.2,3.2,18.6,3.0,16.09,1.31,1.8867,1.9447,17.2369,0.0476,11.2661,1.8867,1.8896,347.2222,0.0235,16.1149,0.35,1e-05,-,LZ4,6
810169,0.465185,0.465212,0.465198,1.000058,289,6.0,2.1,8.2,2.3,15.47,0.77,743,15.1,2.8,31.4,3.6,15.59,0.75,2.1497,2.2232,13.6017,0.066,9.937,2.1496,2.223,13.6082,0.0077,16.149,0.02,6e-05,-,LZ3,5
924301,0.507503,0.50744,0.507472,0.999876,418,13.8,1.9,35.3,3.8,15.42,0.87,189,162.9,9.3,224.9,11.1,15.65,0.79,1.9704,2.0043,29.5072,0.0503,11.4848,1.9707,1.9763,178.4121,0.0219,18.8612,0.08,0.00012,-,LZ5,8
970326,0.592233,0.592231,0.592232,0.999997,275,1.9,1.1,1.9,1.1,15.91,0.51,552,7.7,2.1,7.6,2.1,15.88,0.75,1.6885,1.7563,14.7656,0.0676,7.0802,1.6885,1.6992,93.2836,0.0052,18.7531,0.24,0.0,-,LZ3,5
999528,0.658401,0.658407,0.658404,1.000009,564,1.8,1.2,1.9,1.2,16.22,0.57,213,21.7,2.7,22.0,2.6,16.21,0.92,1.5188,1.5527,29.5247,0.0685,14.9114,1.5188,1.551,31.0366,0.0156,13.0403,0.35,1e-05,-,LZ3,5
1005497,0.653607,0.653605,0.653606,0.999997,607,2.1,1.1,2.1,1.1,15.66,0.6,192,12.4,2.1,12.8,2.1,15.76,0.83,1.53,1.5639,29.4638,0.0567,11.4094,1.53,1.5481,55.1116,0.0233,12.4111,0.23,0.0,-,LZ3,5
1092244,0.649496,0.649558,0.649527,1.000095,590,2.3,1.2,5.2,1.7,16.09,0.72,326,32.1,3.6,51.6,5.3,16.15,0.58,1.5397,1.5735,29.5421,0.1267,13.4443,1.5395,1.564,40.833,0.0138,14.1927,0.14,0.0001,-,LZ4,7
1244554,0.536875,0.536962,0.536919,1.000162,469,9.5,1.8,18.4,2.7,15.78,0.71,312,14.8,2.3,177.1,7.5,15.58,0.97,1.8626,1.8966,29.4638,0.0687,12.3222,1.8623,1.9325,14.2481,0.0416,15.6071,0.26,0.00016,-,LZ3,7
1271119,0.56527,0.565257,0.565264,0.999977,280,2.9,1.0,3.0,0.9,16.24,0.69,521,45.5,4.0,47.2,4.3,16.3,0.9,1.7691,1.8366,14.806,0.1103,5.8052,1.7691,1.7739,208.3333,0.0071,16.6725,0.21,2e-05,-,LZ4,6
1332201,0.580711,0.580731,0.580721,1.000034,260,9.2,1.6,9.8,1.6,15.22,0.59,208,50.1,4.2,60.5,4.9,15.23,0.83,1.722,1.7559,29.4942,0.0723,12.3986,1.722,1.7918,14.3225,0.0045,6.6974,0.24,3e-05,-,LZ4,7
1390653,0.521867,0.521871,0.521869,1.000008,524,4.2,1.3,4.1,1.3,15.83,1.1,310,44.9,4.1,47.1,4.4,15.79,1.28,1.9162,1.9502,29.4291,0.0516,10.3776,1.9162,2.0026,11.5768,0.0326,51.297,0.18,1e-05,-,LZ4,6
1448299,0.606912,0.60694,0.606926,1.000046,435,32.5,2.7,35.1,3.0,15.05,0.77,267,35.6,5.4,40.8,5.4,15.03,0.7,1.6477,1.6816,29.4551,0.0762,16.5293,1.6476,1.6531,180.9955,0.0363,15.03,0.07,5e-05,-,LZ5,8
1539000,0.500288,0.500279,0.500284,0.999982,410,6.1,1.5,6.5,1.5,15.15,0.89,468,66.3,3.6,65.2,3.4,15.08,1.13,1.9989,2.0021,303.9514,0.0487,10.3001,1.9989,2.0017,355.8719,0.0388,21.2223,0.24,2e-05,-,LZ4,6
1593736,0.592628,0.59265,0.592639,1.000037,264,2.1,1.2,2.2,1.2,16.45,0.37,532,35.9,5.7,36.4,5.5,16.63,0.36,1.6874,1.7584,14.0795,0.0353,8.9538,1.6873,1.691,272.4796,0.0024,10.2752,0.01,4e-05,-,LZ5,6
1748058,0.310237,0.310176,0.310206,0.999803,463,2.2,1.4,13.5,4.2,15.74,0.38,272,30.7,5.7,40.7,7.1,15.76,0.23,3.2233,3.2572,29.5203,0.0428,20.2894,3.224,3.2297,173.3102,0.0077,8.322,0.15,0.0002,-,LZ5,7
1790596,0.534498,0.534506,0.534502,1.000015,509,19.3,3.1,19.6,3.2,15.01,0.79,327,15.6,3.3,14.7,3.2,15.06,0.7,1.8709,1.9046,29.6868,0.0593,9.7975,1.8709,1.8764,182.1494,0.0295,18.4817,0.09,1e-05,-,LZ5,6
1882354,0.695061,0.695029,0.695045,0.999954,313,3.0,1.5,3.9,1.7,15.82,0.63,411,13.2,2.8,15.8,2.8,15.71,0.7,1.4387,1.4909,19.1516,0.0753,8.1631,1.4388,1.4419,326.2643,0.0285,15.2308,0.07,5e-05,-,LZ3,6
2041979,0.653694,0.653639,0.653666,0.999916,276,1.5,1.2,2.4,1.3,16.14,0.63,1378,57.5,5.3,66.8,5.7,16.27,0.64,1.5298,1.5944,15.4607,0.063,6.6223,1.5299,1.5816,19.3442,0.0024,6.8018,0.01,8e-05,-,LZ5,7
2050107,0.686454,0.686466,0.68646,1.000017,190,16.4,3.9,19.8,3.9,14.22,0.78,1388,22.3,3.3,22.9,3.4,14.3,0.64,1.4568,1.4906,29.5159,0.157,4.531,1.4567,1.4633,151.2859,0.0025,9.8127,0.14,2e-05,-,LZ5,6
2122319,0.359422,0.359424,0.359423,1.000006,519,7.2,2.1,7.2,2.2,15.64,0.38,199,36.6,6.1,36.5,6.2,15.67,0.55,2.7822,2.8161,29.5421,0.0269,16.6582,2.7822,2.8926,9.0645,0.0044,8.681,0.17,1e-05,-,LZ5,7
2229607,0.575179,0.575211,0.575195,1.000056,290,2.7,1.2,2.8,1.2,16.13,0.55,731,38.3,4.4,48.2,4.3,16.11,0.81,1.7386,1.8093,14.1383,0.0626,7.3519,1.7385,1.7433,207.2539,0.0017,10.3544,0.26,6e-05,-,LZ4,8
2243683,0.579777,0.579803,0.57979,1.000045,531,22.0,3.1,24.8,3.2,15.07,0.52,262,36.0,4.3,42.2,4.3,14.96,0.56,1.7248,1.7588,29.4204,0.0526,16.6097,1.7247,1.7303,180.018,0.0141,8.5969,0.04,4e-05,-,LZ5,6
2264042,0.655373,0.655391,0.655382,1.000027,391,6.5,1.6,6.8,1.6,15.81,0.74,299,57.4,4.0,58.4,3.9,15.71,0.76,1.5258,1.5597,29.5465,0.065,8.5938,1.5258,1.5313,182.4818,0.0199,10.8262,0.02,3e-05,-,LZ4,5
2280940,0.562372,0.562374,0.562373,1.000004,310,1.4,1.1,1.4,1.1,16.22,0.84,735,17.5,3.2,17.3,3.2,16.2,1.01,1.7782,1.8461,14.7286,0.0537,5.6057,1.7782,1.7847,153.2567,0.0019,14.1571,0.17,0.0,-,LZ4,6
2333087,0.551462,0.551424,0.551443,0.999931,560,29.8,3.5,39.6,3.3,15.03,0.72,202,90.2,8.0,111.0,8.6,15.07,0.88,1.8134,1.8473,29.5072,0.0896,12.6236,1.8135,1.8304,59.0842,0.004,7.1818,0.16,7e-05,-,LZ5,9
2334384,0.555341,0.555333,0.555337,0.999986,443,10.5,2.0,10.7,2.1,15.01,0.63,204,84.7,6.5,88.6,6.6,15.0,0.88,1.8007,1.8346,29.5377,0.0505,9.9968,1.8007,1.8353,28.9394,0.0038,6.6725,0.25,1e-05,-,LZ5,7
2397296,0.488814,0.488836,0.488825,1.000045,522,3.2,1.2,3.9,1.3,16.17,0.65,196,78.9,6.6,84.1,6.8,16.02,1.01,2.0458,2.0796,29.5421,0.0595,14.0709,2.0457,2.0672,46.5224,0.0206,14.176,0.36,5e-05,-,LZ5,9
2414841,0.559611,0.559592,0.559602,0.999966,522,5.6,1.7,6.5,1.8,15.25,0.69,305,62.8,5.7,79.8,6.0,15.33,1.09,1.787,1.8208,29.5421,0.0855,11.1928,1.787,1.792,201.2072,0.0092,11.4217,0.4,3e-05,-,LZ5,8
2612592,0.571562,0.571543,0.571552,0.999967,270,2.4,1.3,3.5,1.4,15.31,0.76,1391,24.8,2.8,27.7,2.9,15.26,0.7,1.7496,1.8173,14.7787,0.0978,5.8651,1.7496,1.7544,208.5506,0.0068,18.0944,0.06,3e-05,-,LZ3,5
2683009,0.606278,0.60621,0.606244,0.999888,180,63.6,6.6,69.4,5.7,14.73,0.82,892,88.8,7.4,102.1,8.7,14.88,0.52,1.6494,1.6833,29.4942,0.1386,6.6443,1.6496,1.6603,93.7207,0.0028,17.082,0.3,0.00011,-,LZ5,9
2851826,0.521838,0.521842,0.52184,1.000008,257,1.6,1.0,1.7,1.0,15.74,0.95,653,18.1,2.5,19.7,2.5,15.63,1.21,1.9163,1.9595,23.1642,0.0985,8.7198,1.9163,1.9595,23.1374,0.0137,22.2937,0.26,1e-05,-,LZ3,5
2889542,0.570913,0.570911,0.570912,0.999996,457,2.7,1.3,2.7,1.3,15.56,0.96,170,9.2,2.5,8.2,2.5,15.44,1.35,1.7516,1.7855,29.4855,0.0521,11.8677,1.7516,1.8062,18.3268,0.0054,6.1558,0.39,0.0,-,LZ3,5
2892940,0.539855,0.539896,0.539876,1.000076,462,3.7,1.3,5.1,1.5,16.16,0.9,169,49.1,4.2,78.5,6.0,16.06,1.21,1.8523,1.8862,29.529,0.0783,12.9993,1.8522,1.9288,13.0514,0.0238,10.5259,0.31,8e-05,-,LZ4,8
2936953,0.328746,0.328733,0.328739,0.99996,271,13.0,2.7,14.6,3.2,14.88,0.35,187,2.5,1.3,3.3,1.2,14.93,0.29,3.0419,3.1123,14.1995,0.0339,14.705,3.042,3.0448,356.5062,0.04,17.0701,0.06,4e-05,-,LZ3,5
3140139,0.30459,0.304585,0.304588,0.999984,255,7.7,2.5,7.8,2.6,15.62,0.4,343,25.1,5.6,26.5,5.4,15.49,0.6,3.2831,3.3529,14.3338,0.0256,10.8164,3.2832,3.4219,7.2056,0.0035,8.4888,0.2,2e-05,-,LZ5,7
3183285,0.349653,0.349664,0.349658,1.000031,485,4.1,1.2,5.2,1.5,15.51,0.48,588,15.7,2.8,22.3,3.2,15.46,0.58,2.86,2.8939,29.4768,0.0388,17.3861,2.8599,2.8654,181.8182,0.0024,15.1581,0.1,3e-05,-,LZ3,5
3196582,0.268017,0.268018,0.268018,1.000004,479,8.6,2.5,9.0,2.5,14.82,0.35,172,10.1,3.4,10.1,3.4,14.7,0.51,3.7311,3.765,29.5203,0.0285,25.6121,3.7311,3.8361,9.5256,0.0026,6.7338,0.16,0.0,-,LZ4,6
3196780,0.504148,0.504199,0.504174,1.000101,475,9.3,2.2,30.8,2.9,15.15,0.81,286,21.5,3.2,102.9,6.9,15.08,0.85,1.9835,2.0029,51.7331,0.0734,18.1467,1.9833,1.9889,181.653,0.023,11.623,0.04,0.0001,-,LZ4,6
3219035,0.326746,0.326509,0.326627,0.999275,376,23.9,3.9,51.5,7.6,14.83,0.32,168,11.5,2.6,39.5,5.0,14.93,0.23,3.0605,3.1287,14.6692,0.0327,10.1934,3.0627,3.0661,294.1176,0.02,12.0769,0.09,0.00073,-,LZ4,7
3463199,0.334718,0.33471,0.334714,0.999976,297,0.6,0.7,0.7,0.7,16.61,0.51,579,11.3,2.3,13.4,2.5,16.51,0.67,2.9876,3.0584,14.1153,0.0382,10.1683,2.9877,2.9952,133.2445,0.0044,23.6348,0.16,2e-05,-,LZ3,5
3491287,0.490986,0.490995,0.49099,1.000018,483,4.1,1.4,4.9,1.5,15.25,0.94,504,37.9,3.8,44.4,3.9,15.28,0.8,2.0367,2.0537,58.8408,0.058,11.9199,2.0367,2.0537,58.8755,0.0099,18.3211,0.14,2e-05,-,LZ4,5
3589854,0.612893,0.612953,0.612923,1.000098,468,29.1,3.9,47.9,5.2,14.57,0.49,545,45.0,5.8,59.9,6.3,14.46,0.5,1.6316,1.6656,29.4031,0.0565,15.3618,1.6314,1.6369,184.6722,0.0169,17.6992,0.01,0.0001,-,LZ5,7
3591037,0.558643,0.558609,0.558626,0.999939,449,5.4,1.3,12.5,1.7,15.69,0.76,544,30.1,3.5,50.9,4.1,15.72,0.65,1.7901,1.7929,352.1127,0.0622,13.9545,1.7902,1.7956,182.3154,0.012,20.9073,0.11,6e-05,-,LZ4,7
3941776,0.532222,0.532209,0.532216,0.999976,271,18.8,2.8,21.2,2.9,14.88,0.77,549,89.0,6.0,90.4,6.3,14.92,0.61,1.8789,1.9253,21.5564,0.065,9.3459,1.879,1.8844,184.1621,0.0104,16.0939,0.16,2e-05,-,LZ5,7
3960704,0.645879,0.645834,0.645856,0.99993,297,4.6,1.6,8.5,1.8,15.48,0.72,671,20.6,2.6,30.9,3.3,15.62,0.7,1.5483,1.585,27.2442,0.068,8.2365,1.5484,1.5539,182.9826,0.0197,20.0859,0.02,7e-05,-,LZ3,5
4101289,0.379225,0.37925,0.379238,1.000066,256,2.0,1.2,3.1,1.4,15.72,0.39,657,9.0,2.7,11.8,3.1,15.66,0.37,2.637,2.7048,14.7308,0.0266,8.732,2.6368,2.6416,209.205,0.002,9.3479,0.02,7e-05,-,LZ3,5
4234952,0.566338,0.566348,0.566343,1.000018,461,1.5,0.9,1.6,0.9,16.34,0.59,179,27.3,3.6,28.9,4.0,16.37,0.77,1.7657,1.7995,29.5727,0.0771,12.5348,1.7657,1.7712,180.1802,0.012,13.6865,0.18,2e-05,-,LZ4,6
4282396,0.392234,0.392238,0.392236,1.00001,311,11.6,2.4,11.9,2.6,15.25,0.51,885,47.1,5.9,47.3,5.9,15.34,0.54,2.5495,2.5833,29.5465,0.064,13.6785,2.5495,2.555,181.1594,0.0014,13.4329,0.03,1e-05,-,LZ5,5
4320492,0.361005,0.360942,0.360974,0.999825,480,15.1,3.7,60.7,8.5,14.44,0.26,290,11.2,1.8,59.3,7.9,14.41,0.29,2.77,2.8039,29.5116,0.0479,22.7361,2.7705,2.7761,180.9955,0.0204,18.423,0.03,0.00017,-,LZ4,6
4327168,0.330944,0.330937,0.33094,0.999979,482,1.4,1.1,1.8,1.2,15.62,0.39,182,11.3,2.8,14.0,3.0,15.62,0.56,3.0217,3.0555,29.5116,0.0684,24.8728,3.0217,3.0299,121.8769,0.0161,32.6421,0.17,2e-05,-,LZ3,5
4512465,0.533053,0.533051,0.533052,0.999996,233,4.3,1.1,4.3,1.2,15.51,0.83,1039,47.6,3.4,47.5,3.5,15.43,1.13,1.876,1.9255,20.1816,0.092,5.9057,1.876,1.9394,15.7791,0.0079,17.9495,0.3,0.0,-,LZ4,6
4551971,0.532348,0.532366,0.532357,1.000034,291,1.9,1.1,3.2,1.2,15.4,0.98,582,53.4,3.7,77.8,4.1,15.3,1.24,1.8785,1.9406,16.1005,0.0805,6.6127,1.8784,1.9406,16.0862,0.0133,17.5356,0.26,3e-05,-,LZ4,7
4804945,0.556172,0.556217,0.556194,1.000081,279,12.5,2.5,13.0,2.8,15.49,0.58,889,100.5,7.8,101.2,7.4,15.47,0.56,1.798,1.8683,14.2268,0.0349,6.1948,1.7979,1.8017,258.3979,0.0033,11.3557,0.02,8e-05,-,LZ5,7
4912051,0.571577,0.571435,0.571506,0.999752,638,9.4,2.1,24.7,2.9,15.61,0.63,311,133.5,8.2,193.3,10.5,15.75,0.7,1.7495,1.7835,29.4855,0.0387,11.1132,1.75,1.7528,356.5062,0.009,14.0683,0.07,0.00025,-,LZ5,8
5168861,0.597417,0.597442,0.59743,1.000042,198,5.0,1.7,6.3,1.9,14.91,0.59,691,21.9,3.1,28.0,3.5,14.87,0.58,1.6739,1.7168,23.3127,0.081,6.1403,1.6738,1.6793,180.3427,0.0014,9.6862,0.01,4e-05,-,LZ4,5
5308437,0.46268,0.462679,0.46268,0.999998,365,88.0,3.7,88.0,3.7,14.07,0.92,634,16.6,2.5,16.7,2.5,13.86,1.08,2.1613,2.2406,12.6119,0.0695,15.6799,2.1613,2.2407,12.6056,0.0168,13.7483,0.16,0.0,-,LZ4,6
5421989,0.53451,0.534527,0.534518,1.000032,288,0.8,0.8,0.9,0.8,16.38,0.76,2670,13.5,2.5,18.9,2.4,16.21,0.85,1.8709,1.9414,14.1884,0.0538,8.7567,1.8708,1.9368,15.1561,0.0186,17.6914,0.09,3e-05,-,LZ3,5
5424357,0.517283,0.51728,0.517281,0.999994,240,1.3,1.0,1.3,0.9,16.07,0.85,1096,22.9,2.8,23.0,2.9,16.08,1.15,1.9332,2.0037,14.1814,0.1065,6.5134,1.9332,1.968,28.7315,0.0168,24.9942,0.3,1e-05,-,LZ3,5
5530643,0.490349,0.490334,0.490342,0.999969,545,1.8,0.9,2.8,1.0,15.71,1.24,658,14.7,2.2,28.6,2.1,15.74,0.98,2.0394,2.0733,29.4768,0.1302,18.253,2.0394,2.0424,339.5586,0.042,11.1214,0.26,3e-05,-,LZ3,6
5692103,0.583147,0.583149,0.583148,1.000003,375,3.2,1.2,3.3,1.2,15.43,1.04,884,23.7,3.4,23.3,3.4,15.52,0.83,1.7148,1.7176,357.7818,0.0888,6.4057,1.7148,1.7232,119.3317,0.0085,15.1424,0.21,0.0,-,LZ4,6
5844704,0.530367,0.530401,0.530384,1.000064,197,1.9,1.5,2.9,1.4,15.92,0.97,1506,19.1,3.1,29.7,4.1,16.2,0.56,1.8855,1.9387,18.7811,0.0793,4.3641,1.8854,1.944,17.0459,0.0063,14.8073,0.41,6e-05,-,LZ4,8
5977769,0.555959,0.555952,0.555956,0.999987,359,1.7,1.1,1.8,1.1,16.04,0.82,795,22.1,3.2,26.3,3.2,16.03,0.94,1.7987,1.8325,29.5814,0.0352,10.251,1.7987,1.8016,349.0401,0.1265,4.4195,0.12,1e-05,-,LZ4,5
6022777,0.495745,0.495724,0.495734,0.999958,572,8.2,1.6,16.9,1.6,15.19,1.01,328,44.3,4.2,78.7,4.2,15.16,1.34,2.0172,2.0244,138.6963,0.0572,13.0042,2.0173,2.0245,138.6001,0.0202,24.102,0.33,4e-05,-,LZ4,7
6248770,0.486017,0.486023,0.48602,1.000012,516,11.0,2.0,11.5,1.9,15.16,0.88,228,80.4,3.7,86.3,4.0,15.05,1.22,2.0575,2.0941,27.356,0.0505,13.9266,2.0575,2.0849,36.5631,0.0065,11.5118,0.34,1e-05,-,LZ4,6
6651516,0.308488,0.308496,0.308492,1.000026,426,2.1,1.3,3.5,1.7,15.25,0.36,448,60.9,5.8,64.2,5.2,15.25,0.48,3.2416,3.2755,29.4724,0.0439,26.5685,3.2415,3.3595,8.4767,0.0031,12.7208,0.12,3e-05,-,LZ5,7
6819457,0.436282,0.436265,0.436274,0.999961,325,32.5,3.6,39.8,3.9,15.03,0.95,1358,121.2,9.6,136.2,10.4,15.11,0.79,2.2921,2.295,346.0208,0.0669,9.4986,2.2922,2.3005,120.048,0.0205,11.7902,0.16,4e-05,-,LZ5,8
6844511,0.591013,0.591001,0.591007,0.99998,241,5.5,1.4,6.2,1.5,15.81,0.96,571,38.6,4.6,51.1,4.8,15.87,0.89,1.692,1.726,29.4334,0.1824,9.1479,1.692,1.695,337.2681,0.0784,6.7819,0.07,2e-05,-,LZ4,5
6967017,0.529691,0.529677,0.529684,0.999974,323,13.3,2.3,15.2,2.3,14.63,0.63,231,70.6,6.9,79.5,7.1,14.57,0.96,1.8879,1.9218,29.4724,0.0791,14.2362,1.8879,1.9467,17.0111,0.0095,13.6909,0.33,3e-05,-,LZ5,8
7048826,0.317781,0.31779,0.317786,1.000028,535,4.0,1.4,8.0,1.9,14.93,0.5,597,55.3,5.9,62.3,4.9,14.93,0.46,3.1468,3.1807,29.4942,0.0464,26.9053,3.1467,3.1497,338.4095,0.0254,16.6105,0.04,3e-05,-,LZ5,6
7119535,0.576808,0.576796,0.576802,0.999979,623,1.8,0.9,1.8,1.0,16.62,0.5,276,30.2,3.5,30.7,3.3,16.76,0.84,1.7337,1.7676,29.4855,0.0558,13.4506,1.7337,1.7365,353.3569,0.0328,19.3814,0.34,2e-05,-,LZ4,6
7337289,0.404115,0.404114,0.404114,0.999998,552,4.4,1.7,4.4,1.8,15.53,0.37,248,25.4,3.9,25.4,3.9,15.62,0.51,2.4745,2.5084,29.5508,0.0413,18.8369,2.4745,2.555,12.4285,0.0026,6.5204,0.14,0.0,-,LZ4,5
7344401,0.330201,0.330226,0.330214,1.000076,397,5.9,1.8,9.5,2.3,15.15,0.36,1164,22.0,2.7,36.4,3.8,15.12,0.48,3.0285,3.13,9.8449,0.0174,8.5404,3.0282,3.0393,89.9281,0.0016,19.5173,0.12,8e-05,-,LZ3,6
7510192,0.647056,0.647048,0.647052,0.999988,561,5.9,1.4,5.9,1.4,15.56,0.53,620,27.3,3.9,27.6,3.8,15.45,0.6,1.5455,1.5794,29.4985,0.0467,15.9597,1.5455,1.5538,120.5546,0.0227,9.2655,0.07,1e-05,-,LZ4,5
7553128,0.622806,0.622799,0.622802,0.999989,213,1.0,1.0,1.0,0.9,15.8,0.38,820,8.8,2.8,9.1,2.8,15.85,0.57,1.6056,1.6755,14.3133,0.0643,4.8005,1.6057,1.6743,14.5624,0.003,11.2981,0.19,1e-05,-,LZ3,5
7657340,0.49548,0.495493,0.495486,1.000026,482,11.8,2.3,12.4,2.3,15.67,0.79,511,31.0,4.0,32.5,4.3,15.68,0.73,2.0182,2.0274,109.1703,0.0294,9.7739,2.0182,2.0259,129.9545,0.0385,15.1915,0.06,3e-05,-,LZ4,6
7716220,0.563336,0.563335,0.563336,0.999998,459,6.1,1.7,6.1,1.7,15.59,0.66,282,26.0,3.5,26.0,3.6,15.67,0.54,1.7751,1.7779,357.1429,0.0925,14.2236,1.7751,1.7806,182.3154,0.018,14.9828,0.12,0.0,-,LZ4,5
7723614,0.560912,0.560908,0.56091,0.999993,533,2.8,1.1,3.0,1.1,15.55,0.74,388,16.2,2.4,16.3,2.7,15.56,1.01,1.7828,1.8167,29.4942,0.0443,11.6989,1.7828,1.8561,13.6454,0.0053,11.8832,0.27,1e-05,-,LZ3,5
7811366,0.489523,0.489521,0.489522,0.999996,253,11.4,2.0,11.5,2.0,15.18,0.81,1119,62.0,4.7,62.2,4.7,15.07,1.08,2.0428,2.1151,13.8293,0.0483,5.9174,2.0428,2.0629,49.8504,0.0083,26.4856,0.27,0.0,-,LZ4,6
7836810,0.547266,0.547317,0.547292,1.000093,362,11.9,3.5,14.0,3.7,15.48,0.46,324,25.8,3.7,30.7,3.8,15.56,0.44,1.8273,1.8611,29.5247,0.0352,8.609,1.8271,1.8326,182.4818,0.0202,18.289,0.02,9e-05,-,LZ5,7
7846640,0.551495,0.551518,0.551506,1.000042,447,5.3,1.5,6.0,1.4,16.05,0.76,178,109.1,9.2,119.4,8.4,16.21,0.81,1.8133,1.8942,12.3472,0.0616,8.0539,1.8132,1.8236,96.0615,0.0061,7.4412,0.05,4e-05,-,LZ5,6
7997579,0.486693,0.486689,0.486691,0.999992,465,2.6,1.3,2.6,1.3,16.32,0.77,284,37.2,5.1,37.3,5.2,16.32,0.77,2.0547,2.0886,29.4551,0.0694,10.7203,2.0547,2.0807,38.4837,0.0453,15.4867,0.0,1e-05,-,LZ5,5
8036191,0.36386,0.363893,0.363877,1.000091,438,7.8,2.2,24.0,2.9,15.0,0.4,175,10.9,1.6,26.7,4.0,14.91,0.6,2.7483,2.7822,29.5116,0.0398,17.86,2.7481,2.8768,7.7688,0.0057,5.4954,0.2,9e-05,-,LZ3,7
8214374,0.487303,0.487291,0.487297,0.999975,264,3.1,1.2,3.2,1.2,16.13,0.79,901,33.8,3.5,35.0,3.9,16.24,0.7,2.0521,2.1014,20.2963,0.0614,7.0377,2.0522,2.0769,40.404,0.0054,16.0267,0.09,2e-05,-,LZ4,5
8222011,0.35092,0.350914,0.350917,0.999983,264,5.2,2.0,5.3,2.0,15.59,0.46,729,25.2,4.8,25.7,4.9,15.63,0.35,2.8497,2.8923,23.4247,0.0281,8.14,2.8497,2.8532,284.495,0.0019,13.0052,0.11,2e-05,-,LZ4,5
8311517,0.523354,0.523359,0.523356,1.00001,331,11.4,1.8,11.5,1.8,15.3,0.74,257,48.6,3.6,50.4,3.7,15.21,0.99,1.9108,1.9567,21.7533,0.0446,9.2461,1.9107,1.9567,21.7439,0.0149,18.7973,0.25,1e-05,-,LZ4,6
8342007,0.469585,0.469589,0.469587,1.000009,491,9.2,2.0,9.1,1.8,14.91,0.93,208,26.8,3.4,29.4,3.5,14.75,1.28,2.1295,2.1634,29.577,0.0653,12.4369,2.1295,2.193,15.7629,0.0083,14.0777,0.35,1e-05,-,LZ4,6
8343291,0.569785,0.569791,0.569788,1.000011,474,31.4,3.3,31.8,3.2,14.95,0.7,288,63.3,5.1,63.5,5.1,14.88,0.68,1.755,1.7888,29.6121,0.0427,11.3625,1.755,1.7605,181.4882,0.0139,10.6149,0.02,1e-05,-,LZ5,5
8574195,0.576044,0.576038,0.576041,0.99999,188,8.9,1.7,8.9,1.6,15.46,0.64,1550,40.9,4.3,41.2,4.2,15.46,0.52,1.736,1.7696,29.7089,0.0958,9.6609,1.736,1.7414,185.0139,0.002,13.0023,0.12,1e-05,-,LZ4,5
8669917,0.554217,0.55421,0.554213,0.999987,228,11.6,2.1,11.6,2.0,15.12,0.79,502,34.0,5.1,35.0,4.9,15.14,0.97,1.8043,1.875,14.1513,0.0966,7.9283,1.8044,1.8194,66.379,0.0017,9.3804,0.18,1e-05,-,LZ5,7
8738578,0.631217,0.631243,0.63123,1.000041,277,0.7,0.7,0.7,0.7,16.44,0.32,641,8.9,2.9,10.4,3.2,16.54,0.44,1.5842,1.6228,25.937,0.0653,5.0496,1.5842,1.5891,204.7083,0.0028,13.2658,0.12,4e-05,-,LZ3,5
8745173,0.489914,0.490045,0.48998,1.000267,296,6.0,1.9,15.9,3.1,15.94,0.71,201,41.5,4.8,252.6,13.2,15.74,1.11,2.0412,2.1152,13.5071,0.0741,11.7373,2.0406,2.0786,26.3089,0.0095,15.4284,0.4,0.00027,-,LZ4,8
8750363,0.561315,0.561305,0.56131,0.999982,295,4.2,1.4,5.6,1.6,15.49,0.89,294,28.8,3.2,30.2,2.8,15.61,0.67,1.7815,1.8553,13.5593,0.0895,6.3436,1.7816,1.787,183.3181,0.0082,11.0827,0.22,2e-05,-,LZ4,6
8786633,0.67738,0.677441,0.67741,1.00009,202,11.8,2.2,21.6,2.7,14.46,0.49,605,54.4,5.5,61.7,5.1,14.14,0.68,1.4763,1.4939,56.6733,0.0996,8.1139,1.4761,1.4811,202.2245,0.0063,8.4953,0.19,9e-05,-,LZ5,9
8797911,0.539254,0.539393,0.539324,1.000258,244,13.8,2.4,56.8,5.5,14.73,0.5,843,18.0,2.6,214.1,10.4,14.41,0.82,1.8544,1.8572,356.5062,0.1257,8.944,1.8539,1.9283,13.4463,0.0177,12.9931,0.32,0.00026,-,LZ3,7
8867725,0.505451,0.505352,0.505402,0.999804,218,2.4,1.1,16.0,2.8,15.41,0.9,805,96.3,6.5,212.3,11.6,15.53,0.59,1.9784,2.0461,14.771,0.0912,7.0978,1.9788,1.9907,84.0689,0.0105,23.4574,0.31,0.0002,-,LZ5,9
9041967,0.587104,0.587101,0.587102,0.999995,224,3.8,1.4,3.8,1.4,15.53,0.54,503,38.0,3.7,38.1,3.7,15.49,0.78,1.7033,1.7215,54.7495,0.0695,6.6274,1.7033,1.7082,203.666,0.0063,21.0047,0.24,1e-05,-,LZ4,6
9063194,0.575781,0.57576,0.57577,0.999964,467,16.1,2.4,24.1,2.9,14.73,0.83,283,24.2,3.1,30.0,3.6,14.79,0.65,1.7368,1.7707,29.4898,0.0781,17.0849,1.7368,1.7424,179.3722,0.0134,14.056,0.18,4e-05,-,LZ4,7
9357148,0.539892,0.539866,0.539879,0.999952,248,3.9,1.6,5.9,1.6,15.81,0.69,319,76.3,5.1,83.7,5.8,15.9,0.52,1.8522,1.9275,13.2846,0.0887,8.3056,1.8523,1.9275,13.2926,0.0125,9.3868,0.17,5e-05,-,LZ5,9
9399448,0.527622,0.527621,0.527622,0.999998,226,3.1,1.3,3.1,1.3,15.7,0.75,496,10.9,2.3,10.9,2.3,15.76,0.55,1.8953,1.949,18.6202,0.066,5.8649,1.8953,1.949,18.622,0.0128,18.5889,0.2,0.0,-,LZ3,5
9852554,0.651339,0.651367,0.651353,1.000043,339,1.1,1.0,1.6,1.1,16.42,0.67,217,46.6,4.5,50.6,5.5,16.53,0.75,1.5353,1.557,46.0617,0.0544,7.4618,1.5352,1.6001,15.4048,0.0257,6.829,0.08,4e-05,-,LZ4,6
9918809,0.47946,0.479509,0.479484,1.000102,265,7.8,1.9,8.3,2.2,15.81,0.6,601,161.8,11.6,169.8,11.9,15.72,0.58,2.0857,2.1556,14.3113,0.0438,5.8301,2.0855,2.099,73.7735,0.007,11.8408,0.02,0.0001,-,LZ5,7
9968431,0.302266,0.302211,0.302238,0.999818,273,2.8,1.7,7.3,2.3,16.08,0.32,323,7.4,2.2,47.0,7.5,16.04,0.38,3.3083,3.4584,6.666,0.0295,5.9893,3.3089,3.4607,6.588,0.0191,9.3307,0.06,0.00018,-,LZ3,6
9979905,0.338739,0.338739,0.338739,1.0,457,7.9,2.5,7.9,2.5,14.72,0.46,220,11.3,2.3,11.3,2.3,14.69,0.69,2.9521,2.986,29.5072,0.0354,19.9321,2.9521,2.9788,37.5023,0.0051,20.0293,0.23,0.0,-,LZ3,5
9987252,0.55455,0.554549,0.55455,0.999998,404,2.5,1.2,2.5,1.2,16.1,0.67,221,30.9,3.6,30.9,3.8,16.13,1.04,1.8033,1.8399,27.3224,0.0713,13.8139,1.8033,1.8697,15.0421,0.0076,13.5285,0.37,0.0,-,LZ4,6
10021274,0.57692,0.576932,0.576926,1.000021,214,11.5,2.6,12.6,2.3,14.45,0.75,839,43.7,3.6,50.0,3.9,14.29,1.12,1.7333,1.7361,357.1429,0.051,5.8012,1.7333,1.7396,158.9825,0.0018,16.4867,0.37,2e-05,-,LZ4,6
10030349,0.545073,0.545074,0.545074,1.000002,255,8.7,2.1,8.7,2.1,14.76,0.75,901,34.2,4.4,34.2,4.4,14.68,0.82,1.8346,1.9187,11.8984,0.0863,7.2172,1.8346,1.9187,11.8984,0.0209,6.9202,0.07,0.0,-,LZ4,5
10260828,0.380655,0.380643,0.380649,0.999968,280,5.3,2.2,5.5,2.1,15.75,0.35,862,77.3,7.4,79.7,8.0,15.7,0.49,2.6271,2.6976,14.1653,0.0328,9.7681,2.6271,2.6306,284.495,0.0038,25.5513,0.14,3e-05,-,LZ5,7
10399422,0.551844,0.551838,0.551841,0.999989,233,27.2,2.8,27.4,2.9,14.51,0.74,829,42.4,4.7,43.5,4.7,14.36,1.03,1.8121,1.8797,14.7885,0.0732,7.2888,1.8121,1.8155,299.4012,0.0043,15.718,0.29,1e-05,-,LZ4,6
10442149,0.519646,0.519648,0.519647,1.000004,209,2.2,1.2,2.2,1.2,15.57,0.96,377,11.9,2.5,11.8,2.5,15.7,0.77,1.9244,1.9766,19.1443,0.0919,3.7061,1.9244,1.9635,25.5591,0.0228,19.0218,0.19,0.0,-,LZ3,5
10481905,0.48472,0.484775,0.484748,1.000113,510,18.1,2.6,38.6,4.2,15.11,0.71,266,81.1,6.6,151.5,8.1,14.97,0.81,2.063,2.097,29.4898,0.0528,11.9191,2.0628,2.1229,16.65,0.0375,52.4063,0.1,0.00011,-,LZ5,8
10954700,0.594403,0.594391,0.594397,0.99998,422,4.8,1.5,4.8,1.5,15.87,0.7,194,138.3,6.1,140.6,6.3,15.89,0.96,1.6824,1.6852,355.8719,0.1406,15.252,1.6824,1.6879,180.8318,0.0051,7.2648,0.26,2e-05,-,LZ5,7
11151226,0.569182,0.569189,0.569185,1.000012,216,3.8,1.5,3.7,1.5,15.42,0.86,624,73.9,6.0,75.9,6.0,15.52,0.95,1.7569,1.8082,19.5027,0.0865,6.393,1.7569,1.8388,12.2063,0.0023,6.1202,0.09,1e-05,-,LZ5,6
11250867,0.649667,0.649714,0.64969,1.000072,182,1.3,1.0,1.5,1.1,15.71,0.52,1764,25.1,3.9,34.7,4.6,15.78,0.6,1.5392,1.5731,29.5727,0.0998,8.3011,1.5391,1.5444,188.6792,0.0034,14.9068,0.08,7e-05,-,LZ4,7
11266421,0.621113,0.621119,0.621116,1.00001,241,6.8,1.7,7.1,1.6,15.57,0.8,512,36.8,4.0,36.9,4.0,15.63,0.62,1.61,1.6185,117.9245,0.0872,6.142,1.61,1.6237,72.7802,0.0081,14.816,0.18,1e-05,-,LZ4,6
11281747,0.312089,0.312022,0.312056,0.999785,188,4.8,2.1,35.5,7.9,14.86,0.26,283,13.2,3.3,56.7,8.0,14.89,0.28,3.2042,3.3036,10.0664,0.0395,9.109,3.2049,3.3046,10.0266,0.0031,17.3297,0.02,0.00021,-,LZ4,6
11293454,0.568606,0.568598,0.568602,0.999986,307,8.2,2.2,8.5,2.3,15.25,0.62,511,51.6,5.2,53.1,5.1,15.26,0.83,1.7587,1.7947,27.7739,0.0532,7.6877,1.7587,1.8401,12.2933,0.0049,7.2223,0.21,1e-05,-,LZ5,7
11644471,0.530138,0.53011,0.530124,0.999947,226,13.2,2.6,18.2,2.9,14.62,0.43,323,22.4,3.9,38.2,4.6,14.31,0.93,1.8863,1.9446,17.1615,0.0456,8.8529,1.8864,1.9446,17.1925,0.0175,21.2534,0.5,5e-05,-,LZ4,8
11781491,0.541136,0.541136,0.541136,1.0,210,9.1,1.7,9.1,1.7,15.63,0.64,478,93.8,6.7,93.8,6.7,15.66,0.84,1.848,1.8829,28.5919,0.0923,6.2638,1.848,1.9253,12.9308,0.0062,11.4738,0.2,0.0,-,LZ5,7
12172879,0.377286,0.377308,0.377297,1.000058,229,2.5,1.5,3.6,1.7,15.77,0.36,246,17.7,4.2,26.4,5.3,15.77,0.47,2.6505,2.7239,13.6305,0.0363,7.959,2.6504,2.6553,202.8398,0.0014,6.7895,0.11,6e-05,-,LZ4,7
