LINEAR ID,Plinear,Pztf,N_L,N_Z,L_chi2r,Z_chi2r,L_chi2,Z_chi2,Lampl,Zampl,Ampl_diff,BpeakL,BpeakZ,BperiodL,BperiodZ,Periodogram_f,B_score,Blazhko_f
29848,0.55702,0.55704,301,43,1.4,3.5,3.0,12.6,0.56,0.93,0.37,1.8328,1.7982,26.6205,333.3333,-,6,1
62892,0.530776,0.530785,276,771,0.9,3.2,1.1,19.8,0.62,0.64,0.02,1.9519,1.9433,14.7319,16.8634,-,5,1
136668,0.532923,0.532929,310,918,1.1,2.3,1.6,17.0,0.82,0.78,0.04,1.9095,1.9396,30.2847,15.8391,-,5,0
141414,0.33569,0.335669,278,919,0.8,1.5,0.6,2.6,0.41,0.37,0.04,3.0467,2.993,14.7504,71.8907,-,6,0
142794,0.470787,0.470802,270,63,1.0,2.3,1.8,11.9,0.72,0.72,0.0,2.1848,2.1851,16.488,16.3626,-,5,0
158779,0.609207,0.609189,293,616,1.6,3.9,3.7,34.2,0.47,0.68,0.21,1.6443,1.6444,352.7337,350.2627,-,6,1
162255,0.512747,0.512744,266,1119,1.6,1.6,5.7,6.2,0.96,1.31,0.35,1.9531,1.9765,355.8719,38.1243,-,5,0
174389,0.334036,0.33404,270,786,1.4,1.4,4.5,2.2,0.27,0.33,0.06,3.0643,2.9968,14.1693,320.0,-,5,0
258499,0.401505,0.401504,275,537,1.5,1.6,2.7,2.9,0.34,0.36,0.02,2.5613,2.5182,14.1413,36.2384,-,8,1
263541,0.558218,0.558221,270,503,2.9,6.6,15.8,110.4,0.64,0.82,0.18,1.8621,1.8025,14.1513,89.9685,-,7,1
393084,0.530027,0.530033,493,372,1.1,3.2,1.6,19.2,0.96,1.31,0.35,1.9447,1.8896,17.2369,347.2222,-,5,0
439441,0.709248,0.709247,349,443,1.3,1.4,2.1,2.4,0.36,0.5,0.14,1.4718,1.4136,16.1603,271.3704,-,9,0
514883,0.557723,0.557737,289,555,1.7,5.5,5.3,53.7,0.55,0.72,0.17,1.8472,1.7958,18.4655,357.1429,-,7,1
523832,0.372376,0.372384,251,42,1.2,1.1,1.8,0.8,0.42,0.59,0.17,2.804,2.7122,8.437,37.3413,Z,0,2
664583,0.602994,0.603021,449,613,1.1,2.5,1.8,11.1,0.56,0.53,0.03,1.6612,1.6666,357.7818,120.4094,-,5,1
737951,0.357023,0.357023,273,871,2.2,6.7,6.0,42.4,0.43,0.34,0.09,2.8038,2.8039,353.3569,332.2259,-,6,1
771232,0.54093,0.540941,301,889,1.0,1.6,1.1,4.7,0.93,0.89,0.04,1.9257,1.9257,12.9811,12.9744,-,5,0
798477,0.651627,0.651611,294,139,1.2,3.5,2.0,17.8,0.61,0.78,0.17,1.5984,1.6041,15.6838,14.3968,-,5,0
803829,0.595281,0.595286,270,561,2.3,2.6,8.7,9.9,0.91,1.34,0.43,1.7205,1.6828,24.5912,335.5705,-,10,0
810169,0.465185,0.465212,289,743,2.1,2.8,6.0,15.1,0.77,0.75,0.02,2.2232,2.223,13.6017,13.6082,-,12,1
843294,0.374216,0.374214,290,358,1.4,1.7,3.3,5.1,0.36,0.36,0.0,2.706,2.6778,29.6252,180.1802,-,5,1
880588,0.600138,0.600134,295,442,1.2,2.4,3.2,23.4,0.91,0.84,0.07,1.691,1.6736,40.5268,136.4256,L,0,2
924301,0.507503,0.50744,418,189,1.9,9.3,13.8,162.9,0.87,0.79,0.08,2.0043,1.9763,29.5072,178.4121,-,10,1
966279,0.517279,0.51727,330,607,1.5,2.7,6.1,21.0,0.92,0.82,0.1,2.001,2.0027,14.7406,14.3978,-,5,0
970326,0.592233,0.592231,275,552,1.1,2.1,1.9,7.7,0.51,0.75,0.24,1.7563,1.6992,14.7656,93.2836,-,5,1
999528,0.658401,0.658407,564,213,1.2,2.7,1.8,21.7,0.57,0.92,0.35,1.5527,1.551,29.5247,31.0366,-,5,0
1004849,0.458463,0.458467,607,193,1.3,2.6,6.5,14.7,1.14,1.6,0.46,2.2151,2.2704,29.4985,11.2039,-,5,0
1005497,0.653607,0.653605,607,192,1.1,2.1,2.1,12.4,0.6,0.83,0.23,1.5639,1.5481,29.4638,55.1116,-,5,0
1051321,0.330482,0.330481,558,353,1.2,1.3,5.6,1.9,0.33,0.33,0.0,3.0598,3.0314,29.5029,180.3427,-,5,0
1059786,0.463511,0.463516,549,350,1.0,2.0,1.4,8.0,1.18,1.15,0.03,2.1913,2.2348,29.5247,12.9241,-,5,0
1092244,0.649496,0.649558,590,326,1.2,3.6,2.3,32.1,0.72,0.58,0.14,1.5735,1.564,29.5421,40.833,-,7,1
1102647,0.621541,0.621548,559,285,1.3,1.7,2.8,4.6,0.78,0.79,0.01,1.6428,1.6144,29.5116,180.9955,-,5,1
1112498,0.492932,0.492942,541,289,1.0,1.9,1.6,8.9,1.09,1.44,0.35,2.0416,2.0545,77.1903,38.6922,-,5,0
1197898,0.341894,0.341881,261,240,1.2,1.5,2.0,3.2,0.27,0.4,0.13,2.9953,2.928,14.1995,333.3333,-,11,0
1210627,0.284468,0.284472,277,461,1.1,1.8,1.4,4.2,0.46,0.6,0.14,3.586,3.5202,14.1553,205.1282,-,5,0
1212611,0.630896,0.630893,297,478,0.9,1.2,0.9,2.5,0.75,1.01,0.26,1.5962,1.6399,89.3256,18.2199,L,0,2
1240665,0.632528,0.632522,468,311,3.0,1.1,25.2,1.6,0.33,0.33,0.0,1.6149,1.5865,29.4942,182.3154,Z,0,2
1244554,0.536875,0.536962,469,312,1.8,2.3,9.5,14.8,0.71,0.97,0.26,1.8966,1.9325,29.4638,14.2481,-,14,1
1271119,0.56527,0.565257,280,521,1.0,4.0,2.9,45.5,0.69,0.9,0.21,1.8366,1.7739,14.806,208.3333,-,5,1
1307948,0.527474,0.527415,262,655,1.8,4.5,6.7,35.2,0.49,0.54,0.05,1.9302,1.9494,29.0909,18.7441,-,9,1
1332201,0.580711,0.580731,260,208,1.6,4.2,9.2,50.1,0.59,0.83,0.24,1.7559,1.7918,29.4942,14.3225,-,7,1
1390653,0.521867,0.521871,524,310,1.3,4.1,4.2,44.9,1.1,1.28,0.18,1.9502,2.0026,29.4291,11.5768,-,5,1
1435279,0.381858,0.38186,545,316,2.1,4.2,8.4,24.6,0.42,0.4,0.02,2.6527,2.6243,29.5029,180.1802,-,5,1
1448299,0.606912,0.60694,435,267,2.7,5.4,32.5,35.6,0.77,0.7,0.07,1.6816,1.6531,29.4551,180.9955,-,10,1
1457871,0.515446,0.515447,498,198,1.4,1.6,10.7,3.7,0.89,1.23,0.34,1.9738,1.9714,29.634,31.9132,-,5,0
1482761,0.297081,0.297077,340,295,1.1,2.5,1.1,6.1,0.34,0.48,0.14,3.3999,3.3694,29.5683,308.1664,-,5,0
1491155,0.536245,0.53625,323,328,0.8,2.4,1.5,17.7,0.89,1.23,0.34,1.9338,1.9351,14.5022,14.2187,-,5,0
1491942,0.479459,0.47946,331,468,1.9,3.1,5.7,29.5,0.91,0.85,0.06,2.1271,2.0886,24.1284,341.2969,-,9,0
1492054,0.356655,0.356649,339,528,1.6,5.1,3.4,28.3,0.44,0.41,0.03,2.8066,2.8068,357.7818,338.4095,-,5,0
1492129,0.627674,0.627745,339,152,1.9,1.6,8.6,6.5,0.78,1.11,0.33,1.5966,1.6313,294.9853,26.1165,-,8,0
1539000,0.500288,0.500279,410,468,1.5,3.6,6.1,66.3,0.89,1.13,0.24,2.0021,2.0017,303.9514,355.8719,-,5,0
1551619,0.338148,0.338146,295,436,1.3,1.7,2.0,2.9,0.35,0.47,0.12,3.028,2.9621,14.1493,207.0393,-,9,0
1553288,0.283999,0.283999,273,625,0.9,1.1,4.6,1.4,0.25,0.24,0.01,3.5906,3.5259,14.4071,210.9705,-,5,0
1584721,0.676196,0.676189,426,160,1.3,1.8,4.3,3.2,0.88,1.2,0.32,1.5128,1.5267,29.4551,20.9314,-,5,0
1593736,0.592628,0.59265,264,532,1.2,5.7,2.1,35.9,0.37,0.36,0.01,1.7584,1.691,14.0795,272.4796,-,5,1
1615764,0.488189,0.48819,334,330,1.5,1.6,3.0,5.8,1.07,1.04,0.03,2.0712,2.0512,43.8789,356.5062,-,0,0
1634230,0.600537,0.600542,273,187,1.7,1.0,4.2,1.8,0.58,0.45,0.13,1.733,1.6682,14.746,327.3322,-,5,0
1736308,0.555848,0.555843,372,44,1.3,1.0,2.9,1.9,0.7,0.59,0.11,1.833,1.8264,29.4377,36.6367,Z,0,2
1748058,0.310237,0.310176,463,272,1.4,5.7,2.2,30.7,0.38,0.23,0.15,3.2572,3.2297,29.5203,173.3102,-,7,1
1784750,0.590825,0.590826,520,108,0.8,1.7,1.2,6.5,0.72,0.98,0.26,1.7265,1.7718,29.4724,12.6239,-,5,1
1790596,0.534498,0.534506,509,327,3.1,3.3,19.3,15.6,0.79,0.7,0.09,1.9046,1.8764,29.6868,182.1494,-,6,0
1818091,0.494996,0.494995,304,562,0.8,2.1,1.1,7.9,1.12,1.49,0.37,2.054,2.029,29.6033,114.3511,-,5,0
1828651,0.535167,0.535176,316,417,1.2,1.9,3.0,6.2,0.77,0.8,0.03,1.9356,1.9356,14.9087,14.912,-,5,0
1852714,0.454979,0.454984,294,134,1.4,2.7,3.9,11.5,1.19,0.84,0.35,2.2685,2.2027,14.1733,208.7683,-,5,0
1857382,0.566428,0.566407,280,417,2.7,2.5,20.4,14.9,0.55,0.56,0.01,1.836,1.782,14.1814,60.5877,-,10,1
1871916,0.600461,0.600462,267,491,1.3,1.4,3.0,4.7,1.01,0.93,0.08,1.6993,1.6735,29.4898,122.9256,-,5,0
1876491,0.760128,0.760123,301,609,1.2,1.2,2.5,1.8,0.41,0.36,0.05,1.3365,1.3204,47.8813,207.0393,L,0,2
1882088,0.315984,0.316041,303,120,4.0,1.5,20.5,4.2,0.41,0.6,0.19,3.1675,3.169,355.8719,205.1282,-,9,1
1882354,0.695061,0.695029,313,411,1.5,2.8,3.0,13.2,0.63,0.7,0.07,1.4909,1.4419,19.1516,326.2643,-,7,1
1915212,0.309753,0.309755,596,295,1.8,1.6,6.3,2.1,0.41,0.32,0.09,3.2623,3.2339,29.4898,180.6685,-,5,1
1931336,0.565389,0.565399,305,291,3.2,1.3,39.8,4.3,0.9,0.92,0.02,1.8026,1.7741,29.4898,182.8154,-,5,0
1936459,0.649248,0.64924,431,268,0.7,1.1,0.6,1.7,0.45,0.43,0.02,1.5741,1.5458,29.5203,181.8182,-,0,0
2023155,0.608582,0.608583,438,172,1.1,1.7,2.4,7.4,0.83,1.13,0.3,1.677,1.6712,29.5203,35.6062,-,5,0
2041979,0.653694,0.653639,276,1378,1.2,5.3,1.5,57.5,0.63,0.64,0.01,1.5944,1.5816,15.4607,19.3442,-,7,1
2044369,0.53495,0.53495,253,1402,0.8,1.7,0.8,6.1,0.82,1.18,0.36,1.9031,1.936,29.5814,14.9903,-,5,0
2075949,0.477806,0.477666,519,130,1.6,4.7,4.0,22.2,0.69,0.6,0.09,2.1268,2.1389,29.4768,22.041,-,8,1
2099155,0.29379,0.293791,505,280,1.2,1.3,2.2,2.3,0.43,0.57,0.14,3.4376,3.4087,29.5508,202.6342,-,9,1
2117028,0.591245,0.591243,527,193,2.2,3.5,10.2,22.1,0.64,0.79,0.15,1.7252,1.6968,29.5552,182.3154,-,8,1
2122319,0.359422,0.359424,519,199,2.1,6.1,7.2,36.6,0.38,0.55,0.17,2.8161,2.8926,29.5421,9.0645,-,7,1
2125638,0.606318,0.606323,542,293,0.9,1.2,1.9,2.1,0.54,0.55,0.01,1.6831,1.6547,29.5552,184.8429,-,8,0
2145400,0.564732,0.564735,349,310,1.5,1.5,5.3,4.0,0.8,1.11,0.31,1.8168,1.8481,21.7202,12.9333,-,5,0
2148637,0.272267,0.272265,339,307,1.2,2.1,1.5,4.4,0.41,0.55,0.14,3.7095,3.6805,27.3187,131.8392,-,5,0
2196029,0.292568,0.292575,265,884,0.9,1.6,1.2,4.8,0.44,0.39,0.05,3.4545,3.4208,27.4236,345.4231,-,5,1
2227132,0.642661,0.642661,260,1441,1.0,1.5,2.2,3.4,0.96,0.92,0.04,1.5915,1.5916,28.1611,28.1532,-,8,0
2229607,0.575179,0.575211,290,731,1.2,4.4,2.7,38.3,0.55,0.81,0.26,1.8093,1.7433,14.1383,207.2539,-,9,1
2243683,0.579777,0.579803,531,262,3.1,4.3,22.0,36.0,0.52,0.56,0.04,1.7588,1.7303,29.4204,180.018,-,14,1
2248787,0.563528,0.563539,540,283,2.1,2.4,8.8,15.6,0.74,0.68,0.06,1.8085,1.7937,29.4638,52.1648,-,9,1
2251043,0.533678,0.467972,462,177,2.1,14.2,7.2,154.9,0.34,0.62,0.28,1.9077,2.2254,29.4724,11.302,-,11,0
2264042,0.655373,0.655391,391,299,1.6,4.0,6.5,57.4,0.74,0.76,0.02,1.5597,1.5313,29.5465,182.4818,-,5,1
2280940,0.562372,0.562374,310,735,1.1,3.2,1.4,17.5,0.84,1.01,0.17,1.8461,1.7847,14.7286,153.2567,-,5,0
2301515,0.565974,0.565976,256,464,1.4,2.0,1.7,5.1,0.86,0.81,0.05,1.8345,1.7701,14.782,312.5,-,5,0
2333087,0.551462,0.551424,560,202,3.5,8.0,29.8,90.2,0.72,0.88,0.16,1.8473,1.8304,29.5072,59.0842,-,18,0
2334384,0.555341,0.555333,443,204,2.0,6.5,10.5,84.7,0.63,0.88,0.25,1.8346,1.8353,29.5377,28.9394,-,7,1
2397296,0.488814,0.488836,522,196,1.2,6.6,3.2,78.9,0.65,1.01,0.36,2.0796,2.0672,29.5421,46.5224,-,9,1
2414841,0.559611,0.559592,522,305,1.7,5.7,5.6,62.8,0.69,1.09,0.4,1.8208,1.792,29.5421,201.2072,-,7,1
2453514,0.589288,0.589291,310,433,2.1,1.2,5.4,2.7,0.74,0.73,0.01,1.7307,1.7162,29.6077,51.8403,-,5,0
2455568,0.594119,0.594092,337,448,2.0,2.1,7.7,6.4,0.62,0.57,0.05,1.717,1.6862,29.5946,339.5586,-,12,1
2458783,0.535195,0.535197,336,449,1.8,1.7,7.3,5.6,0.91,0.9,0.01,1.9023,1.9356,29.5247,14.8976,-,5,0
2464031,0.592292,0.592293,336,136,0.7,0.9,0.6,1.7,0.6,0.47,0.13,1.7167,1.6932,35.2361,208.1165,-,0,0
2512872,0.544139,0.54414,278,416,0.9,2.2,1.2,10.5,0.82,0.91,0.09,1.9202,1.9202,12.1256,12.1278,-,5,0
2554750,0.281574,0.281572,285,317,1.1,1.2,2.1,2.0,0.39,0.4,0.01,3.5853,3.5569,29.5508,183.4862,-,8,1
2574370,0.546512,0.546524,433,153,2.4,3.3,20.7,43.2,0.73,0.97,0.24,1.8637,1.9162,29.4551,11.5634,-,10,0
2587263,0.679631,0.679636,310,693,1.1,1.5,1.8,3.4,0.48,0.68,0.2,1.5392,1.534,14.7569,15.9795,-,10,0
2612592,0.571562,0.571543,270,1391,1.3,2.8,2.4,24.8,0.76,0.7,0.06,1.8173,1.7544,14.7787,208.5506,-,5,1
2653982,0.607082,0.60711,534,294,1.0,2.1,1.3,8.3,1.01,0.92,0.09,1.681,1.6526,29.5989,182.3154,-,7,1
2657618,0.469873,0.469872,410,220,1.0,2.3,2.3,17.1,1.08,1.46,0.38,2.191,2.191,15.9286,15.9388,-,5,0
2669011,0.591153,0.591151,450,41,1.1,0.7,2.4,1.5,0.66,0.5,0.16,1.7256,1.7015,29.4464,101.2146,Z,0,2
2672050,0.556544,0.556543,260,792,1.0,2.9,1.8,20.8,0.83,0.98,0.15,1.8646,1.8032,14.7427,156.0062,-,5,1
2714034,0.610868,0.6108,536,323,1.5,1.2,2.4,2.7,0.46,0.54,0.08,1.6708,1.6427,29.5989,182.6484,-,5,1
2723487,0.467606,0.467609,381,425,1.5,2.2,6.0,7.9,1.11,1.11,0.0,2.2065,2.1415,14.7243,333.8898,-,5,0
2742032,0.629676,0.629692,514,59,0.9,1.4,1.8,2.7,0.55,0.89,0.34,1.6221,1.5956,29.4681,133.2445,Z,0,2
2742544,0.60703,0.607044,496,311,1.2,2.5,2.1,11.2,0.59,0.6,0.01,1.6812,1.6529,29.577,179.5332,-,5,1
2766464,0.570559,0.570564,291,408,1.0,1.2,1.9,2.9,0.7,0.71,0.01,1.7865,1.7555,29.5727,345.4231,-,8,0
2766997,0.289881,0.289943,306,130,1.8,3.6,3.5,11.5,0.37,0.31,0.06,3.4862,3.4528,27.3635,257.732,-,13,1
2792252,0.539197,0.539218,321,308,1.1,3.2,2.1,13.9,0.75,0.95,0.2,1.9287,1.9286,13.4998,13.4998,-,6,0
2807982,0.607957,0.607941,257,269,3.0,3.8,16.9,20.8,0.48,0.62,0.14,1.7155,1.6808,14.1453,27.8552,-,11,0
2812086,0.646015,0.646,296,136,3.0,3.2,19.9,11.7,0.61,0.58,0.03,1.5781,1.5519,33.173,258.7322,Z,0,2
2819824,0.738408,0.738409,309,351,1.2,1.2,1.9,2.3,0.76,1.0,0.24,1.4182,1.3576,15.6397,297.619,-,10,0
2826769,0.611934,0.611934,309,368,1.3,1.4,2.4,3.4,0.48,0.71,0.23,1.7019,1.6391,14.7667,204.499,-,10,0
2851826,0.521838,0.521842,257,653,1.0,2.5,1.6,18.1,0.95,1.21,0.26,1.9595,1.9595,23.1642,23.1374,-,5,0
2855834,0.444769,0.444779,262,671,1.5,2.7,3.6,16.6,1.15,1.56,0.41,2.3191,2.2531,14.1433,208.1165,-,5,0
2857355,0.62687,0.626854,279,746,0.9,2.3,1.0,9.7,0.59,0.62,0.03,1.6209,1.6001,38.9484,206.6116,-,5,1
2887662,0.307904,0.307904,599,275,2.0,1.4,8.6,3.0,0.45,0.42,0.03,3.2817,3.2532,29.5116,182.6484,-,5,0
2889542,0.570913,0.570911,457,170,1.3,2.5,2.7,9.2,0.96,1.35,0.39,1.7855,1.8062,29.4855,18.3268,-,5,0
2892940,0.539855,0.539896,462,169,1.3,4.2,3.7,49.1,0.9,1.21,0.31,1.8862,1.9288,29.529,13.0514,-,9,1
2893479,0.699271,0.699278,469,318,1.6,1.3,21.7,3.1,0.72,0.76,0.04,1.4639,1.4355,29.5247,183.8235,-,5,0
2898747,0.628426,0.628416,297,825,1.5,1.7,4.6,4.9,0.67,0.72,0.05,1.6591,1.6513,14.7493,16.6667,-,5,0
2913030,0.289239,0.289248,255,870,1.8,1.7,4.7,5.2,0.39,0.42,0.03,3.5252,3.4608,14.7351,278.1641,-,5,0
2914946,0.460402,0.460402,326,177,0.8,1.5,0.8,4.1,1.15,0.89,0.26,2.2399,2.1748,14.7373,355.2398,-,5,0
2936953,0.328746,0.328733,271,187,2.7,1.3,13.0,2.5,0.35,0.29,0.06,3.1123,3.0448,14.1995,356.5062,-,5,1
3026086,0.398116,0.398114,552,413,1.0,2.3,1.1,8.8,0.41,0.35,0.06,2.5457,2.5148,29.5377,333.8898,-,5,0
3036295,0.629705,0.629714,502,808,1.8,2.2,4.5,5.8,0.34,0.34,0.0,1.6219,1.5934,29.5029,184.6722,-,8,1
3044799,0.558022,0.558015,317,242,0.9,1.5,1.4,4.1,1.01,1.37,0.36,1.8259,1.8302,29.5639,26.2089,-,5,0
3045044,0.582931,0.582934,358,321,1.1,3.6,3.1,41.8,0.69,0.87,0.18,1.7494,1.7806,29.4985,15.3539,-,5,0
3048546,0.656287,0.656293,291,438,1.0,1.3,1.6,2.7,0.88,0.9,0.02,1.5407,1.5267,59.0667,331.675,L,0,2
3062621,0.63542,0.635448,526,842,1.1,1.3,1.9,2.2,0.3,0.34,0.04,1.6077,1.5792,29.4681,182.1494,-,10,0
3069079,0.6234,0.623403,462,302,0.6,1.1,0.6,1.6,0.48,0.44,0.04,1.638,1.6096,29.5116,181.9836,-,0,0
3086623,0.3375,0.337499,324,294,1.9,1.2,4.7,1.6,0.34,0.47,0.13,2.9968,2.9678,29.5159,206.3983,-,5,0
3117883,0.551379,0.551387,271,232,0.9,1.1,1.0,1.7,0.84,0.69,0.15,1.8345,1.8167,47.9042,323.6246,-,0,0
3118906,0.689149,0.68914,253,384,0.9,1.6,1.2,5.5,0.57,0.59,0.02,1.5191,1.454,14.7059,347.8261,-,5,0
3140139,0.30459,0.304585,255,343,2.5,5.6,7.7,25.1,0.4,0.6,0.2,3.3529,3.4219,14.3338,7.2056,-,7,1
3160442,0.593811,0.593807,260,183,1.2,1.7,1.9,4.2,0.55,0.46,0.09,1.7546,1.6875,14.1633,292.8258,-,5,0
3162203,0.652665,0.652663,270,687,1.4,2.0,1.8,5.1,0.32,0.43,0.11,1.6029,1.5377,14.1443,180.6685,-,5,0
3170992,0.527191,0.527162,280,340,1.1,2.7,1.9,19.4,0.63,0.51,0.12,1.9675,1.9675,14.1553,14.1814,-,7,0
3173902,0.302423,0.302424,286,166,1.6,1.7,2.7,3.4,0.26,0.23,0.03,3.3744,3.3094,14.7536,353.3569,-,8,0
3176620,0.589604,0.589602,292,730,1.3,2.0,2.3,7.2,0.92,1.35,0.43,1.7638,1.7009,14.7612,208.5506,-,5,0
3182815,0.650716,0.6507,491,394,0.9,1.8,1.2,5.6,0.9,1.27,0.37,1.5706,1.605,29.577,14.6746,-,5,0
3183285,0.349653,0.349664,485,588,1.2,2.8,4.1,15.7,0.48,0.58,0.1,2.8939,2.8654,29.4768,181.8182,-,5,1
3186870,0.68876,0.688761,489,522,1.1,1.1,2.3,2.8,0.51,0.54,0.03,1.4858,1.4573,29.4898,185.0139,-,8,0
3196582,0.268017,0.268018,479,172,2.5,3.4,8.6,10.1,0.35,0.51,0.16,3.765,3.8361,29.5203,9.5256,-,10,1
3196780,0.504148,0.504199,475,286,2.2,3.2,9.3,21.5,0.81,0.85,0.04,2.0029,1.9889,51.7331,181.653,-,12,1
3210786,0.507242,0.507249,294,537,0.7,1.6,0.6,4.5,1.04,0.97,0.07,2.0392,1.9871,14.7623,63.8978,-,5,0
3218931,0.693979,0.693939,274,743,2.6,2.9,28.8,14.9,0.79,0.71,0.08,1.5088,1.4459,14.7395,205.5498,-,13,0
3219035,0.326746,0.326509,376,168,3.9,2.6,23.9,11.5,0.32,0.23,0.09,3.1287,3.0661,14.6692,294.1176,-,10,1
3219476,0.667174,0.667168,344,68,0.7,1.2,0.6,2.4,0.61,0.93,0.32,1.5667,1.5064,14.7438,133.6898,-,0,0
3221817,0.623799,0.623813,303,712,2.4,4.8,5.2,31.3,0.52,0.62,0.1,1.6709,1.6086,14.7471,180.3427,-,6,0
3246187,0.559648,0.559651,277,207,1.0,2.0,1.8,6.6,0.75,0.58,0.17,1.8546,1.7901,14.7667,306.7485,-,5,0
3280045,0.345708,0.345716,503,531,2.0,1.4,8.9,2.3,0.33,0.32,0.01,2.9265,2.898,29.5116,182.6484,-,5,0
3294319,0.55546,0.555473,802,169,1.9,4.7,10.4,40.0,0.76,0.88,0.12,1.8342,1.8673,29.4855,14.9098,-,6,1
3356801,0.337672,0.337667,377,437,1.3,1.2,4.3,2.2,0.34,0.3,0.04,2.9953,2.9808,29.5858,51.9211,-,5,1
3377349,0.584204,0.584209,547,171,1.6,1.4,6.9,2.4,0.64,0.98,0.34,1.7457,1.778,29.4377,15.0818,-,5,1
3389834,0.725559,0.725566,270,528,1.7,1.3,5.9,2.5,0.87,1.07,0.2,1.4121,1.3837,29.5727,182.8154,-,5,0
3391290,0.652728,0.652721,281,521,1.1,2.0,2.3,9.1,0.87,1.13,0.26,1.5687,1.5907,27.2851,17.0503,-,5,0
3405178,0.579231,0.579204,256,509,1.0,1.5,1.1,3.8,0.75,1.06,0.31,1.7785,1.7319,19.216,185.1852,-,6,0
3437725,0.542457,0.542478,266,355,1.5,6.3,3.5,64.8,0.67,1.07,0.4,1.9231,1.9231,12.5557,12.5447,-,7,1
3440695,0.496917,0.496911,282,502,1.3,3.8,8.0,40.8,0.83,1.18,0.35,2.0219,2.0173,105.8201,205.1282,-,5,1
3441938,0.48315,0.483141,283,624,1.1,2.2,1.9,16.8,0.97,1.01,0.04,2.1369,2.1033,14.9031,29.8151,-,5,0
3463199,0.334718,0.33471,297,579,0.7,2.3,0.6,11.3,0.51,0.67,0.16,3.0584,2.9952,14.1153,133.2445,-,5,1
3481248,0.556293,0.556286,251,359,1.1,1.1,2.4,2.1,0.76,0.59,0.17,1.8655,1.8013,14.7373,276.2431,-,10,0
3491287,0.490986,0.490995,483,504,1.4,3.8,4.1,37.9,0.94,0.8,0.14,2.0537,2.0537,58.8408,58.8755,-,5,1
3507643,0.801141,0.801132,461,277,1.6,0.9,7.3,1.3,0.37,0.43,0.06,1.2821,1.2538,29.529,181.1594,Z,0,2
3511281,0.547609,0.547618,449,271,1.0,2.3,1.3,13.1,0.67,0.75,0.08,1.8601,1.8316,29.4464,180.8318,-,5,1
3520413,0.358502,0.358504,358,1199,1.7,1.3,7.6,1.9,0.34,0.34,0.0,2.8572,2.7942,14.7362,207.6843,-,5,0
3541085,0.527475,0.527491,288,595,1.0,1.7,1.0,6.8,0.92,1.25,0.33,1.9493,1.9492,18.6968,18.7003,-,5,0
3589854,0.612893,0.612953,468,545,3.9,5.8,29.1,45.0,0.49,0.5,0.01,1.6656,1.6369,29.4031,184.6722,-,16,0
3591037,0.558643,0.558609,449,544,1.3,3.5,5.4,30.1,0.76,0.65,0.11,1.7929,1.7956,352.1127,182.3154,-,7,1
3605112,0.579602,0.579602,252,1512,1.2,1.1,1.9,2.5,0.58,0.84,0.26,1.7282,1.7308,350.8772,183.4862,-,10,0
3639968,0.626805,0.626806,403,398,1.0,2.3,1.2,12.8,0.38,0.54,0.16,1.6293,1.6572,29.5334,16.1812,-,5,0
3649421,0.571508,0.571508,359,808,1.2,3.2,2.0,19.1,0.54,0.55,0.01,1.7837,1.7526,29.4638,357.1429,-,5,1
3663882,0.341128,0.34113,486,532,2.4,1.6,47.3,2.8,0.35,0.34,0.01,2.9653,2.9369,29.577,183.9926,-,5,0
3668485,0.596072,0.596076,509,532,1.3,1.2,2.2,2.5,0.61,0.64,0.03,1.7115,1.683,29.5377,185.701,-,8,0
3672628,0.612999,0.612997,474,525,1.1,1.7,1.4,4.6,0.97,0.95,0.02,1.6651,1.6368,29.577,183.3181,-,5,0
3696853,0.339125,0.339118,265,523,1.6,2.6,5.5,11.3,0.43,0.55,0.12,3.08,2.9542,7.619,186.3933,-,5,1
3698797,0.512168,0.512169,253,550,2.1,1.8,9.7,6.2,1.05,1.03,0.02,2.003,1.9776,19.8059,39.8406,-,5,0
3726649,0.688619,0.688631,262,475,0.9,2.8,1.2,14.6,0.54,0.72,0.18,1.455,1.457,350.2627,204.918,-,5,0
3797767,0.613224,0.613213,536,524,1.5,1.4,6.0,4.1,0.64,0.67,0.03,1.6647,1.6362,29.4377,183.1502,-,5,1
3808897,0.650726,0.650732,525,168,1.3,1.0,5.9,1.1,0.19,0.29,0.1,1.5706,1.5594,29.5683,44.1501,-,5,0
3815329,0.587684,0.587678,299,570,1.0,1.8,1.0,7.0,0.66,0.87,0.21,1.7611,1.7066,16.811,200.6018,-,5,0
3847643,0.61728,0.617278,295,621,1.5,4.4,4.4,25.0,0.49,0.69,0.2,1.6878,1.6249,14.7493,203.666,-,5,0
3941776,0.532222,0.532209,271,549,2.8,6.0,18.8,89.0,0.77,0.61,0.16,1.9253,1.8844,21.5564,184.1621,-,7,1
3960704,0.645879,0.645834,297,671,1.6,2.6,4.6,20.6,0.72,0.7,0.02,1.585,1.5539,27.2442,182.9826,-,6,0
3981681,0.520039,0.520037,515,271,2.1,1.3,16.5,3.9,0.93,0.92,0.01,1.9568,1.9628,29.5159,25.0627,-,5,0
3992818,0.583474,0.583477,505,574,1.2,1.3,2.1,2.2,0.69,0.7,0.01,1.7477,1.7194,29.5683,180.9955,-,8,0
4017030,0.464977,0.464975,341,148,2.1,2.0,7.0,5.4,0.63,1.54,0.91,2.2233,2.2246,13.7703,13.5236,-,10,0
4019844,0.492755,0.492752,329,151,1.2,3.2,2.4,13.8,1.09,1.51,0.42,2.0383,2.0428,112.2965,74.8223,-,5,0
4052762,0.722607,0.722606,252,363,2.0,2.1,3.7,6.3,0.59,0.52,0.07,1.4202,1.3868,27.5028,347.8261,-,9,0
4101289,0.379225,0.37925,256,657,1.2,2.7,2.0,9.0,0.39,0.37,0.02,2.7048,2.6416,14.7308,209.205,-,6,1
4136438,0.517298,0.517307,458,259,0.8,1.5,1.2,4.8,0.94,0.9,0.04,1.936,1.9679,352.1127,28.7068,-,5,0
4139829,0.584193,0.584189,464,123,1.0,1.6,1.2,5.0,0.75,1.04,0.29,1.7146,1.7639,356.5062,19.2012,-,5,0
4171129,0.601867,0.601866,273,604,1.2,2.0,5.4,10.3,0.96,1.34,0.38,1.7291,1.6664,14.7929,204.918,-,5,0
4182729,0.681458,0.681461,299,1384,1.1,1.2,1.6,4.0,0.54,0.75,0.21,1.4722,1.5353,211.8644,14.746,-,0,0
4224216,0.344391,0.344393,374,352,1.6,1.5,2.7,2.8,0.35,0.33,0.02,2.9376,2.9091,29.4724,182.6484,-,8,0
4229566,0.596066,0.596055,402,83,1.5,1.5,4.0,8.8,0.59,0.89,0.3,1.7391,1.6939,16.2813,61.8429,-,5,0
4234952,0.566338,0.566348,461,179,0.9,3.6,1.5,27.3,0.59,0.77,0.18,1.7995,1.7712,29.5727,180.1802,-,5,1
4282396,0.392234,0.392238,311,885,2.4,5.9,11.6,47.1,0.51,0.54,0.03,2.5833,2.555,29.5465,181.1594,-,5,0
4310768,0.496598,0.49659,482,213,2.3,3.3,11.7,28.2,0.82,1.06,0.24,2.0476,2.0192,29.5334,181.653,-,10,0
4320492,0.361005,0.360942,480,290,3.7,1.8,15.1,11.2,0.26,0.29,0.03,2.8039,2.7761,29.5116,180.9955,-,7,1
4325364,0.582085,0.582104,493,46,1.0,1.5,2.1,2.8,0.65,0.51,0.14,1.7519,1.7495,29.4942,31.6406,-,11,1
4327168,0.330944,0.330937,482,182,1.1,2.8,1.4,11.3,0.39,0.56,0.17,3.0555,3.0299,29.5116,121.8769,-,5,0
4329665,0.585846,0.585847,448,183,1.0,3.3,1.7,24.1,0.59,0.84,0.25,1.7408,1.7661,29.4942,16.9076,-,5,0
4354965,0.645213,0.645228,376,155,0.9,1.8,1.1,6.9,0.72,0.97,0.25,1.5813,1.5776,31.8624,35.9777,-,5,0
4359545,0.514304,0.514305,278,773,2.9,7.8,19.8,77.5,0.69,0.93,0.24,2.0028,1.9736,17.1086,34.2524,-,7,0
4363105,0.479825,0.479822,255,726,1.0,2.1,2.2,8.4,1.12,1.5,0.38,2.1248,2.1248,24.5761,24.5549,-,5,0
4367166,0.585748,0.585753,382,148,0.8,0.9,0.6,4.1,0.59,0.88,0.29,1.7411,1.712,29.5508,210.5263,-,5,0
4383859,0.548392,0.548396,251,489,1.2,2.0,1.1,10.8,0.79,1.08,0.29,1.8942,1.8832,14.1383,16.7406,-,5,1
4520420,0.54211,0.542115,566,318,0.8,1.4,1.0,5.4,0.96,0.94,0.02,1.9237,1.9237,12.6478,12.6526,-,5,0
4536644,0.737996,0.737997,425,269,1.9,1.3,10.6,8.2,0.64,0.61,0.03,1.3889,1.3605,29.5116,182.1494,-,5,1
4544582,0.581309,0.581318,417,282,1.8,1.8,24.7,6.0,0.89,0.99,0.1,1.7542,1.7257,29.4724,181.653,-,5,0
4545362,0.52132,0.521322,483,279,1.0,1.6,1.3,6.7,0.96,0.87,0.09,1.952,2.0028,29.634,11.8196,-,5,0
4546177,0.536335,0.536311,255,182,3.3,5.4,20.2,80.0,0.76,1.04,0.28,1.9337,1.9336,14.4592,14.4812,-,16,0
4547090,0.612285,0.612341,511,279,1.1,2.3,5.5,7.5,0.9,0.8,0.1,1.6671,1.6386,29.5116,182.1494,-,7,0
4551971,0.532348,0.532366,291,582,1.1,3.7,1.9,53.4,0.98,1.24,0.26,1.9406,1.9406,16.1005,16.0862,-,6,0
4586691,0.621459,0.621446,582,809,2.0,3.4,5.7,18.1,0.42,0.44,0.02,1.6431,1.612,29.4681,346.0208,-,8,1
4598268,0.589067,0.589068,656,817,1.0,1.7,1.7,5.4,0.61,0.61,0.0,1.7315,1.7005,29.5072,343.0532,-,5,1
4600749,0.513403,0.51341,576,818,1.2,1.5,2.4,6.5,1.0,0.96,0.04,1.9661,1.9507,54.6299,337.2681,-,5,0
4778367,0.578924,0.578931,285,862,0.9,1.6,1.0,5.3,0.78,0.75,0.03,1.7301,1.741,357.1429,73.0194,-,5,0
4804945,0.556172,0.556217,279,889,2.5,7.8,12.5,100.5,0.58,0.56,0.02,1.8683,1.8017,14.2268,258.3979,-,9,1
4815083,0.662971,0.662968,274,584,1.3,2.2,1.7,8.2,0.56,0.71,0.15,1.5225,1.5121,70.922,265.9574,-,5,0
4912051,0.571577,0.571435,638,311,2.1,8.2,9.4,133.5,0.63,0.7,0.07,1.7835,1.7528,29.4855,356.5062,-,10,0
5037484,0.622999,0.622996,376,47,1.4,1.1,3.2,1.3,0.89,0.74,0.15,1.6405,1.6237,28.3046,53.8938,-,0,0
5088156,0.469233,0.469238,298,891,1.4,1.8,2.3,8.3,1.13,1.05,0.08,2.1953,2.1953,15.5885,15.58,-,5,0
5148766,0.570207,0.570207,253,1123,1.1,1.4,1.2,5.4,0.8,1.1,0.3,1.824,1.8368,14.2268,12.0467,-,5,0
5185192,0.564311,0.564313,541,45,1.4,1.3,3.3,2.9,0.73,0.61,0.12,1.8059,1.7766,29.5203,218.8184,-,6,0
5207635,0.650432,0.650435,713,666,1.2,1.2,1.8,2.0,0.68,0.66,0.02,1.5713,1.5403,29.5203,345.4231,-,8,0
5244248,0.530611,0.530617,362,255,0.9,1.6,0.9,6.5,0.88,1.18,0.3,1.9437,1.9437,16.9276,16.9262,-,5,0
5253415,0.622768,0.622778,586,308,1.2,1.7,2.3,4.5,0.49,0.7,0.21,1.6396,1.6086,29.5334,350.8772,-,5,0
5272753,0.485827,0.485831,601,801,0.9,1.6,1.5,7.2,1.09,1.03,0.06,2.0861,2.0613,35.9777,337.8378,L,0,2
5308380,0.609172,0.609169,487,328,1.1,1.4,1.6,5.5,0.69,1.07,0.38,1.6755,1.6806,29.5116,25.6476,-,5,0
5308437,0.46268,0.462679,365,634,3.7,2.5,88.0,16.6,0.92,1.08,0.16,2.2406,2.2407,12.6119,12.6056,-,7,0
5374444,0.361871,0.361869,329,840,1.5,4.8,3.0,26.6,0.35,0.34,0.01,2.8339,2.7665,14.1804,331.1258,-,5,0
5390545,0.508941,0.508945,329,389,0.8,1.9,0.8,8.6,1.04,1.39,0.35,1.9838,1.9838,52.8402,52.7287,-,5,0
5398864,0.554214,0.554217,306,895,1.2,1.5,1.9,4.1,0.96,0.94,0.02,1.8705,1.8705,15.1217,15.1217,-,5,0
5409348,0.345083,0.345082,317,895,1.1,1.3,1.9,2.0,0.32,0.34,0.02,2.9684,2.9115,14.1824,73.2869,-,8,0
5416042,0.792183,0.792183,310,896,1.1,1.3,1.9,2.4,0.44,0.44,0.0,1.2997,1.276,26.738,73.046,-,8,0
5421989,0.53451,0.534527,288,2670,0.8,2.5,0.8,13.5,0.76,0.85,0.09,1.9414,1.9368,14.1884,15.1561,-,5,1
5514063,0.400352,0.400347,270,412,1.3,3.0,2.1,12.8,0.36,0.37,0.01,2.5464,2.5008,20.574,338.4095,-,5,0
5530643,0.490349,0.490334,545,658,0.9,2.2,1.8,14.7,1.24,0.98,0.26,2.0733,2.0424,29.4768,339.5586,-,6,0
5592590,0.346945,0.34698,603,48,1.2,1.1,2.3,2.0,0.35,0.29,0.06,2.9162,2.9438,29.529,16.1799,-,5,1
5646132,0.298055,0.298058,401,641,1.9,1.4,8.7,2.6,0.39,0.41,0.02,3.389,3.3634,29.5203,120.4819,-,5,0
5692103,0.583147,0.583149,375,884,1.2,3.4,3.2,23.7,1.04,0.83,0.21,1.7176,1.7232,357.7818,119.3317,-,5,1
5768501,0.601863,0.601858,317,876,1.3,1.5,2.4,5.6,0.77,0.78,0.01,1.7321,1.6697,14.1733,122.9256,-,5,0
5895287,0.539169,0.539184,522,711,1.7,2.7,5.2,26.4,0.75,0.74,0.01,1.8887,1.8575,29.4594,348.4321,-,5,1
5931160,0.6647,0.664708,587,658,0.8,1.1,0.9,1.3,0.35,0.33,0.02,1.5383,1.5078,29.5421,293.6858,Z,0,2
5949224,0.535226,0.535229,571,233,1.5,2.5,5.4,21.0,0.76,1.17,0.41,1.9022,1.9328,29.5334,15.5087,-,5,0
5969557,0.301446,0.301635,398,47,1.6,1.0,3.2,0.9,0.33,0.28,0.05,3.3525,3.3929,28.4616,12.8808,-,7,0
5974119,0.366063,0.366057,604,228,1.0,4.1,1.1,24.8,0.35,0.5,0.15,2.7656,2.8254,29.5552,10.682,-,5,0
5977769,0.555959,0.555952,359,795,1.1,3.2,1.7,22.1,0.82,0.94,0.12,1.8325,1.8016,29.5814,349.0401,-,5,0
5978478,0.476748,0.476747,619,210,1.3,2.3,3.4,10.5,1.11,1.49,0.38,2.1449,2.145,21.0948,21.0948,-,5,0
6022777,0.495745,0.495724,572,328,1.6,4.2,8.2,44.3,1.01,1.34,0.33,2.0244,2.0245,138.6963,138.6001,-,7,0
6027467,0.647894,0.647897,575,656,1.6,1.4,6.6,2.0,0.41,0.32,0.09,1.5802,1.5517,27.2517,120.7729,-,5,1
6095278,0.493218,0.49322,305,163,1.6,2.1,4.5,8.5,1.11,1.41,0.3,2.0522,2.0491,40.4776,46.2749,-,5,0
6153728,0.278054,0.278052,259,736,1.3,1.5,1.8,2.8,0.32,0.28,0.04,3.667,3.6101,14.1623,73.1797,-,8,0
6248770,0.486017,0.486023,516,228,2.0,3.7,11.0,80.4,0.88,1.22,0.34,2.0941,2.0849,27.356,36.5631,-,10,0
6266717,0.591495,0.59149,541,228,1.2,1.4,2.5,2.7,0.67,0.9,0.23,1.7245,1.7015,29.4898,91.9118,-,10,1
6429965,0.532698,0.532696,346,103,1.4,1.6,4.2,3.6,0.93,0.8,0.13,1.94,1.94,15.9426,15.9286,-,5,0
6570390,0.559633,0.559644,281,610,1.1,1.2,2.0,2.7,0.68,1.0,0.32,1.8575,1.7923,14.1643,182.8154,-,10,0
6582265,0.691751,0.691749,282,214,2.9,3.7,12.4,18.1,0.56,0.73,0.17,1.4796,1.4566,29.4594,91.4077,-,10,1
6649325,0.603153,0.603158,507,220,1.1,1.6,2.0,4.1,0.81,1.13,0.32,1.6918,1.6634,29.5552,182.6484,-,5,0
6651516,0.308488,0.308496,426,448,1.3,5.8,2.1,60.9,0.36,0.48,0.12,3.2755,3.3595,29.4724,8.4767,-,6,1
6655187,0.60656,0.606564,487,221,1.3,1.0,2.2,2.3,0.48,0.7,0.22,1.6825,1.6771,29.5116,35.1309,-,10,1
6665721,0.643318,0.643325,536,44,1.0,1.7,1.3,3.6,0.46,0.45,0.01,1.5883,1.5669,29.5159,79.968,Z,0,2
6701509,0.558927,0.558928,537,603,1.0,1.6,1.4,4.7,0.82,0.8,0.02,1.823,1.7921,29.5159,337.8378,-,5,0
6701688,0.650411,0.65042,618,604,2.0,1.7,7.8,3.9,0.34,0.35,0.01,1.5713,1.5458,29.5465,120.5546,-,5,1
6711303,0.416364,0.416366,620,598,1.6,6.2,4.4,34.4,0.36,0.33,0.03,2.4384,2.4047,27.2926,338.9831,-,5,0
6726468,0.508603,0.508606,610,605,1.3,2.5,5.4,8.5,1.15,1.1,0.05,1.9844,1.9845,54.7345,54.6597,-,5,0
6747445,0.455022,0.455021,613,788,1.4,2.0,4.5,14.8,1.17,1.12,0.05,2.2316,2.2006,29.4942,346.0208,-,5,0
6748413,0.320907,0.320908,567,240,1.3,1.6,3.5,3.4,0.45,0.58,0.13,3.15,3.1715,29.5377,18.075,-,6,1
6793815,0.519448,0.51945,379,777,1.0,2.9,2.0,17.5,0.7,0.61,0.09,1.9654,2.0029,24.8478,12.8617,-,5,1
6819457,0.436282,0.436265,325,1358,3.6,9.6,32.5,121.2,0.95,0.79,0.16,2.295,2.3005,346.0208,120.048,-,16,1
6831710,0.555005,0.555003,310,341,1.2,1.7,1.9,4.3,0.79,1.13,0.34,1.8821,1.8127,12.4502,91.954,-,5,0
6834724,0.384743,0.384748,299,790,1.1,1.5,2.0,2.5,0.42,0.42,0.0,2.6697,2.6074,14.1814,121.0654,-,8,0
6837232,0.553226,0.553223,339,445,2.2,2.0,9.4,5.8,0.82,0.87,0.05,1.8105,1.8601,344.2341,19.0531,-,8,0
6883239,0.563711,0.563712,305,66,2.9,2.5,15.1,10.6,0.79,0.56,0.23,1.8444,1.7769,14.1935,336.7003,-,10,1
6919278,0.61567,0.615678,268,733,1.1,1.2,4.7,2.3,0.42,0.48,0.06,1.692,1.6893,14.7591,15.3574,-,5,0
6934885,0.483042,0.483046,274,562,1.1,2.3,1.5,10.6,0.84,1.44,0.6,2.1379,2.1039,14.7831,29.6296,-,5,0
6960146,0.629771,0.62977,476,242,1.6,1.6,5.0,3.9,0.39,0.5,0.11,1.6218,1.5988,29.5159,91.1993,-,5,0
6967017,0.529691,0.529677,323,231,2.3,6.9,13.3,70.6,0.63,0.96,0.33,1.9218,1.9467,29.4724,17.0111,-,9,1
7024251,0.623117,0.62309,524,463,0.8,1.9,1.0,6.2,1.04,1.3,0.26,1.6388,1.6158,29.4681,92.1659,-,5,0
7048826,0.317781,0.31779,535,597,1.4,5.9,4.0,55.3,0.5,0.46,0.04,3.1807,3.1497,29.4942,338.4095,-,5,1
7065833,0.641571,0.641561,266,583,0.9,3.5,0.9,25.0,0.39,0.42,0.03,1.5952,1.5616,27.3523,340.1361,-,5,0
7086820,0.573677,0.573679,266,611,1.0,1.6,3.1,7.6,0.97,0.96,0.01,1.7771,1.7461,29.4768,338.4095,-,5,0
7119535,0.576808,0.576796,623,276,0.9,3.5,1.8,30.2,0.5,0.84,0.34,1.7676,1.7365,29.4855,353.3569,-,5,0
7124974,0.570975,0.570969,609,662,2.2,1.9,20.9,6.6,0.75,0.86,0.11,1.7852,1.7543,29.5727,347.2222,-,5,1
7124989,0.613706,0.613707,608,555,0.9,1.7,1.5,4.8,0.84,0.86,0.02,1.6633,1.6323,29.5029,345.4231,-,5,0
7131981,0.662521,0.662521,569,650,1.2,1.3,2.4,2.8,0.75,0.74,0.01,1.5432,1.5123,29.5465,338.9831,-,8,0
7152380,0.647243,0.647256,564,284,1.1,1.9,1.4,11.3,0.72,0.99,0.27,1.5788,1.5731,29.5858,35.5492,-,5,0
7179711,0.590966,0.59097,399,136,1.0,2.2,1.7,9.4,0.68,0.81,0.13,1.7288,1.7657,27.3149,13.5879,-,5,1
7187041,0.656375,0.656363,317,784,1.4,1.5,2.4,3.9,0.57,0.68,0.11,1.5649,1.5455,24.1575,45.5477,-,9,0
7206315,0.584546,0.584553,348,328,1.2,1.0,2.1,2.4,0.72,0.98,0.26,1.7135,1.7135,355.2398,355.2398,-,10,0
7218554,0.524933,0.524929,283,232,1.0,2.5,1.2,15.2,1.03,1.31,0.28,1.9539,1.9539,20.4562,20.4645,-,5,0
7254801,0.561133,0.561071,310,334,1.3,5.5,2.2,48.4,0.63,0.8,0.17,1.8527,1.7872,14.1563,205.3388,-,9,1
7279621,0.415469,0.415467,324,728,1.9,4.6,5.0,26.7,0.38,0.33,0.05,2.5166,2.4145,9.1183,131.3198,-,5,1
7283275,0.543342,0.543331,297,722,2.2,3.6,8.4,14.3,0.88,0.84,0.04,1.9216,1.9216,12.3259,12.3259,-,8,1
7337289,0.404115,0.404114,552,248,1.7,3.9,4.4,25.4,0.37,0.51,0.14,2.5084,2.555,29.5508,12.4285,-,5,0
7344401,0.330201,0.330226,397,1164,1.8,2.7,5.9,22.0,0.36,0.48,0.12,3.13,3.0393,9.8449,89.9281,-,13,1
7411461,0.467033,0.482633,552,165,1.0,13.8,2.4,393.4,1.09,0.97,0.12,2.1751,2.0908,29.4811,52.9942,-,8,0
7455952,0.510716,0.510717,504,234,0.9,3.2,2.6,37.5,0.89,1.18,0.29,1.992,1.9609,29.4594,347.2222,-,5,0
7510192,0.647056,0.647048,561,620,1.4,3.9,5.9,27.3,0.53,0.6,0.07,1.5794,1.5538,29.4985,120.5546,-,5,1
7535651,0.594803,0.594804,263,567,1.3,1.9,3.8,9.4,1.06,1.31,0.25,1.7209,1.6849,25.2302,269.5418,-,5,0
7580734,0.314956,0.314957,387,354,2.0,4.0,4.1,13.7,0.38,0.38,0.0,3.2089,3.1805,29.5596,181.9836,-,8,1
7585538,0.63039,0.630397,293,367,0.8,1.2,0.9,1.6,0.36,0.3,0.06,1.6202,1.5918,29.5552,182.1494,-,0,0
7649575,0.642927,0.642935,281,390,1.1,1.5,1.8,4.5,0.87,0.9,0.03,1.5892,1.5775,29.5596,45.1569,-,5,0
7657340,0.49548,0.495493,482,511,2.3,4.0,11.8,31.0,0.79,0.73,0.06,2.0274,2.0259,109.1703,129.9545,-,11,1
7657552,0.50454,0.504542,429,324,1.2,3.8,5.9,45.3,0.88,1.18,0.3,2.0158,2.0054,29.6077,42.6894,-,5,0
7661142,0.549372,0.549365,489,230,0.9,1.5,0.9,4.5,0.75,0.73,0.02,1.8541,1.8258,29.5596,179.6945,-,5,1
7705899,0.658143,0.658148,479,213,1.7,3.5,5.1,17.7,0.42,0.6,0.18,1.5534,1.5324,29.4681,77.101,-,5,0
7707014,0.455242,0.455243,485,341,3.0,2.0,13.8,11.6,0.96,1.12,0.16,2.2936,2.2021,10.313,182.8154,-,10,0
7712495,0.562481,0.562476,457,282,1.1,1.4,1.8,2.9,0.84,0.79,0.05,1.8118,1.7834,29.4724,178.8909,-,8,0
7716220,0.563336,0.563335,459,282,1.7,3.5,6.1,26.0,0.66,0.54,0.12,1.7779,1.7806,357.1429,182.3154,-,5,1
7723614,0.560912,0.560908,533,388,1.1,2.4,2.8,16.2,0.74,1.01,0.27,1.8167,1.8561,29.4942,13.6454,-,5,1
7736895,0.286974,0.286978,354,264,1.2,1.1,1.8,2.1,0.32,0.35,0.03,3.5185,3.4901,29.5465,182.1494,-,8,0
7779915,0.350405,0.350401,253,634,1.1,2.5,1.5,8.7,0.33,0.33,0.0,2.8566,2.8676,357.7818,72.8597,-,5,1
7787834,0.465971,0.465971,281,627,1.1,2.1,1.8,8.2,1.12,1.11,0.01,2.2177,2.2177,13.9538,13.9587,-,5,0
7811366,0.489523,0.489521,253,1119,2.0,4.7,11.4,62.0,0.81,1.08,0.27,2.1151,2.0629,13.8293,49.8504,-,7,1
7827663,0.390832,0.390832,385,345,3.4,4.5,17.7,26.2,0.32,0.4,0.08,2.5925,2.5641,29.5334,182.6484,-,13,1
7836810,0.547266,0.547317,362,324,3.5,3.7,11.9,25.8,0.46,0.44,0.02,1.8611,1.8326,29.5247,182.4818,-,9,0
7846640,0.551495,0.551518,447,178,1.5,9.2,5.3,109.1,0.76,0.81,0.05,1.8942,1.8236,12.3472,96.0615,-,5,1
7856049,0.541363,0.541368,253,79,2.2,2.2,9.8,8.0,0.73,0.46,0.27,1.9249,1.85,12.865,349.6503,-,10,0
7862869,0.295311,0.295312,270,197,1.3,1.3,2.6,2.4,0.44,0.33,0.11,3.4541,3.3891,14.7493,356.5062,-,9,0
7908628,0.549017,0.549028,263,711,1.1,1.4,1.8,2.9,0.88,0.82,0.06,1.8442,1.8249,43.9657,286.533,-,0,0
7925995,0.476607,0.476607,270,298,1.5,2.1,3.1,10.3,1.14,1.07,0.07,2.1458,2.1037,20.9798,182.1494,-,5,0
7997579,0.486693,0.486689,465,284,1.3,5.1,2.6,37.2,0.77,0.77,0.0,2.0886,2.0807,29.4551,38.4837,-,5,1
8003415,0.640889,0.640884,296,396,1.8,1.0,5.7,1.6,0.54,0.55,0.01,1.5943,1.5658,29.4681,182.1494,-,5,0
8010233,0.732549,0.732546,490,256,1.5,1.5,3.3,2.9,0.45,0.71,0.26,1.4137,1.3707,20.5656,178.4121,-,7,0
8015684,0.365534,0.365534,367,313,1.3,1.6,2.4,2.3,0.42,0.53,0.11,2.7696,2.7414,29.4985,177.6199,-,9,1
8027315,0.4805,0.480501,472,214,1.1,2.7,2.6,13.0,1.07,1.46,0.39,2.115,2.1204,29.5247,25.4842,-,5,0
8036191,0.36386,0.363893,438,175,2.2,1.6,7.8,10.9,0.4,0.6,0.2,2.7822,2.8768,29.5116,7.7688,-,8,1
8052673,0.562206,0.562212,285,400,2.4,3.5,14.3,18.9,0.93,0.91,0.02,1.7992,1.7842,48.7092,180.3427,-,8,0
8096970,0.358815,0.358818,281,328,1.2,2.0,1.1,4.1,0.29,0.34,0.05,2.8961,2.8961,9.1583,9.1571,-,5,0
8130793,0.640631,0.64051,256,229,3.4,1.8,17.3,4.4,0.35,0.58,0.23,1.5998,1.5642,25.7334,336.1345,-,9,0
8175767,0.570752,0.570748,273,184,1.1,1.6,3.6,4.4,0.76,0.53,0.23,1.8198,1.7568,14.758,213.6752,-,5,0
8207815,0.517238,0.517241,254,157,1.1,1.4,2.8,4.3,1.0,0.77,0.23,1.968,1.9361,28.8184,355.2398,-,5,0
8214374,0.487303,0.487291,264,901,1.2,3.5,3.1,33.8,0.79,0.7,0.09,2.1014,2.0769,20.2963,40.404,-,5,1
8222011,0.35092,0.350914,264,729,2.0,4.8,5.2,25.2,0.46,0.35,0.11,2.8923,2.8532,23.4247,284.495,-,6,1
8306649,0.783187,0.783175,318,255,1.0,2.1,2.7,6.8,0.9,1.24,0.34,1.3077,1.3118,32.3625,28.6328,-,5,0
8311517,0.523354,0.523359,331,257,1.8,3.6,11.4,48.6,0.74,0.99,0.25,1.9567,1.9567,21.7533,21.7439,-,10,1
8318076,0.506938,0.506935,475,330,1.5,1.7,4.9,7.1,0.93,0.94,0.01,1.9877,1.9877,66.4011,66.4231,-,5,0
8331094,0.267543,0.267549,430,301,2.1,3.3,4.1,9.7,0.35,0.39,0.04,3.7716,3.7431,29.4985,182.6484,-,8,1
8337518,0.536969,0.53697,466,286,0.8,1.5,1.0,5.4,0.96,0.86,0.1,1.8962,1.9325,29.5159,14.241,-,5,1
8342007,0.469585,0.469589,491,208,2.0,3.4,9.2,26.8,0.93,1.28,0.35,2.1634,2.193,29.577,15.7629,-,10,0
8343291,0.569785,0.569791,474,288,3.3,5.1,31.4,63.3,0.7,0.68,0.02,1.7888,1.7605,29.6121,181.4882,-,12,1
8370218,0.650007,0.650021,257,619,1.0,2.4,1.6,12.6,0.81,0.75,0.06,1.5899,1.5522,19.4477,72.7802,-,5,0
8405435,0.666743,0.666737,260,572,0.9,1.0,1.1,3.0,0.67,0.95,0.28,1.5056,1.5056,172.5626,173.3102,-,0,0
8453011,0.58982,0.589817,353,227,1.2,1.1,3.4,2.9,0.69,1.03,0.34,1.7293,1.7252,29.5334,33.6247,-,7,0
8482990,0.631842,0.631846,265,635,1.0,1.8,1.2,6.5,0.73,1.01,0.28,1.6532,1.5875,14.1864,205.1282,-,5,0
8610884,0.592421,0.592429,277,806,2.2,4.3,6.3,35.5,0.45,0.46,0.01,1.7144,1.7101,37.843,45.0958,L,0,2
8610949,0.583834,0.583869,252,82,2.3,2.6,10.8,14.7,0.53,0.43,0.1,1.7466,1.7447,29.5596,31.2549,-,13,0
8640362,0.33272,0.344192,444,279,4.1,1.6,12.6,3.7,1.28,0.33,0.95,3.0373,2.9109,31.4367,180.8318,-,9,0
8735344,0.403326,0.40333,285,2623,1.4,4.5,3.3,30.1,0.41,0.34,0.07,2.518,2.4842,25.9168,206.8252,-,5,0
8738578,0.631217,0.631243,277,641,0.7,2.9,0.7,8.9,0.32,0.44,0.12,1.6228,1.5891,25.937,204.7083,-,5,0
8745173,0.489914,0.490045,296,201,1.9,4.8,6.0,41.5,0.71,1.11,0.4,2.1152,2.0786,13.5071,26.3089,-,11,0
8750363,0.561315,0.561305,295,294,1.4,3.2,4.2,28.8,0.89,0.67,0.22,1.8553,1.787,13.5593,183.3181,-,5,1
8799313,0.32756,0.327542,280,785,1.1,1.6,1.3,3.9,0.47,0.4,0.07,3.0766,3.0565,42.1941,289.8551,-,5,1
8854248,0.34748,0.347477,336,272,1.6,1.3,3.2,2.6,0.4,0.4,0.0,2.8807,2.8834,357.7818,181.3237,-,5,1
8901601,0.462265,0.462267,270,680,2.3,1.9,20.1,10.6,1.14,1.09,0.05,2.2435,2.2435,12.4611,12.4611,-,5,0
8902279,0.712364,0.712368,302,244,1.2,1.3,5.8,2.8,0.53,0.73,0.2,1.4698,1.4688,15.1481,15.3669,-,5,0
8907563,0.513164,0.513164,259,382,1.1,4.6,2.8,38.4,0.77,0.8,0.03,1.9757,1.9757,37.0508,36.9686,L,0,2
8927173,0.558599,0.558604,317,66,1.3,4.4,2.5,23.9,0.77,0.71,0.06,1.824,1.7933,29.5552,316.9572,-,5,0
8930253,0.483874,0.483869,302,65,2.1,1.6,16.0,4.1,1.08,0.85,0.23,2.0986,2.0987,31.3381,31.1769,-,5,0
8999679,0.338793,0.338791,273,619,1.4,1.3,3.5,2.1,0.37,0.35,0.02,3.0197,2.9566,14.7048,203.4588,-,5,0
9014689,0.554951,0.554951,281,176,2.2,3.2,14.4,15.7,0.58,0.53,0.05,1.8729,1.8048,14.1004,355.2398,-,8,0
9017927,0.656716,0.65669,268,641,1.0,1.5,2.2,3.9,0.88,0.94,0.06,1.5584,1.5362,28.0308,74.5712,-,11,0
9063194,0.575781,0.57576,467,283,2.4,3.1,16.1,24.2,0.83,0.65,0.18,1.7707,1.7424,29.4898,179.3722,-,12,1
9070238,0.613906,0.613907,447,275,1.0,1.6,1.2,6.0,0.96,0.96,0.0,1.6628,1.6344,29.4768,180.8318,-,5,0
9099158,0.629729,0.629738,253,579,1.4,1.4,2.5,4.2,0.55,0.77,0.22,1.6448,1.6457,17.6103,17.3175,-,5,0
9142645,0.355706,0.355701,269,229,1.4,5.8,2.2,31.4,0.34,0.51,0.17,2.8457,2.907,29.0782,10.4504,-,5,0
9208280,0.610506,0.610531,302,134,1.1,2.6,2.1,11.0,0.54,0.58,0.04,1.6719,1.6706,29.5247,30.6279,-,5,1
9227464,0.352865,0.352858,352,494,4.4,4.9,34.4,26.6,0.3,0.42,0.12,2.9184,2.8786,11.8399,22.4014,-,13,0
9236215,0.35257,0.352572,444,133,1.8,2.8,4.2,13.9,0.42,0.33,0.09,2.8702,2.8391,29.5508,352.1127,-,9,1
9246950,0.548152,0.548165,410,60,1.2,1.8,2.6,4.1,0.78,0.57,0.21,1.8582,1.8839,29.4898,16.7785,-,5,0
9304586,0.483694,0.4837,272,498,1.2,2.4,2.4,7.7,1.14,1.48,0.34,2.1352,2.0997,14.7623,30.9406,-,5,0
9356158,0.30825,0.308254,278,259,0.8,1.7,0.8,8.3,0.46,0.64,0.18,3.278,3.3634,29.5596,8.3815,-,5,0
9357126,0.683864,0.683864,275,268,1.0,1.3,1.8,2.0,0.38,0.49,0.11,1.5269,1.5115,15.4751,20.3252,-,9,0
9362756,0.583821,0.583814,436,63,1.4,1.9,4.4,5.6,0.66,0.6,0.06,1.7467,1.7922,29.5596,12.6095,-,5,1
9365776,0.290031,0.290038,446,257,1.9,1.6,9.3,5.7,0.39,0.37,0.02,3.4818,3.4534,29.5116,180.3427,-,5,1
9449335,0.47572,0.475695,257,506,2.0,5.0,15.1,49.0,0.89,1.15,0.26,2.1359,2.1519,29.5465,20.1045,-,11,1
9507066,0.611134,0.611145,256,385,0.9,3.2,1.2,12.5,0.59,0.52,0.07,1.6729,1.65,27.3224,72.8332,-,5,1
9532981,0.591,0.591042,282,320,1.7,6.2,7.4,68.0,0.59,0.39,0.2,1.6948,1.7055,357.7818,73.6648,-,9,1
9541058,0.663589,0.663598,308,69,1.1,1.5,2.5,2.3,0.49,0.38,0.11,1.5098,1.5155,357.7818,117.2333,-,9,0
9669369,0.539876,0.539872,449,273,1.6,1.3,4.3,4.8,0.66,0.7,0.04,1.9275,1.9275,13.2943,13.2917,-,5,0
9756199,0.657727,0.657671,277,281,1.0,2.2,1.2,7.6,0.4,0.54,0.14,1.5373,1.538,59.0145,57.1755,-,0,0
9763096,0.600682,0.600683,291,74,1.5,1.2,4.4,1.4,0.49,0.41,0.08,1.6987,1.6861,29.4551,46.7946,-,5,0
9814275,0.63964,0.639642,280,561,1.6,1.1,9.9,1.8,0.38,0.4,0.02,1.5999,1.577,27.3486,73.3138,-,5,0
9818617,0.626065,0.626066,267,62,0.8,1.0,0.9,2.0,0.76,0.62,0.14,1.6048,1.6001,133.6005,352.7337,-,0,0
9852554,0.651339,0.651367,339,217,1.0,4.5,1.1,46.6,0.67,0.75,0.08,1.557,1.6001,46.0617,15.4048,L,0,2
9854852,0.668734,0.668735,294,65,0.8,1.2,2.3,1.7,0.65,0.55,0.1,1.5012,1.5269,171.3796,31.6857,-,0,0
9855123,0.527518,0.527515,345,210,1.2,2.5,1.9,13.1,1.14,1.46,0.32,1.9322,1.9492,27.3598,18.6863,-,5,0
9856232,0.626142,0.626129,335,281,3.4,8.9,24.3,105.2,0.83,0.58,0.25,1.6337,1.6027,27.3187,180.5054,-,14,0
9918809,0.47946,0.479509,265,601,1.9,11.6,7.8,161.8,0.6,0.58,0.02,2.1556,2.099,14.3113,73.7735,-,9,1
9920704,0.63114,0.631141,263,920,1.3,1.8,2.2,4.4,0.38,0.48,0.1,1.6389,1.6389,18.3705,18.3587,-,5,0
9961135,0.590896,0.590891,296,71,1.1,1.8,2.6,4.7,0.57,0.45,0.12,1.7099,1.6977,57.0288,186.2197,L,0,2
9964640,0.636584,0.636595,260,69,1.2,0.8,2.6,1.1,0.5,0.34,0.16,1.5878,1.6053,59.1017,29.0149,-,0,0
9968431,0.302266,0.302211,273,323,1.7,2.2,2.8,7.4,0.32,0.38,0.06,3.4584,3.4607,6.666,6.588,-,7,1
9972307,0.598584,0.598576,268,120,0.9,1.3,1.8,3.1,0.45,0.5,0.05,1.7072,1.6761,27.356,181.8182,-,8,0
9979905,0.338739,0.338739,457,220,2.5,2.3,7.9,11.3,0.46,0.69,0.23,2.986,2.9788,29.5072,37.5023,-,10,1
9980782,0.312339,0.312337,505,272,1.0,2.0,1.3,6.7,0.4,0.4,0.0,3.2355,3.2998,29.5159,10.1926,-,5,1
9983939,0.448081,0.448054,466,69,2.3,1.5,10.4,2.5,0.37,0.28,0.09,2.2656,2.2374,29.5465,179.6945,-,7,0
9984569,0.348742,0.348744,478,221,1.1,5.9,2.2,43.0,0.39,0.53,0.14,2.9534,2.9365,11.6333,14.4823,-,5,0
9987252,0.55455,0.554549,404,221,1.2,3.6,2.5,30.9,0.67,1.04,0.37,1.8399,1.8697,27.3224,15.0421,-,5,1
10030349,0.545073,0.545074,255,901,2.1,4.4,8.7,34.2,0.75,0.82,0.07,1.9187,1.9187,11.8984,11.8984,-,6,1
10064356,0.628286,0.628279,291,316,1.0,1.7,2.0,4.8,0.53,0.5,0.03,1.5945,1.6509,352.1127,16.8762,-,5,0
10066464,0.664979,0.664969,274,262,1.2,2.6,3.2,10.4,0.43,0.67,0.24,1.5404,1.5087,27.3038,205.3388,-,5,0
10085065,0.33749,0.337492,444,205,1.4,1.2,4.1,1.6,0.4,0.59,0.19,2.9658,2.9842,357.7818,47.1809,-,5,0
10141859,0.688583,0.688592,484,275,1.2,1.5,1.7,5.1,0.8,0.81,0.01,1.4859,1.4859,29.6912,29.7265,-,5,0
10256108,0.472752,0.472754,291,122,1.5,1.5,2.8,5.2,1.13,0.85,0.28,2.1715,2.1715,17.773,17.773,-,5,0
10256156,0.541256,0.541259,304,864,0.8,2.1,1.1,11.8,0.83,1.18,0.35,1.8504,1.9251,356.5062,12.8924,-,5,0
10260828,0.380655,0.380643,280,862,2.2,7.4,5.3,77.3,0.35,0.49,0.14,2.6976,2.6306,14.1653,284.495,-,8,1
10420063,0.487395,0.487394,488,65,4.2,3.7,67.9,19.5,0.97,0.68,0.29,2.0857,2.1007,29.4421,20.4207,-,7,1
10480983,0.328111,0.328122,515,271,0.7,1.4,0.5,14.2,0.4,0.38,0.02,3.0505,3.0688,357.1429,47.3821,-,5,0
10481905,0.48472,0.484775,510,266,2.6,6.6,18.1,81.1,0.71,0.81,0.1,2.097,2.1229,29.4898,16.65,-,10,0
10488093,0.561027,0.561024,495,221,2.1,1.3,4.3,4.5,0.66,0.98,0.32,1.7852,1.804,357.7818,46.4145,-,5,0
10494061,0.57599,0.575984,256,545,1.0,2.9,1.4,18.6,0.55,0.54,0.01,1.7389,1.7498,357.1429,73.0727,-,5,0
10503746,0.573563,0.57357,264,526,2.7,1.9,12.8,8.1,0.83,0.73,0.1,1.7576,1.7572,70.9471,72.7537,L,0,2
10517655,0.528073,0.528081,411,240,1.2,5.1,2.7,44.7,0.7,0.65,0.05,1.9275,1.8991,29.529,182.1494,-,5,0
10575954,0.61381,0.613819,335,237,1.5,2.0,3.4,11.5,0.9,0.88,0.02,1.632,1.6346,356.5062,182.6484,-,5,0
10578950,0.336025,0.336028,428,236,2.1,1.9,4.7,4.2,0.38,0.38,0.0,3.0098,2.9814,29.6033,182.6484,-,5,1
10662468,0.44518,0.445167,301,858,3.6,1.8,21.3,4.9,0.29,0.44,0.15,2.3425,2.2512,10.3934,207.0393,-,5,1
10814742,0.462687,0.462683,257,76,2.5,4.3,26.8,39.9,0.9,0.62,0.28,2.2185,2.2405,17.4749,12.6295,-,7,1
10890118,0.641441,0.641438,468,243,0.9,1.8,1.0,6.8,0.96,0.96,0.0,1.5929,1.5645,29.529,182.9826,-,5,0
10926207,0.781248,0.781247,279,67,1.2,1.4,2.0,2.3,0.46,0.39,0.07,1.3166,1.2828,27.3486,355.2398,-,9,0
10930979,0.538044,0.538049,309,501,1.0,1.5,1.4,4.8,0.94,0.91,0.03,1.9321,1.9306,13.6036,13.8744,-,5,0
10954700,0.594403,0.594391,422,194,1.5,6.1,4.8,138.3,0.7,0.96,0.26,1.6852,1.6879,355.8719,180.8318,-,5,0
10957462,0.540006,0.540011,437,231,1.0,1.7,1.4,7.0,0.91,0.85,0.06,1.8858,1.9273,29.4247,13.2494,-,5,0
10980498,0.278969,0.278971,309,229,1.0,2.8,1.1,8.8,0.33,0.36,0.03,3.5874,3.5901,357.1429,182.8154,-,5,0
11214551,0.58324,0.583243,276,235,0.9,1.7,1.3,9.3,1.12,1.49,0.37,1.7511,1.7202,27.3336,177.305,-,5,0
11215595,0.54696,0.546943,338,65,1.3,2.3,3.8,30.7,0.87,0.58,0.29,1.8623,1.8971,29.3902,14.5465,-,6,1
11224124,0.580491,0.580476,318,356,1.0,1.6,1.6,3.6,0.67,0.45,0.22,1.7537,1.729,32.2841,158.1028,-,6,1
11293454,0.568606,0.568598,307,511,2.2,5.2,8.2,51.6,0.62,0.83,0.21,1.7947,1.8401,27.7739,12.2933,-,7,0
11296138,0.618447,0.618464,263,293,2.8,2.7,14.5,16.9,0.49,0.53,0.04,1.6398,1.693,43.8116,13.1423,-,0,0
11303365,0.282035,0.282029,285,230,1.1,2.4,2.9,12.3,0.42,0.6,0.18,3.5795,3.6276,29.5247,12.2205,-,5,1
11366353,0.266815,0.266816,260,178,2.6,1.4,20.5,2.5,0.37,0.4,0.03,3.7846,3.7534,27.2814,180.9955,-,5,0
11372153,0.454632,0.454634,267,591,1.0,2.2,1.7,9.9,1.19,1.14,0.05,2.2024,2.298,355.2398,10.1605,-,5,0
11448655,0.486903,0.486894,257,120,0.9,2.5,1.4,26.2,0.88,0.84,0.04,2.0905,2.0781,27.2665,41.2967,-,5,0
11491234,0.597835,0.597835,263,278,1.2,2.1,2.7,6.1,1.0,1.34,0.34,1.7165,1.6781,22.8415,183.8235,-,5,0
11597683,0.533543,0.533546,263,291,1.0,1.6,1.4,4.7,0.81,0.8,0.01,1.9081,1.9385,29.5465,15.5678,-,5,0
11636398,0.386754,0.386761,257,631,0.8,2.1,0.9,7.2,0.43,0.58,0.15,2.6224,2.5912,27.222,179.3722,-,5,1
11688186,0.62516,0.625147,298,132,1.6,3.1,9.8,18.0,0.7,0.6,0.1,1.6431,1.6024,22.9859,354.6099,-,5,0
11857301,0.550273,0.550352,269,473,1.9,3.5,14.6,38.6,0.8,0.68,0.12,1.8684,1.8204,19.5714,291.9708,-,13,0
11953092,0.323151,0.323153,256,465,1.9,1.4,3.7,2.4,0.33,0.32,0.01,3.1284,3.0979,29.5334,294.9853,-,5,0
12105672,0.484188,0.484192,254,559,0.9,1.7,1.0,6.0,1.05,1.04,0.01,2.1194,2.0966,18.5014,31.954,-,5,0
12502187,0.526895,0.526896,256,221,2.0,1.6,4.0,4.7,1.09,1.4,0.31,1.9503,1.9503,19.084,19.0785,-,5,0
12696409,0.526731,0.526728,264,272,1.9,2.5,23.9,11.1,0.99,1.27,0.28,1.9351,1.952,27.3,18.7003,-,10,0
13112616,0.652675,0.652709,387,421,1.4,2.0,2.2,5.7,0.4,0.55,0.15,1.591,1.5908,16.988,17.0343,-,6,0
13423223,0.634672,0.634669,254,872,0.8,2.3,0.9,17.9,0.71,1.04,0.33,1.6182,1.6242,23.4659,20.5698,-,5,0
14229885,0.600104,0.600114,260,614,1.2,1.5,2.5,4.1,0.99,0.97,0.02,1.6796,1.6708,75.815,224.4669,-,0,0
15074884,0.637853,0.637848,263,804,0.8,2.0,1.1,8.3,0.76,1.1,0.34,1.6017,1.6121,29.4551,22.5836,-,5,0
15075296,0.524657,0.524659,266,1028,0.8,2.2,1.0,6.6,1.04,1.38,0.34,1.9229,1.9544,59.0493,20.674,-,0,0
15802998,0.681302,0.681288,337,535,1.5,3.7,7.0,32.3,0.72,0.74,0.02,1.5377,1.5376,14.3082,14.3256,-,5,0
16483679,0.646463,0.646457,262,442,1.3,1.7,2.0,5.4,0.93,1.31,0.38,1.6193,1.5764,13.8102,33.9386,-,5,0
16494763,0.441664,0.441659,252,511,3.8,6.4,27.1,74.5,0.75,1.04,0.29,2.3164,2.27,19.1333,171.5266,-,14,0
16901059,0.320975,0.320972,313,677,1.6,1.2,3.7,4.4,0.43,0.4,0.03,3.1522,3.1291,27.2702,73.7463,-,5,0
16968703,0.824294,0.82429,317,516,0.8,1.8,0.7,54.9,0.48,0.68,0.2,1.2427,1.2187,33.8409,181.9836,-,5,0
16971175,0.589631,0.589631,288,522,1.9,1.3,6.9,3.3,0.6,0.9,0.3,1.7665,1.707,14.1733,90.8678,-,5,0
16983422,0.581531,0.581519,260,493,1.4,3.3,5.6,31.4,0.58,0.85,0.27,1.7873,1.7305,14.7634,91.8274,-,5,0
16991760,0.549098,0.549096,260,554,2.9,3.7,21.3,36.3,0.75,1.08,0.33,1.8889,1.832,14.7634,92.2509,-,10,1
17005824,0.587735,0.587738,276,558,1.4,1.9,2.5,7.7,1.02,1.46,0.44,1.7692,1.7124,14.7558,91.3659,-,5,0
17009525,0.569504,0.56951,517,237,0.9,2.6,1.1,15.2,0.56,0.82,0.26,1.7898,1.7649,29.4811,111.3586,-,5,1
17082877,0.358479,0.358483,485,432,1.0,2.4,1.2,10.4,0.3,0.49,0.19,2.8235,2.7924,29.4724,350.2627,-,5,1
17151564,0.473619,0.473626,599,430,1.1,2.2,2.1,7.3,1.13,1.07,0.06,2.1657,2.1657,18.4128,18.4196,-,5,0
17181303,0.536573,0.536572,556,285,1.4,2.1,2.6,10.7,1.04,1.4,0.36,1.9346,1.9332,14.0964,14.375,-,5,0
17185566,0.61416,0.614169,542,629,1.5,1.9,3.2,6.2,0.4,0.42,0.02,1.662,1.6365,29.5814,120.6273,Z,0,2
17216032,0.585994,0.586,472,667,1.4,3.0,5.3,17.5,0.61,0.66,0.05,1.7093,1.7094,355.2398,337.2681,-,5,0
17247918,0.481867,0.481865,362,413,1.8,4.6,4.9,41.5,0.74,0.72,0.02,2.1092,2.1115,29.4985,27.5672,-,5,1
17266250,0.28381,0.283811,551,232,2.3,1.4,17.2,2.4,0.44,0.62,0.18,3.5574,3.5263,29.5116,349.6503,-,5,0
17275627,0.537775,0.537771,563,474,2.1,4.8,7.8,27.7,0.74,1.0,0.26,1.8934,1.9311,29.5029,13.9665,-,7,1
17302403,0.488261,0.488343,328,629,2.0,6.4,11.0,74.4,0.73,0.63,0.1,2.1187,2.0703,14.1653,44.3754,-,10,1
17370336,0.550877,0.550886,526,570,1.1,1.6,2.0,3.6,0.89,0.83,0.06,1.8492,1.8182,29.4724,339.5586,-,9,0
17436807,0.573739,0.573756,496,390,1.1,1.8,2.0,7.1,0.68,0.64,0.04,1.7769,1.7457,29.4811,355.8719,-,5,1
17452152,0.538108,0.5381,549,414,0.9,1.8,1.4,6.6,0.96,0.94,0.02,1.8922,1.9305,29.5116,13.8591,-,5,0
17475914,0.539073,0.539089,333,249,1.6,3.7,3.8,31.2,0.85,1.2,0.35,1.9288,1.9289,13.5492,13.5373,-,6,0
17476779,0.556607,0.556604,291,465,1.7,1.2,12.9,5.4,0.77,0.79,0.02,1.8332,1.7995,27.3299,346.0208,-,5,0
17508928,0.513683,0.513686,552,277,0.8,2.0,0.9,6.7,0.96,1.34,0.38,1.9806,1.9747,29.5596,35.7079,-,5,0
17544856,0.614297,0.614296,533,537,2.0,3.4,9.6,20.9,0.59,0.77,0.18,1.6618,1.6327,29.5072,206.3983,-,10,1
17547893,0.541471,0.541479,524,490,1.1,1.5,2.1,5.3,0.93,0.9,0.03,1.9248,1.9248,12.8312,12.8213,-,5,0
17555840,0.518813,0.518836,545,493,1.5,5.0,3.5,38.5,0.7,0.63,0.07,1.9613,1.9303,29.5902,347.2222,-,6,0
17586216,0.49917,0.499167,362,376,1.2,1.5,3.0,6.6,0.93,1.4,0.47,2.0398,2.0061,27.3935,356.5062,-,5,0
17633750,0.572807,0.572802,317,454,1.1,1.8,1.6,6.8,0.69,0.6,0.09,1.7824,1.7487,27.3112,349.6503,-,5,0
17635845,0.534016,0.534026,491,54,3.1,1.8,25.0,7.4,0.93,0.92,0.01,1.9065,1.8822,29.5159,104.2209,-,0,0
17701075,0.651743,0.651746,296,533,0.9,1.5,1.4,5.5,0.85,1.17,0.32,1.5697,1.5976,28.2885,15.8065,-,5,0
18020957,0.260678,0.260678,371,1308,0.9,1.5,0.8,5.4,0.41,0.38,0.03,3.9038,3.9208,14.7798,11.812,-,5,0
19775800,0.310856,0.310867,292,2583,1.3,2.7,2.2,15.1,0.46,0.6,0.14,3.2846,3.3225,14.77,9.463,-,5,1
20565236,0.576146,0.576151,255,1367,1.5,2.5,7.0,14.6,0.71,0.66,0.05,1.8061,1.7392,14.1965,278.5515,-,5,0
21126144,0.547549,0.54755,574,472,1.2,1.7,5.1,6.6,0.86,0.87,0.01,1.8603,1.8293,29.4638,336.1345,-,5,1
21134069,0.559149,0.559159,561,60,1.5,5.2,4.8,35.5,0.54,1.02,0.48,1.8223,1.7912,29.5159,355.8719,-,5,0
21145823,0.542382,0.542373,308,247,1.6,1.6,4.1,4.0,0.89,1.23,0.34,1.8776,1.9246,29.5203,12.3732,-,5,0
21200464,0.55507,0.555074,531,504,1.3,1.7,3.6,5.4,0.95,0.94,0.01,1.8353,1.8045,29.6077,343.6426,-,5,0
21210238,0.624435,0.624436,586,271,0.9,2.2,0.9,6.3,0.41,0.59,0.18,1.6354,1.6062,29.4377,209.6436,-,5,0
21215819,0.52438,0.524392,575,272,1.1,4.0,2.4,33.4,0.83,1.01,0.18,1.9549,1.9549,20.8986,20.8638,-,5,1
21216243,0.812046,0.812036,574,495,1.2,2.3,1.8,9.3,0.97,0.89,0.08,1.2653,1.2343,29.5159,347.8261,-,5,0
21225185,0.547807,0.547813,574,494,0.7,1.4,0.6,4.2,0.9,0.87,0.03,1.8283,1.8283,357.7818,353.9823,-,5,0
21235085,0.464773,0.464772,551,301,1.0,3.0,1.7,11.5,1.14,1.52,0.38,2.226,2.226,13.43,13.4318,-,5,0
21248055,0.560703,0.560701,338,378,1.6,1.4,5.9,3.5,0.77,1.11,0.34,1.8173,1.7945,29.5465,90.5387,-,5,0
21256776,0.490974,0.490967,371,379,0.9,1.8,1.4,7.8,1.05,1.42,0.37,2.0538,2.0538,58.7889,58.7372,-,5,0
21289833,0.655388,0.655403,269,1208,2.1,4.8,8.9,46.6,0.7,0.68,0.02,1.5935,1.5392,14.7689,74.5434,-,5,0
21298723,0.605271,0.605276,519,245,1.1,2.0,1.5,11.7,0.66,0.93,0.27,1.655,1.6603,355.2398,122.1001,-,5,0
21320462,0.547737,0.54773,306,685,1.0,1.6,1.8,4.5,0.83,0.74,0.09,1.8963,1.8393,14.1643,73.692,-,5,0
21343608,0.617,0.617001,304,440,1.1,1.8,1.6,9.8,1.05,1.35,0.3,1.6937,1.6413,13.7118,48.6027,-,5,0
21460667,0.534598,0.534601,441,485,1.7,2.5,3.7,17.8,0.86,0.83,0.03,1.9044,1.9366,29.5334,15.1332,-,5,0
21468901,0.632846,0.632863,476,408,1.1,2.0,3.3,4.4,0.34,0.34,0.0,1.614,1.583,29.529,350.8772,-,5,0
21474739,0.462885,0.462875,512,469,1.8,2.0,11.1,6.3,0.83,0.81,0.02,2.2392,2.1633,12.6855,344.2341,-,8,0
21488669,0.501644,0.501661,473,449,1.9,5.7,10.9,52.6,0.68,0.61,0.07,2.0026,1.9981,108.9918,211.1932,-,8,1
21492633,0.311278,0.31128,457,473,1.2,1.5,2.1,3.8,0.44,0.42,0.02,3.2464,3.2154,29.5377,350.2627,-,8,0
21556651,0.614826,0.614808,572,450,1.8,3.1,6.5,19.1,0.66,0.57,0.09,1.663,1.6295,27.3523,335.5705,-,11,1
21574229,0.531469,0.531472,373,304,0.8,1.8,0.8,5.6,1.01,1.32,0.31,1.9422,1.9422,16.5057,16.4989,-,5,0
21577939,0.6326,0.632604,504,482,1.2,1.2,2.5,2.2,0.65,0.67,0.02,1.6328,1.5837,19.2197,341.2969,-,8,0
21592715,0.556707,0.556701,368,414,0.8,1.7,0.8,5.6,0.77,0.8,0.03,1.7991,1.8045,352.1127,121.8027,-,5,0
21619184,0.557343,0.55732,335,605,2.3,3.7,10.1,21.3,0.68,0.64,0.04,1.8309,1.7972,27.2926,341.2969,-,10,1
21622547,0.574883,0.57488,256,603,1.6,1.3,3.7,3.4,0.72,0.71,0.01,1.8175,1.753,12.8139,73.9919,-,5,0
21640723,0.650454,0.650489,460,431,1.0,2.8,2.0,15.6,0.6,0.6,0.0,1.6067,1.6065,14.4248,14.4561,-,6,0
21648266,0.56615,0.566151,480,431,1.2,1.3,2.2,3.4,0.82,0.78,0.04,1.8003,1.7713,29.4421,199.4018,-,8,0
21688272,0.304803,0.30479,263,498,2.3,1.8,10.4,5.9,0.43,0.56,0.13,3.3515,3.2859,14.1493,203.4588,-,5,1
21719768,0.533555,0.533571,269,738,1.1,1.2,1.1,2.9,0.81,0.91,0.1,1.942,1.9385,14.7591,15.5557,-,5,0
21753974,0.527854,0.527856,260,433,1.8,1.7,4.8,6.4,0.91,0.94,0.03,1.95,1.9486,18.0002,18.4655,-,5,0
21806402,0.592081,0.592104,592,260,1.6,6.2,7.4,90.8,0.55,0.69,0.14,1.7228,1.7033,29.5902,69.541,-,6,1
21864884,0.622468,0.622472,620,245,1.1,1.5,2.2,2.9,0.65,0.95,0.3,1.6404,1.626,29.4985,51.2033,-,10,1
21869616,0.518196,0.518199,599,420,1.4,3.7,5.0,33.2,0.93,0.79,0.14,1.9663,1.9662,27.386,27.4123,-,5,1
21874209,0.611295,0.611286,593,201,2.5,5.9,17.9,67.6,0.59,0.88,0.29,1.6698,1.6887,29.4985,18.952,-,7,1
21879209,0.502716,0.502715,555,263,0.8,2.3,0.6,9.1,1.01,1.37,0.36,1.996,2.0027,147.6015,74.0192,-,5,0
21907874,0.536115,0.536121,541,131,2.0,5.2,10.5,92.5,0.59,0.91,0.32,1.934,1.87,14.5423,208.7683,-,7,0
21945241,0.472332,0.472334,404,586,0.9,1.6,1.1,4.7,1.1,1.06,0.04,2.1544,2.1744,26.8637,17.481,-,5,0
21947560,0.480496,0.480497,322,540,2.5,4.2,12.7,34.4,0.76,0.88,0.12,2.119,2.1204,26.4306,25.4972,-,6,0
21948290,0.511127,0.511115,354,596,2.3,2.4,11.9,14.7,0.76,0.81,0.05,1.9796,1.9796,43.2339,43.3557,L,0,2
21948919,0.584462,0.584462,396,536,1.8,2.6,4.7,7.5,0.59,0.65,0.06,1.7138,1.714,357.7818,332.2259,-,9,0
21966412,0.684606,0.684615,289,581,0.7,1.1,1.0,1.4,0.35,0.35,0.0,1.4887,1.4825,35.6633,45.8295,-,0,0
21967825,0.540607,0.5406,263,363,1.8,4.7,6.7,60.2,0.63,0.97,0.34,1.9263,1.9263,13.0736,13.0745,-,7,1
21986725,0.626306,0.626308,506,206,1.5,1.8,9.2,7.3,0.93,1.31,0.38,1.6306,1.6611,29.4985,15.5195,-,5,0
22000485,0.571628,0.571632,256,289,1.5,1.6,2.4,4.4,0.76,0.71,0.05,1.7522,1.7577,357.7818,120.1201,-,5,0
22034371,0.530768,0.530754,268,539,1.3,1.8,3.5,6.9,1.03,1.36,0.33,1.9001,1.9434,62.383,16.8535,-,0,0
22090614,0.592153,0.59215,499,221,1.0,2.2,1.4,9.7,1.05,1.42,0.37,1.7226,1.6935,29.5465,212.9925,-,5,0
22186695,0.503655,0.503653,488,319,1.1,3.6,3.2,36.1,0.88,0.9,0.02,1.9941,1.9885,116.144,334.4482,-,5,1
22198858,0.658182,0.658183,632,443,1.4,1.5,6.9,4.1,0.82,0.83,0.01,1.5532,1.5304,29.5072,90.1713,-,5,0
22244513,0.604149,0.604077,330,265,2.5,8.1,9.2,130.0,0.45,0.78,0.33,1.6951,1.6736,25.0627,54.8697,-,11,1
22272582,0.745917,0.745924,344,76,0.7,1.2,0.7,2.4,0.74,0.64,0.1,1.3773,1.3456,27.3075,199.6008,-,0,0
22283909,0.576172,0.576176,344,597,1.2,1.5,3.6,5.4,0.83,0.78,0.05,1.7384,1.7576,352.7337,45.3926,-,5,1
22319996,0.479505,0.479495,514,325,2.6,4.9,20.6,57.8,0.85,0.87,0.02,2.1255,2.1269,24.9969,24.1546,-,5,1
22345256,0.609943,0.60994,287,325,1.1,1.9,2.4,5.7,0.68,0.96,0.28,1.6651,1.6443,39.0701,207.6843,-,5,0
22346514,0.606105,0.606121,309,377,1.0,2.2,1.4,5.7,0.53,0.48,0.05,1.7206,1.6548,14.1483,202.2245,-,5,1
22424347,0.56792,0.567923,505,387,0.9,2.0,0.8,12.4,1.04,1.02,0.02,1.7947,1.7663,29.4942,183.3181,-,5,0
22489941,0.455694,0.455698,441,240,1.3,2.5,2.2,13.2,1.11,1.53,0.42,2.2283,2.2903,29.5639,10.4302,-,5,0
22518189,0.774108,0.774103,433,343,2.6,1.1,13.1,1.7,0.35,0.36,0.01,1.3258,1.2973,29.4594,182.1494,-,5,1
22518636,0.283996,0.283998,546,617,1.8,3.0,3.5,8.3,0.43,0.41,0.02,3.5551,3.5267,29.5029,181.3237,-,8,1
22529369,0.509969,0.509971,518,195,0.7,1.5,0.7,4.3,1.04,1.4,0.36,1.9818,1.9818,47.7555,47.7669,-,5,0
22542105,0.574095,0.57411,537,402,3.2,2.2,19.7,13.6,0.56,0.56,0.0,1.7757,1.7473,29.5334,181.1594,-,7,0
22542640,0.425976,0.425966,586,392,1.5,4.1,3.2,18.7,0.33,0.33,0.0,2.3814,2.3531,29.5421,182.9826,-,5,0
22639551,0.661227,0.661226,298,316,2.0,1.6,4.9,4.9,0.56,0.78,0.22,1.5315,1.5206,52.233,120.9921,-,0,0
22656422,0.606281,0.606339,473,344,1.2,1.2,1.9,4.0,0.65,0.7,0.05,1.6833,1.6547,29.4811,181.8182,-,12,1
22660510,0.545501,0.545504,438,319,1.3,1.6,2.5,5.1,1.0,0.99,0.01,1.867,1.918,29.5421,11.7931,-,5,0
22678238,0.566114,0.566115,312,76,1.4,1.4,2.6,2.9,1.13,0.83,0.3,1.8372,1.7693,14.1333,349.0401,-,10,0
22705180,0.487561,0.487564,317,206,0.9,2.1,0.9,10.1,1.11,1.41,0.3,2.0752,2.078,41.3907,37.0576,-,0,0
22714229,0.327808,0.32781,282,518,3.3,1.2,16.1,1.5,0.33,0.5,0.17,3.1211,3.073,14.1733,44.5236,-,5,0
22720792,0.367152,0.367155,280,724,1.7,1.3,6.8,2.1,0.4,0.37,0.03,2.7942,2.7371,14.1733,74.0741,-,5,1
22828215,0.574536,0.574535,585,45,1.5,1.4,12.5,5.9,0.72,0.6,0.12,1.7744,1.7454,29.5377,207.0393,Z,0,2
22865691,0.456706,0.456711,568,385,1.1,1.6,2.5,7.1,1.19,1.1,0.09,2.2234,2.283,29.5858,10.7032,-,5,0
22911175,0.564211,0.564215,276,268,0.9,1.6,1.0,6.1,0.88,1.13,0.25,1.8089,1.8004,27.386,35.727,-,5,0
22924523,0.583239,0.583138,308,113,1.1,1.7,1.4,3.2,0.9,1.26,0.36,1.7958,1.7177,12.3145,347.8261,-,6,0
22944851,0.582094,0.582078,323,349,1.0,2.6,2.2,15.1,0.56,0.83,0.27,1.7545,1.7209,27.3785,341.2969,-,6,0
22959674,0.405333,0.405409,274,556,1.8,3.8,3.8,21.6,0.3,0.31,0.01,2.5377,2.4802,14.1733,73.9919,-,12,1
22980793,0.540348,0.540353,591,712,1.9,2.8,9.8,17.3,1.01,0.96,0.05,1.8846,1.9267,29.4768,13.1527,-,8,1
23002253,0.542569,0.542564,280,1255,1.2,1.8,2.1,5.8,0.99,0.88,0.11,1.8803,1.9229,26.8348,12.5274,-,5,0
23002449,0.710273,0.710253,293,882,1.0,2.2,2.5,10.2,0.61,0.8,0.19,1.4711,1.4712,15.8203,15.8215,-,6,0
23032545,0.480424,0.480431,302,796,3.0,4.1,20.2,31.9,0.84,0.83,0.01,2.1492,2.1208,14.7656,25.4194,-,5,0
23086777,0.529173,0.529165,258,933,1.2,2.3,1.9,16.0,0.84,0.75,0.09,1.9476,1.9462,17.2712,17.7117,-,5,1
23135759,0.40273,0.402732,552,342,4.2,4.4,22.1,27.7,0.32,0.34,0.02,2.517,2.4887,29.4898,178.2531,-,12,1
23148883,0.39013,0.390124,491,242,1.4,4.8,3.3,29.9,0.35,0.51,0.16,2.5972,2.5744,29.4724,90.0901,-,5,1
23157974,0.557566,0.557544,444,88,1.3,4.4,3.5,43.0,0.65,0.6,0.05,1.8301,1.8742,27.3038,12.3977,-,5,0
23166739,0.543359,0.543368,444,404,1.5,2.3,6.5,9.7,0.83,0.54,0.29,1.8743,1.8459,29.5072,181.4882,-,5,1
23167118,0.322473,0.322473,476,45,1.9,1.0,8.0,1.5,0.34,0.28,0.06,3.1349,3.1781,29.5247,12.9828,-,5,0
23184808,0.338821,0.338888,540,253,1.0,5.7,1.9,40.8,0.42,0.48,0.06,2.9852,2.9782,29.5639,36.5297,-,8,1
23193507,0.473158,0.473174,559,208,3.4,4.6,54.2,42.8,0.78,1.13,0.35,2.1688,2.1687,18.0717,18.0783,-,16,1
23223856,0.586642,0.586647,266,452,3.4,3.7,22.7,28.8,0.64,0.68,0.04,1.7113,1.767,149.5886,16.0372,-,5,0
23230392,0.601905,0.601916,294,419,1.6,1.5,4.6,5.7,0.93,0.86,0.07,1.6953,1.6696,29.4898,121.2121,-,5,0
23248355,0.531882,0.531888,334,449,1.1,1.8,1.2,5.4,0.92,0.88,0.04,1.9415,1.9414,16.2999,16.3092,-,5,0
23252474,0.451658,0.451674,287,434,1.2,4.9,3.6,50.4,0.88,0.72,0.16,2.2506,2.2223,27.3486,120.4094,-,7,0
23270181,0.623522,0.623514,302,313,1.1,2.3,3.0,7.6,0.35,0.49,0.14,1.6403,1.6712,27.386,14.8368,-,5,0
23287933,0.277194,0.277193,302,616,1.2,1.9,2.4,3.9,0.44,0.59,0.15,3.6781,3.6124,14.1733,207.4689,-,8,0
23291585,0.626576,0.626579,278,455,1.3,1.4,3.5,2.4,0.46,0.44,0.02,1.6687,1.6094,13.7561,74.6547,-,5,0
23389610,0.525025,0.525022,263,735,1.0,1.7,1.3,5.7,0.82,0.8,0.02,1.9537,1.9537,20.3998,20.4019,-,5,1
23413190,0.579177,0.579178,561,398,1.2,1.4,2.0,3.0,0.84,0.78,0.06,1.7605,1.7321,29.4985,182.3154,-,9,1
23555046,0.514364,0.514357,303,444,2.1,4.5,9.8,46.4,0.91,0.84,0.07,1.9735,1.9735,34.0832,34.1472,-,6,0
23596342,0.602841,0.602846,286,287,1.2,2.9,1.8,15.6,0.41,0.63,0.22,1.6762,1.6719,57.5209,76.0456,L,0,2
23598918,0.514599,0.514604,315,149,1.1,2.3,1.6,9.0,1.09,1.07,0.02,2.0313,1.9481,11.3533,204.499,-,5,0
23603002,0.841299,0.84126,315,365,1.3,2.3,3.9,8.1,0.44,0.39,0.05,1.2069,1.1929,54.7196,237.2479,-,0,0
23604060,0.469075,0.469102,344,464,3.6,7.4,22.4,89.2,0.78,0.77,0.01,2.2313,2.1962,10.0528,15.5051,-,16,0
23624228,0.364453,0.364454,295,471,3.8,5.3,23.2,30.6,0.32,0.35,0.03,2.8143,2.7655,14.1854,46.1574,-,12,0
23653629,0.442052,0.442055,299,516,2.4,4.4,15.8,47.4,0.82,0.74,0.08,2.333,2.2839,14.1233,46.0405,-,6,1
23707868,0.62787,0.627877,319,652,1.0,1.9,1.7,8.5,0.86,0.84,0.02,1.6527,1.6062,16.675,73.9919,-,5,1
23753803,0.60101,0.601007,257,570,1.8,2.3,4.7,10.9,0.56,0.74,0.18,1.7316,1.6687,14.7656,206.3983,-,10,0
23846316,0.588263,0.58826,388,202,1.2,2.8,3.0,30.5,0.74,1.12,0.38,1.7339,1.7484,29.4204,20.6271,-,5,1
23867624,0.305277,0.305278,446,284,1.3,1.6,2.9,3.4,0.37,0.38,0.01,3.3096,3.3001,29.4811,40.95,-,8,0
23898397,0.563018,0.562989,323,439,1.6,3.5,7.0,38.5,0.69,0.6,0.09,1.7793,1.8094,318.4713,30.1477,L,0,2
23900947,0.727771,0.727767,296,244,3.0,1.0,15.6,1.5,0.65,0.95,0.3,1.4079,1.4236,29.5727,20.1816,-,5,0
23939214,0.501314,0.501313,325,284,1.1,4.0,1.7,36.2,0.98,1.23,0.25,2.0001,1.9988,186.2197,249.066,-,5,1
23976465,0.544094,0.544089,311,314,1.1,1.8,1.9,5.3,0.92,1.22,0.3,1.9204,1.9203,12.1308,12.1352,-,5,0
24019356,0.517473,0.51746,574,158,1.5,4.6,4.2,44.2,0.73,0.91,0.18,1.969,1.9677,27.3973,28.4576,-,7,1
24020106,0.542397,0.542396,584,209,2.9,4.5,16.0,54.3,0.52,0.95,0.43,1.8776,1.9232,29.4855,12.5778,-,7,1
24050838,0.350489,0.350489,252,463,2.6,8.4,12.7,73.1,0.49,0.47,0.02,2.9209,2.8579,14.7623,209.205,-,5,0
24061070,0.562641,0.562643,251,78,1.1,1.4,1.5,2.2,0.84,0.81,0.03,1.8451,1.7964,14.7504,52.4934,-,0,0
24062437,0.588734,0.588747,321,725,1.1,2.1,1.7,5.7,0.62,0.59,0.03,1.7662,1.7449,14.7863,21.5587,-,5,1
24111769,0.346903,0.346893,256,662,1.1,2.3,2.0,8.1,0.57,0.52,0.05,2.9841,2.8877,9.859,202.2245,-,5,1
24153038,0.616081,0.616081,611,362,1.4,1.5,3.9,3.7,0.84,0.85,0.01,1.657,1.6287,29.5552,181.3237,-,5,0
24170603,0.526913,0.526916,521,237,1.1,2.4,3.0,11.7,0.93,1.31,0.38,1.9344,1.9503,27.3486,19.0621,-,5,0
24185328,0.582147,0.582143,411,700,3.1,1.4,23.8,3.3,0.77,0.65,0.12,1.7517,1.7233,29.5029,182.1494,-,5,0
24216004,0.382077,0.381912,546,287,1.9,7.8,6.5,110.6,0.3,0.44,0.14,2.6511,2.6244,29.5596,167.2241,-,10,1
24231910,0.596312,0.596315,322,294,0.8,1.6,1.0,4.2,0.7,0.95,0.25,1.711,1.6811,29.4334,242.1308,-,5,0
24236445,0.625308,0.625307,375,243,0.9,1.4,0.9,22.9,0.47,0.74,0.27,1.6357,1.6215,27.386,44.8029,-,5,0
24237469,0.508632,0.50863,315,137,1.3,2.5,4.5,21.7,0.73,0.71,0.02,1.9999,1.9856,29.5465,51.1117,-,5,0
24257481,0.291239,0.291218,303,397,5.7,7.2,43.1,39.9,0.38,0.42,0.04,3.4701,3.4394,27.4048,180.6685,-,16,0
24262890,0.60046,0.600462,329,439,0.8,1.8,1.0,5.3,0.61,0.57,0.04,1.7019,1.6709,27.3898,181.4882,-,5,0
