index,Period,N
4898,0.5570232728489015,93
5523,0.6433117903487847,1535
5921,0.530769380343952,1541
6749,0.674729387150575,1560
6852,0.313881347754221,1632
124,0.5585177597048724,95
260,0.4738204225051577,92
1081,0.532920543140231,1645
1202,0.33567428955105433,1648
1254,0.47079658698676935,1659
1884,0.6091946888939831,1529
2011,0.512752907645681,2875
2075,0.3396335339718802,146
2352,0.4583044003004407,2870
2396,0.33404345017330217,1523
2783,0.6474464117442299,1397
3687,0.5721599934443383,1226
4771,0.8030073422364824,1025
4788,0.5582299315175333,1376
4912,0.492161909581361,1737
4928,0.5957960271199607,99
5086,0.521383035615104,322
5203,0.5300398916830626,1069
5280,0.7001111116258049,1234
5285,0.5352112256225724,2655
5338,0.6992157952006619,1139
5344,0.70924613128076,1237
5553,0.5577280314981871,1555
5557,0.2975739424486852,3132
5578,0.37238669426872223,99
5669,0.6005965333458566,130
5853,0.48562325908974446,206
6032,0.6030065561970891,1029
6056,0.6007625263083154,105
6184,0.42676035876012686,856
6223,0.2894840661942199,100
6230,1.0710625166618708,1570
6319,0.5409328031567017,1552
6393,0.6516228515212205,394
6415,0.5952744723013405,1519
6436,0.4652112506815393,1424
6447,0.5893894431382485,1517
6511,0.47339282334256644,1411
6527,0.3742086323361236,694
6568,1.2517624682121518,62
6619,0.17943546382357362,65
6621,0.5492485662455475,2506
6651,0.6282719187283297,65
6652,0.6001421137381232,881
6659,0.725473518423016,65
6690,0.6581444742308113,867
6700,0.589479686795176,51
6769,0.5074521386777817,570
6906,0.5172674118055364,1233
6911,0.6433378352498361,1397
6916,0.5793221297614977,1383
6917,0.6916807266010768,1293
6921,0.5922127331129408,1376
6937,0.6206623037278877,1296
6982,0.31621491936583024,179
6986,0.34727348761675203,267
6995,0.7946956820486614,1373
7009,0.6583875406608957,610
16,0.4584715739177526,572
17,0.6536288362864476,574
39,0.5045198158799781,1463
88,0.6202897622440486,1318
144,0.3020122569260945,1099
150,0.33048440566623577,613
154,0.6320958155227937,895
173,0.6328455842307316,559
178,0.4635136090915888,606
277,0.6495667955835744,657
314,0.6215533290784859,501
340,0.5239496287961801,892
346,0.49295554243649803,884
349,0.7725125510495745,48
390,0.6199119470167871,403
392,0.3133507801132445,395
400,0.4673524215010645,396
407,0.556601633270661,442
453,0.5369933566594217,48
471,0.4888482851301418,439
538,0.6895390674621081,62
583,0.3418785314297244,723
617,0.28446885940240646,1328
623,0.6308775100294279,1346
710,0.6325017982208958,538
712,0.4790514196809452,12
719,0.5369692866860762,570
729,0.5656397330684532,503
786,0.5830705365327506,1486
806,0.5652566032491749,1472
813,0.3823266387379821,1474
916,0.5274075435342033,1429
992,0.58072494351445,594
1033,0.6589468128956938,1446
1104,0.5891709156465617,961
1110,0.3131844438112529,1292
1144,0.5218855512809779,1021
1251,0.5567345570315544,431
1277,0.5119424953420002,549
1280,0.38186072487445005,567
1300,0.0,0
1326,0.6069485351319677,500
1359,0.5154350672138858,827
1370,0.39000320890328083,13
1388,0.32524697924696166,874
1425,0.7061446759683476,839
1447,0.2970736557925425,886
1477,0.5362614419621023,1005
1482,0.47946314018355113,847
1484,0.35665646816973506,1013
1486,0.6277350708491789,402
1510,0.6390925089949614,981
1563,0.47042271346494596,100
1606,0.40831560367362074,1262
1691,0.500271769239022,1305
1729,0.3381494303145676,1250
1740,0.2840010328607753,1313
1774,0.27265765743651266,1465
1875,0.6761795308001874,503
1877,0.8138646144010461,515
1903,0.5926311961295252,1479
1984,0.48818105651388505,720
2022,0.5849304953558732,533
2057,0.6005468009016246,1559
2059,0.4791137643794857,102
2069,0.6645754517335977,1625
2109,0.6109184575949164,1606
2122,0.5909035757738986,1630
2149,0.276522511676527,1541
2244,0.0,0
2261,0.5217723089555988,511
2262,0.052376227799229305,20
2273,0.7192372791182469,1453
2318,0.6009816459157739,3174
2345,0.2915564373897707,3132
2381,0.5558429199761314,578
2399,0.31919536331669485,455
2404,0.3101616131816589,512
2408,0.2895512682854876,509
2495,0.5864500606899146,396
2511,0.5908177813263151,314
2527,0.0,0
2531,0.534492432777091,586
2586,0.49981796261356554,501
2623,0.06935708127542492,14
2626,0.4949887106611111,1604
2653,0.5351656299176455,838
2694,0.3445717791490376,1244
2755,0.45499345441682215,899
2773,0.5663894041726125,794
2792,0.635607698258527,740
2823,0.600451907214834,833
2842,0.7601323216314507,1261
2860,0.31603382162828747,275
2861,0.6950114339109363,966
2872,0.667390243120671,77
2891,0.0,0
2969,0.0,0
2974,0.309759555955056,567
2983,0.1968879190701466,24
3003,0.2672145865487939,505
3014,0.5653996520539649,535
3028,0.6492500483550903,499
3070,0.5683338020980127,142
3332,0.6085726063958241,541
3386,0.6536256000769415,3336
3394,0.5349376530039782,3364
3404,0.6864689360146919,3358
3468,0.47765365698553025,858
3477,0.6174497187033922,573
3532,0.29378848847686756,875
3548,0.5915185079450673,874
3596,0.5912445760762504,585
3606,0.35941485663518513,586
3611,0.6063170949315658,527
3658,0.5647377933383799,742
3668,0.2722655964876425,882
3732,0.3158570812742389,985
3767,0.29257277503254986,1668
3773,0.6295923126624576,867
3792,0.49372949911316943,1303
3828,0.2874936082026716,1627
3829,0.6111955375716852,1292
3834,0.5977826534006692,74
3836,0.6426598611005816,2856
3844,0.5752220398307962,1652
3845,0.46587672331443203,1465
3847,0.45583978575448375,1370
3870,0.35702301150391297,13
3873,0.5798033331871559,512
3879,0.5635445723630413,561
3892,0.7035069247205902,403
3924,0.6554105613424717,545
3950,0.5862272634129456,845
3960,0.5623725723428019,2557
3969,0.5175352447148373,1863
3971,0.6260195639638427,1700
3977,0.8085836072837612,1591
3986,0.3090764306524577,1498
4013,0.5659808720148893,1117
4037,0.7535041372873803,1588
4063,0.5695723591301962,1345
4098,0.5514210248022042,583
4106,0.555337530931988,565
4130,0.6324691009253254,15
4200,0.5214467851530891,87
4315,0.5029052032036604,3418
4335,0.48884349499566515,241
4366,0.6879141306205112,1170
4371,0.0,0
4394,0.5595867150229529,886
4408,0.0,0
4457,0.6305050043273955,527
4506,0.5892908346235267,904
4517,0.594096315261364,923
4527,0.5352100790598903,945
4536,0.3650575321741435,18
4540,0.5922851035282161,929
4569,0.5537040369919539,1018
4620,0.5437596745677712,1039
4654,0.3300315527596394,1006
4672,0.6200064186031045,1052
4673,0.6406214776216805,2527
4676,0.5441404253245802,948
4728,0.35562453379320785,1595
4746,0.6324859380458775,1626
4747,0.3383702259578045,67
4758,0.6919287240007428,586
4759,0.2815727259687398,592
4762,0.5339331726473485,11
4764,0.0,0
4765,0.5382591245706707,503
4767,0.5465115757655687,522
4770,0.37972557029004705,1610
4772,0.6796438000802596,1359
4773,0.668852002721709,64
4774,0.6594823251796522,1406
4777,0.33516931802889366,1547
4780,0.571541813061198,3141
4782,0.5965216267744381,207
4784,0.5267478535517586,1544
4790,0.4728573744548565,37
4793,0.6071190278946849,563
4795,0.4698600006059838,581
4796,0.6143548589349964,586
4799,0.5598663361352115,521
4800,0.5911721407106866,522
4801,0.5565384230070572,2000
4803,0.33748879106849394,2048
4804,0.6062187155924613,2074
4805,0.44050054877790057,2073
4806,0.5944186502655764,2069
4807,0.5634174855144561,3840
4810,0.5175318603684721,1898
4814,0.6107856147306918,585
4818,0.4676060078977058,883
4819,0.6081210872542305,865
4820,0.5567801780756485,876
4821,0.6296718570888062,176
4822,0.6070203552859047,583
4825,0.0,0
4828,0.5705774658120965,894
4831,0.36557362473568417,22
4832,0.5828452646957717,898
4835,0.5392334005551218,908
4839,0.6079607874955173,1008
4840,0.6459813450203066,1004
4841,0.6437614537986257,901
4843,0.7384255088886243,981
4847,0.5910071641157266,1088
4849,0.611950424188732,1008
4852,0.6742834943299136,1563
4854,0.5270865424396031,1636
4855,0.6015352379520976,1524
4859,0.5218545474861886,1291
4861,0.5921192048296251,1514
4862,0.5086851793531536,76
4864,0.4447792636044248,1371
4865,0.626862148928295,1678
4866,0.3319444114534148,1752
4869,0.6188494906055662,553
4871,0.33060440513038747,503
4873,0.3079001730040228,547
4874,0.570903588422568,542
4875,0.5398983158092822,539
4876,0.699278708950468,588
4877,0.3750622335769362,1552
4878,0.6284269254174396,1713
4879,0.37912961626491437,86
4880,0.2892498673125592,1691
4881,0.46039086133695784,1571
4886,0.3287267301360435,1608
4887,0.1977410678903292,27
4888,0.5346159942931579,62
4892,1.1921433971552013,32
4896,0.48626017107712405,116
4897,0.6494309128042635,533
4900,0.5987606696889113,2125
4901,0.5501167628116442,1888
4902,0.6242398471224819,2311
4905,0.5962626480257908,1914
4910,0.39811390723851453,806
4911,0.6297243912544324,1513
4913,0.5580129140113095,875
4914,0.5829181317393342,920
4916,0.6563136722736389,912
4920,0.6354462594636959,1523
4922,0.6233851108020246,545
4923,0.0,0
4924,0.3374977945567398,905
4925,0.577896868125058,909
4927,0.6057902889206482,906
4929,0.6174869446527516,1110
4930,0.5521321014239603,1807
4931,0.3404481657649936,44
4932,0.37529872731663055,1722
4936,0.5513798178270507,2033
4937,0.6891480278609166,869
4941,0.6717725871843818,1183
4943,0.36662171134831206,1033
4945,0.3045810768376526,918
4946,0.4623190569891669,1035
4947,0.5467200942099217,1561
4950,0.5872613274115662,1490
4952,0.5938195567148447,1578
4953,0.6526704796422916,1600
4954,0.5706938985924979,1555
4957,0.5271665830904596,3039
4959,0.30242554835148777,1587
4960,0.5896039561983731,1592
4962,0.6506851766163083,876
4963,0.3496711778194434,1537
4965,0.6887658259408358,954
4967,0.2680145470539923,548
4968,0.5041864289664149,549
4970,0.5072409873335405,1358
4971,0.4683365847978354,85
4972,0.6939217120721122,1626
4973,0.6530097866732095,1541
4974,0.66717422709188,138
4975,0.6237976294659299,1633
4977,0.629028260019583,1545
4978,0.5596422234672112,1630
4979,0.5580998165723013,1010
4980,0.30290039291224796,1544
4982,0.3457171613495229,920
4984,0.0,0
4985,0.5554708541436467,543
4987,0.5574680621327364,2079
4990,0.6905910733755242,227
4991,0.5773056801346798,2236
4994,0.6347188087051071,964
4998,0.5622633262685041,937
5001,0.3146742648185332,124
5002,0.0,0
5003,0.33766888680680024,899
5008,0.0,0
5011,0.5842240647988193,541
5013,0.7255735365149937,1074
5014,0.6527336802764054,1140
5017,0.717184433306357,1048
5018,0.5792027156463001,1150
5022,0.5544231934461546,44
5026,0.5424666841568861,898
5028,0.4969174824357831,1365
5029,0.48315395456313553,1287
5030,0.5908824680135729,1372
5034,0.5515399076089617,414
5036,0.3347116990254666,1573
5038,0.4878220420696691,1522
5040,0.5344854600636224,3038
5042,0.5562982606711407,3065
5049,0.4910015604086042,905
5052,0.3167464167020502,917
5054,0.0,0
5055,0.36682657629425125,542
5058,0.8011345803075337,535
5060,0.5476208317679968,517
5061,0.5198288371101261,1484
5064,0.3585071257569057,2911
5067,0.6732572538536511,1553
5069,0.0,0
5073,0.5874169943875135,1682
5074,0.5275060162811108,1577
5076,0.6549145570332178,113
5079,0.1222154399113601,45
5083,0.6119208401051073,1574
5087,0.5225053983172063,1482
5088,0.6134627180684853,1526
5092,0.6639094404613585,1521
5096,0.43704838987887124,13
5099,0.6129329959904036,971
5100,0.5586254985472522,982
5101,0.5737364920555325,29
5105,0.5795975079547206,3709
5106,0.6311120671326771,3252
5107,0.3655429965184734,2009
5113,0.6324805315727103,2045
5114,0.5334031723822849,2040
5117,0.6231964136780651,611
5118,0.7101003420722687,3624
5119,0.9971572221466685,42
5122,0.5936184953687498,933
5123,0.0,0
5124,0.6268178761469436,937
5127,0.6041360922962041,1125
5130,0.5714985526614167,1495
5132,0.0,0
5133,0.3411262327193578,942
5134,0.528694890687456,936
5135,0.5960850279349255,941
5136,0.6130135840975582,939
5145,0.9973286633188256,36
5147,0.6782368513685914,1129
5148,0.5121730793218299,1087
5155,0.6886457447972477,1312
5156,3.649200969128069,44
5162,0.6137756839192153,1352
5163,0.5707317427548421,1282
5165,0.7579063338887297,1475
5169,0.6958102137074198,1479
5171,0.5294407800068015,74
5177,0.613215147108145,938
5180,0.650734406850226,534
5181,0.5876760418780523,1508
5182,0.5434278151752671,1563
5185,0.6172734494218214,1596
5187,0.3808477620663571,1549
5195,0.619069135281063,1851
5197,0.5889477239781934,1768
5204,0.7148080421845704,3487
5205,0.5321950822988902,956
5209,0.5303487066401255,943
5214,0.6458613837850962,1136
5218,0.5318878517586946,79
5220,0.5200423061372867,525
5223,0.5834684699652178,1062
5225,0.1591839080918369,37
5226,0.13727573463588466,38
5229,0.5715506046556253,51
5230,0.3870386233855364,1094
5231,0.4649800004997134,453
5233,0.492755436227395,452
5234,0.3400057185041874,1369
5236,0.5729626721531211,199
5239,0.6565141212729245,357
5240,0.6479751429167661,1176
5242,0.35233916470921883,1362
5244,0.7226226032349382,755
5246,0.0,0
5250,0.5232388171029367,2714
5252,0.6003446198264474,245
5254,0.6113007439148249,606
5255,0.7025201023844493,1570
5256,0.37925370936451397,1464
5260,0.4797252833412657,149
5263,0.39900513872189275,1583
5264,0.6266944842904659,1481
5265,0.5913222444909481,1447
5266,0.517311682686692,485
5268,0.5842007116368085,154
5272,0.6018620450188785,1599
5275,0.29547520695324947,1881
5277,0.6814622539653594,3440
5279,0.7364583014146662,1930
5289,0.4995842222594889,36
5290,0.34439162142606006,683
5293,0.5960458720963964,306
5294,0.5663603516744228,528
5295,0.4763611787270924,1949
5296,0.48228634422337524,2001
5299,0.1591839080918369,36
5300,0.26776712183950974,980
5301,0.39223741285464936,2088
5302,0.33298789641938964,23
5303,0.2962725725841206,23
5306,0.506625923474805,658
5308,0.0,0
5310,0.49659479778519033,646
5311,0.5159810920509055,647
5312,0.03827543364283119,24
5313,0.6525400133870685,525
5314,0.3609480931630062,531
5316,0.5820822558379443,531
5317,0.3309380482004799,525
5318,0.5858549942422049,529
5322,0.5728060131121311,447
5325,0.3296996113030388,446
5327,0.29799193863989415,447
5329,0.630523278333052,445
5331,0.6452135547619883,451
5333,0.5143162405325535,1869
5334,0.5565882301736773,806
5335,0.4798296831851574,1858
5337,0.5857378452991728,194
5340,0.5362000306407495,806
5341,0.5484072505372234,1230
5342,0.5678648674977905,1149
5343,0.5888393087959881,289
5345,0.6002639733818281,808
5346,0.0,0
5347,0.5654648628907543,354
5348,0.34446947669323114,1193
5355,0.5266016276436528,347
5359,0.6477128692043194,354
5360,0.3643998573691935,1250
5364,0.41073883147230406,354
5367,0.5484046414855756,353
5373,0.0,0
5374,0.5399373120891982,130
5375,0.6223861557817445,1514
5376,0.6040096536690905,58
5379,0.5330543308943315,2916
5382,0.5421040533368292,643
5385,0.49085775451692054,645
5387,0.7379901423645514,525
5389,0.0,0
5391,0.581319012269364,528
5392,0.5213267990592715,527
5393,0.5363123731098246,530
5394,0.612326261369989,531
5395,0.5323523303456738,1538
5402,0.3391101688221664,1147
5403,0.6214393636971415,1236
5405,0.298156542236692,1236
5408,0.29770719713788846,226
5410,0.5890667817421333,1234
5411,0.5349225467987436,91
5414,0.5134181713109996,1236
5417,0.8039073974054048,1278
5419,0.7299210241862651,2092
5429,0.35770120107367676,1095
5430,0.5501895083790579,136
5450,0.5789303388085227,1530
5458,0.5562172471859772,1557
5459,0.2705596435988662,1568
5463,0.6629910053738542,1541
5466,0.5112145509413216,1605
5468,0.5237966105150512,1505
5485,0.5714308107152734,1185
5501,0.6128668157122625,1035
5505,0.29006676841579765,1034
5510,1.105133310495483,89
5520,0.623001098618867,1336
5521,0.6494092045874431,1335
5532,0.7217628283569893,387
5534,0.46924319173453594,1534
5535,0.5613621230430443,1435
5540,0.45744344407611875,1548
5541,0.553150974560285,95
5552,0.5702181442257657,3075
5556,0.5974608824925443,1408
5561,0.5643116098108861,1060
5571,0.6504362115391351,989
5581,0.5306224793777647,1240
5582,0.6227717183678935,1216
5585,0.5547983569493636,223
5586,0.48583192382072354,1216
5591,0.5751482036059414,1009
5596,0.6091721688957213,441
5597,0.46267541197069534,1018
5607,0.6159971514730674,1339
5612,0.3618592904842371,1351
5614,0.5089488784630101,1414
5617,0.5542069668840633,1524
5620,0.32984837981885473,1529
5621,0.3450780793450641,1526
5624,0.7922061956068266,1528
5626,0.5345200669669736,4489
5627,0.4972535936138935,1529
5628,0.5172674965708722,2891
5629,1.1852737626112735,97
5631,0.3211617200337879,3144
5632,0.5070528263792475,3141
5649,0.4003569185923804,741
5653,0.490336226676866,950
5661,0.37491413455682204,1057
5664,0.5602708528771703,70
5667,0.3195990400398855,1044
5672,0.3469657249734612,1135
5685,0.6368015953170415,1063
5686,0.6191508747715128,1120
5691,0.29805970054237474,1014
5692,0.5722508205498403,959
5694,0.36247980708057015,84
5699,0.2931748694781764,82
5704,0.5831408849657238,1419
5708,0.5409914303376837,100
5723,0.6062784082423835,1520
5733,0.6018471505125954,1522
5738,0.47322943450097676,1706
5740,0.27116960667239126,1708
5741,0.5472702885931651,3072
5742,0.5830685470877267,1702
5746,0.5490641347097814,96
5764,0.6914447904836132,1659
5769,0.6128761716616768,1658
5773,0.5304101867722003,2851
5775,0.572983239042845,1460
5777,0.6120643969839347,1533
5780,0.7069316613014236,528
5785,0.5391721732648865,1055
5786,0.6471755391470851,1053
5790,0.6049011548979718,53
5791,0.5986195831110821,1028
5800,0.604014928120365,79
5807,0.6647161784245725,967
5811,0.5352292448679936,997
5817,0.4319113131708912,1132
5820,0.36605527935414045,961
5821,0.555959016115075,1138
5822,0.4767415787035866,935
5836,0.49571925874777273,1022
5838,0.647874298834987,1023
5844,0.3147364201174994,179
5850,0.09370005289740917,54
5858,0.4932049816196922,691
5861,0.5872955408719769,1228
5868,0.5206267608640986,2731
5871,0.27804939305383564,1297
5873,0.340558788073781,1296
5895,0.5978881539844023,1649
5897,0.6019388041939971,1556
5903,0.5189678920582741,2677
5905,0.4860201937335313,958
5906,0.370687467337883,1109
5908,0.5914956683954317,1034
5909,0.4723218923753149,1044
5913,0.5227964049045255,1032
5914,0.653546048936545,979
5919,0.6586868453134386,1096
5922,0.29379192957057904,1092
5923,0.5575392165847216,87
5925,0.6134426568540283,970
5927,0.6370951098840472,33
5928,0.6116778888742803,645
5929,0.6124575509297343,937
5941,0.300802975328178,1132
5950,0.684075374281654,69
5958,0.5326859423841263,2081
5961,0.5465569564083662,87
5963,0.5023229850621513,1154
5967,0.9973980078621776,42
5996,0.5919715055463229,98
6001,0.5596330063384288,1687
6004,0.6936045749536528,95
6007,0.6917544853885851,981
6011,1.3265749316542352,82
6013,0.3436370794827807,1557
6016,0.2853317760487662,3013
6017,0.5540013694650138,1451
6019,0.4875148261324685,1456
6020,0.5574259967860616,95
6021,0.6378840626947447,1439
6023,0.52275455428347,1458
6027,0.5942204092692425,1517
6034,0.6031547267782558,960
6035,0.30849393177565426,1994
6037,0.6065489041078019,1032
6038,0.6433289559983726,50
6047,0.575880093325913,1670
6052,0.5835718487566238,817
6053,0.5759857217803082,891
6054,0.5589308508595595,911
6055,0.6504110669273462,909
6058,0.41637181659700917,897
6064,0.5086058639329487,904
6065,0.2799651982928329,910
6069,0.45501381606135477,1132
6070,0.3209072859456023,1113
6073,0.5148804970654502,372
6076,0.10707880380266308,71
6081,0.5194571406463481,1142
6085,0.4362603438400124,2085
6087,0.5549990331873569,1198
6088,0.384751676717817,1168
6089,0.5532101574800573,704
6090,0.6708311744985779,1190
6092,0.7656750666228263,1014
6095,0.5910074280321042,926
6104,0.5636979196647404,1241
6111,0.29065486485591224,83
6112,0.581307915499111,1289
6114,0.34406847140086877,1274
6115,0.615670953567535,1283
6118,0.2799926416857116,95
6119,0.483045690564471,1555
6125,0.6297672539467887,853
6127,0.5296734565124664,884
6135,0.5483002322159105,1637
6136,0.49584685122165356,3200
6140,0.5114442457610677,98
6149,0.6230888551456568,1865
6154,0.3177886527472149,892
6159,0.6743581950769215,923
6160,0.6415657657127098,914
6164,0.5736635624326397,907
6170,0.28029424132080794,69
6172,0.2988701760716285,331
6173,0.5767832903805061,1034
6175,0.5709848743678538,1036
6176,0.613687920084329,829
6177,0.6161983096616269,1019
6178,0.6625243961734046,1035
6180,0.3798919940455549,1022
6181,0.6472405064100326,1032
6186,0.5909766925469511,616
6187,0.6362775273376864,655
6188,0.6563538538914131,1144
6190,0.5845583932661828,1142
6191,0.524927305334046,879
6201,0.5610834125530828,1164
6202,0.34623733112046207,77
6207,0.4154587851296813,1273
6208,0.5433425900195421,1266
6210,0.29301427457024654,4259
6213,0.5350735696028026,3141
6214,0.30199093284489303,3053
6219,0.2648856821368135,973
6220,0.40411169741209046,912
6222,0.3302280152097324,3132
6228,0.6298611776380302,1535
6232,0.4853808929157661,1508
6244,0.46703913835894556,904
6250,0.5513053550138749,62
6255,0.5107252293225862,890
6259,0.5710725833978242,69
6260,0.6350681503323666,755
6261,0.587126711080466,69
6264,0.6470606611788394,959
6269,0.5947982519215433,1435
6271,0.5559750800237984,2085
6272,0.6554589946690976,1991
6273,0.6227832421940079,1932
6274,0.39301626217063024,1946
6275,0.5650863941886125,2015
6276,0.5928332562093569,1932
6279,0.6364836155025023,1873
6281,0.31495743644118007,679
6283,0.6303949746621053,682
6284,0.7459131227015983,528
6286,0.5222919211803315,528
6290,0.6185773676894056,2001
6293,0.6429426484685242,754
6294,0.6217514329315131,1380
6296,0.49549584983634476,973
6297,0.5045451440455223,951
6298,0.6303097226079604,445
6299,0.549369581107012,447
6304,0.6210116017743399,1693
6305,0.7765586213454571,763
6310,0.5139293187153082,445
6311,0.5825603395523559,641
6314,0.6581281623581006,638
6316,0.45524328009491444,644
6320,0.562459727594019,522
6322,0.5633446066015187,518
6323,0.40008241130890815,154
6324,0.5609009634003073,1177
6325,0.5651864597442837,446
6326,0.2869742698539706,554
6330,0.7145479585907816,792
6333,0.6243487619558302,1214
6337,0.4923216275468412,1236
6340,0.3504042490266522,1247
6341,0.46596990340411737,1245
6346,0.5231803667349281,1600
6348,0.4774045957506714,3032
6349,0.4895091874589879,3050
6350,0.5424432853320139,1651
6351,0.6038055684592214,1539
6355,0.3908244964403471,641
6357,0.5473336092173762,618
6360,0.5582440198470994,517
6361,0.5514980683588544,532
6362,0.6438307555755333,533
6363,0.5413725389125946,888
6364,0.4248523268788294,1546
6365,0.2953104776178483,1628
6366,0.6664250110773616,3112
6368,0.5262788213731403,1646
6370,0.3568325024343672,2006
6371,0.6928818564861151,2009
6372,0.3584973442260212,70
6374,0.5490164331835132,1776
6379,0.47661086687155885,626
6385,0.362100209733982,1724
6386,0.5275377007649537,1849
6389,0.5532204889327579,458
6390,0.6598225166731493,1662
6392,0.358095642691548,1891
6400,0.4866888648945346,523
6401,0.6408820453653676,762
6403,0.7325626967777481,769
6405,0.3655291675388561,880
6410,0.4804908225194291,652
6413,0.36389668123277763,520
6414,0.0,0
6417,0.5622180800495212,780
6419,0.639629535779312,739
6423,0.6422567900162036,1206
6426,0.2926444903813176,65
6430,0.46388144488434097,1198
6432,0.35881718586526085,698
6433,0.6855287826870053,1594
6435,0.541719143203077,190
6437,0.5690254929977111,1567
6441,0.25814673033427893,1536
6442,0.5323174709005273,1525
6443,0.6405401226696281,645
6444,0.6155233701772327,1525
6445,0.2929918547908187,1373
6449,0.6204333890864372,1305
6451,0.5886336768155066,132
6453,0.6803898593926991,519
6455,0.595781317860907,1159
6459,0.5707406676577865,1499
6460,0.6478079333425951,1644
6463,0.5379861917441487,1903
6464,0.517230850330722,1911
6466,0.48729179764294794,2029
6468,0.3509091121125063,1764
6471,0.6405411249271677,1642
6472,0.4071248971136036,1870
6478,0.5269329394685457,524
6479,0.5310083453489376,1340
6481,0.0,0
6491,0.7831984249779159,729
6492,0.5233590821036069,768
6493,0.6125670721171244,727
6495,0.5069228355643646,641
6496,0.560425693002731,642
6498,0.5951676717459966,90
6499,0.26755128492813,628
6500,0.5369573577324624,560
6501,0.0,0
6503,0.46958951558216133,560
6505,0.5697991872730044,569
6507,0.27415116184937044,740
6509,0.6391665180735294,859
6510,0.5106472249540887,1088
6512,0.6500102127629886,1227
6516,0.6519208702103095,1191
6517,0.6075707761145359,1230
6520,0.5065650463061157,1217
6522,0.6667552298094448,1487
6525,0.6380147970647594,1456
6526,0.4682705333818762,1484
6539,0.5898164821975794,636
6544,0.6318305584239581,1646
6547,0.5007045558836946,1638
6550,0.47961591908538087,3819
6553,0.3171993482917221,1988
6554,0.49619191296959975,1546
6557,0.652437367847791,1873
6558,0.5265794732238884,174
6561,0.6412486324707009,695
6565,0.5769229145100964,1952
6567,0.5936686327595527,1866
6570,0.5760588763369605,3692
6571,0.5132529044571997,1778
6572,0.5527514125580436,1791
6574,0.3319428393044465,666
6578,0.5140255104215561,766
6581,0.5924324616755221,1561
6582,0.5838682980651634,740
6584,0.6015629917288616,710
6585,0.702629388165591,746
6586,0.6657440755625283,648
6590,0.6232086360783784,639
6593,0.5764492268811554,649
6594,0.6488083791833181,654
6596,1.3653268589144845,7
6597,0.3441948041334044,550
6599,0.5996296891279906,558
6600,1.5060071890211466,7
6601,0.4938744287419429,851
6603,0.5542001840361355,1255
6607,0.632769846775014,2508
6611,0.669612954400201,1239
6612,0.6471559061083221,1310
6615,0.6274476228509904,2506
6617,0.7401959350433428,1311
6618,0.639452278210183,2502
6622,0.5683235652062505,52
6623,0.6943081245299869,2808
6626,0.40333302848121705,5690
6627,0.6312317682518184,1649
6628,0.6112116913079058,651
6630,0.5221204550437671,651
6631,1.8377009466724548,8
6634,0.5613018583626463,625
6637,0.9986234499941139,8
6644,0.593241804020739,1366
6646,0.2858066693178854,1610
6647,0.677408833424139,1421
6648,0.5393837524603883,1946
6649,0.327540048703973,1821
6650,0.5566707663598723,1767
6653,0.5211250491871844,1958
6655,0.5043885148031196,1971
6656,0.6488175278250303,3743
6657,0.6651624159874711,1952
6658,0.5334703965404041,1892
6661,0.34747474121982524,559
6665,0.6164198176021666,1903
6667,0.5053604035372818,1953
6668,0.4503733393835545,1936
6670,0.3620611574720472,806
6672,0.4622641223908679,1420
6673,0.7123845198229473,643
6674,0.5131602960890783,819
6675,0.3595164035412931,827
6677,0.4904143028946186,820
6678,0.5168875414878591,647
6680,0.5585812497681232,639
6681,0.0,0
6682,0.4838779024699993,635
6683,0.5057969269594427,545
6687,0.6687136811047669,772
6688,0.5212922424335757,476
6689,0.5475047791043028,789
6693,0.3534689886584876,1294
6701,0.6775788238200781,1319
6702,0.3098264377930581,2572
6706,0.7232840834981561,1375
6708,0.5549733698259175,1305
6710,0.27120392183750863,1361
6711,0.6567090423254325,1341
6712,0.5664352344115401,1359
6714,0.5177502038533066,1383
6715,0.3928894209146614,119
6717,0.3378422855484829,1359
6718,0.5870927740594997,1135
6721,0.47914488878975775,115
6724,0.5757739513030066,558
6727,0.6164871258090345,8
6729,0.6139051780934527,550
6730,0.5711938311457851,546
6732,0.703828522120216,1358
6733,1.0023347830998623,69
6734,0.7521352154709514,1386
6735,0.33321356404156743,1396
6736,0.5988371187477969,1967
6737,0.6297505690939109,1654
6739,0.60799335173558,1899
6742,0.4830849546100756,1857
6744,0.508256966033015,1903
6747,0.5620298601213198,1231
6748,0.35569686038447584,654
6750,0.5224418948090103,637
6751,0.524598966991874,1892
6755,0.5377972332172771,3775
6757,0.29224729055712856,3645
6759,0.25082814339945714,24
6760,0.6105285875247175,287
6763,0.5077555424950381,651
6766,0.7057141625779629,1292
6767,0.3525707239627598,1104
6772,0.5481454237348437,313
6774,0.5942414426349908,555
6775,0.5092738119307455,828
6777,0.5980650704397259,820
6779,0.6755674690567672,82
6780,0.6253420600503774,856
6782,0.5637664658868211,1363
6784,0.5902828342750709,1267
6786,0.5341360766374352,1201
6788,0.3570869040999096,1308
6789,0.7205220144344268,1014
6790,0.36376040135877374,463
6794,0.4836963480820593,1373
6795,0.672042045175201,1322
6798,0.5864557747555095,1382
6800,0.5735507294479474,1289
6803,0.3216842662618807,1236
6806,0.48207108686764116,1320
6810,0.6274885951332643,1320
6811,0.3082481143527012,650
6813,0.5398508961628562,659
6814,0.0,0
6815,0.5838091405873365,49
6816,0.290038222917864,553
6819,0.7292299351000117,1382
6820,0.35250689988457673,1248
6821,0.5861878843334066,1402
6822,0.5276172407035032,1260
6823,0.4712216330965871,56
6824,0.5020087109329008,56
6827,0.537676792744325,1852
6831,0.2722298918281423,63
6833,0.48900067762107835,2012
6835,0.49928863531156087,36
6836,0.47569669454990215,1314
6837,0.8634728257697669,12
6840,0.27551070476795153,1958
6841,0.6300770905168064,1912
6845,0.611160184572461,807
6847,0.50203435863076,99
6850,0.4937546745604505,791
6855,0.5910552930636038,655
6858,0.663618701957708,558
6860,0.6170991563816032,544
6863,0.5217926301446518,1946
6866,0.3297031219348338,1147
6869,0.2963628336331083,829
6870,0.7232498617801048,1084
6873,0.5324933766267042,1313
6874,0.5884624069924779,1300
6876,0.3307141451108001,1291
6878,0.6407692803001737,1284
6883,0.5293879315743275,1171
6884,0.6745715662820544,1330
6886,0.7308461797233221,1264
6889,0.1945954358757798,55
6890,0.4643778813525549,1375
6891,0.11812909311615474,56
6893,0.523681804200712,1344
6894,0.6369277037327945,1371
6895,0.0,0
6897,0.5221569586751394,1271
6900,0.5148060864272492,1329
6903,0.5597006805467927,1349
6907,0.5265141019769327,668
6909,0.5398700141858376,561
6910,0.8529980867672001,401
6913,0.6312064328256963,555
6922,0.6106676222506309,1388
6924,0.5862887397810334,3943
6929,0.548346145983986,922
6933,0.5680367402561857,663
6934,0.6006776983366061,692
6943,0.5716558262308156,1977
6949,0.5127197303710228,698
6950,0.6396500664037044,1106
6951,0.6260575950504697,652
6953,0.5543743071532516,688
6954,0.4253499940128564,17
6956,0.5892444527789188,1098
6958,0.5888351389599319,1105
6959,0.6236455108784392,328
6960,0.7028075253815717,1098
6964,0.0,0
6965,0.5893387904289925,659
6966,0.0,0
6968,0.0,0
6969,0.651354844387666,542
6970,0.5234399139031869,552
6971,0.6687218103057962,260
6972,0.5275052937724993,526
6974,0.6261097217306464,562
6975,0.6193005574336665,1149
6977,0.6314630307114076,1147
6979,0.6512515172329522,1074
6980,0.5151476313841409,1087
6984,0.6489780870638258,484
6985,0.5270563713155306,1101
6987,0.5552710780659198,1025
6990,0.47964122364529604,1102
6992,0.6311514505736238,2359
6993,0.4924893370302897,2406
6998,0.5909056351321429,659
7000,0.30221058876280904,658
7001,0.0,0
7002,0.5986014308523979,281
7003,0.3387367673055572,557
7004,0.3123350495778998,546
7005,0.0,0
7006,0.44805246801492726,553
7007,0.3487408739950903,549
7008,0.554541531601061,547
3,0.5769402946629982,1995
4,0.6159656631860674,1533
7,0.5450705379404969,2052
8,0.3584098561116542,2065
9,0.4966668704940263,2146
10,0.6105638550217469,2084
12,0.5695991252323913,1681
14,0.6260381502026595,1960
15,0.9802422321716259,38
18,0.6282908814403518,653
19,0.6649924681032967,657
21,0.0,0
22,0.3374958607751039,553
23,0.6712302708385935,549
24,0.2993958798039185,3769
27,0.6161348432784064,1878
30,0.3929024519329822,1920
31,0.5507905795538274,1915
32,0.512433217338854,1946
33,0.6271318152870525,3161
40,0.6886164388159114,553
52,0.543718408291787,1085
53,0.5529069253757894,1132
54,0.4892544321466998,1911
56,0.5871379220464554,478
58,0.31035234321167493,56
61,0.4727501082991054,686
62,0.5412568731752635,2018
63,0.38063734675592487,2135
65,0.5797170962668254,1176
70,0.45598099283636173,2796
72,0.6405786084062466,1376
78,0.5698582006614203,549
80,0.6144466920165974,509
81,0.5952297859907246,547
82,0.6102574715487069,1441
85,0.30834221026700886,1451
86,0.5592146517736684,2768
90,0.5553146945285083,59
92,0.6192541949065322,1611
97,0.5218016176917992,1659
101,0.3420083718650953,1963
102,0.6884181199527991,2078
104,0.6389209442325752,64
106,0.3643173726193492,2015
107,0.4974346410263234,1993
108,0.5714410898890154,4184
109,0.5518385714116985,1997
110,0.2952629644603381,751
113,0.6050381936675651,663
114,0.5094180889519511,1012
116,0.4873859900741169,553
120,0.36933924258485057,60
121,0.6445917628008145,4522
122,0.5196457045119267,2612
123,0.25381798685768614,28
125,0.47913027655588336,4517
127,0.2816834220433758,1935
129,0.595013744739105,1946
131,0.4003936831551667,1890
134,0.5282910622403127,3376
136,0.4713985411390007,1086
137,0.328117835199323,550
139,0.484770618119774,536
141,0.561027984052335,553
142,0.5759952338388363,1096
143,0.5238335351815961,1087
146,0.5735858790637592,1093
148,0.6375507738538855,1066
153,0.5280753475708324,496
157,0.7417795577865415,498
158,0.7518436777710469,497
163,0.6075912072221675,724
165,0.0,0
167,0.594927138769261,2040
168,0.4865593547532164,270
171,0.6138334052022543,495
172,0.3360236898810701,497
175,0.4363912722358729,2042
177,0.2751054015159347,492
184,0.3440113939276566,1051
186,0.3249053099946002,1051
188,0.2662123105277425,398
189,0.6847765632091077,1020
195,0.5137957084332981,54
198,0.44516262272347656,2154
204,0.5774196942320208,1227
206,0.7253525653512023,1073
207,0.63158517741881,1123
208,0.5762455815841034,658
211,0.5196536405115122,590
212,0.5015963171922017,909
214,0.5409426198335133,1186
217,0.6220118525617516,718
218,0.321902695757931,727
223,0.49275742701446595,50
224,0.0,0
228,0.520067044265352,51
231,0.46643875065583895,1947
233,0.0,0
237,0.5385918989989315,1850
239,0.6150273374372519,1115
242,0.0,0
249,0.6385508508396891,2628
252,0.612691123560106,2563
253,0.3331961097606681,2612
255,0.25381798685768614,28
256,0.6038916780203781,2626
259,0.3722583850060754,1908
261,0.577493502802465,1085
264,0.7647106116373479,1079
267,0.6414513618355316,494
268,0.30436303522680797,496
272,0.3444979888304253,723
273,0.5190404861130407,596
279,0.7812431370046433,602
280,0.5726272810784271,582
282,0.5770521202052347,597
283,0.5380606694986289,982
285,0.6685429416538025,966
286,0.7193971078128926,56
287,0.7908086416648992,725
289,0.5943945308858732,492
290,0.5400217140868347,498
295,0.5702512924017725,656
298,0.4887159586750884,1056
301,0.2789717075948036,444
302,0.551970234521675,71
303,0.0,0
307,0.4619440843633114,1105
309,0.579987049147226,398
313,0.12650043103619027,41
315,0.5071835647258586,54
318,0.29059456392277805,1113
320,0.6158593441204627,2142
323,0.511947874105357,396
324,0.6299750788144525,53
325,0.6312858783468178,1164
326,0.621193042134365,1157
327,0.6238120909590541,107
334,0.3269679434544146,723
335,0.3514007940528424,717
336,0.15806369855071997,4
337,0.5504833337758499,718
341,0.0,0
342,0.609229955500199,181
345,0.6087373975349688,599
350,0.5718972589671847,71
352,0.30002861260275787,1520
355,0.6659077583461289,1408
359,0.5691726001159714,1540
365,0.6886813709790349,2282
366,0.4839117553530287,2297
367,0.6129316146984563,2334
369,0.38230555055864673,15
371,0.5832536863069748,594
372,0.5469274130657671,592
374,0.5804953585398461,2858
381,0.6497170111238575,4335
384,0.5913399957217553,1662
386,0.6210877436872494,949
388,0.5774411371685548,608
391,0.6240504854352692,712
394,0.4818026172893694,715
395,0.33043037249207535,725
396,0.5685813079031509,1302
397,0.6184571916719105,589
398,0.3543583039764631,590
399,0.28202739164916774,594
401,0.45927800172664834,938
403,0.5127834472378542,619
404,0.6438531577163821,981
405,0.5934152235076665,975
406,0.579309588002864,929
409,0.5527747863896373,1088
410,0.5560047854395842,1090
411,0.23357959536508166,45
414,0.6516983671937745,396
415,0.31858164749748397,392
418,0.2668134387817818,388
420,0.45462468659044863,1121
421,0.292857882291977,1076
426,0.6425470013767013,396
427,0.5690268866774378,393
431,0.623909508172511,222
432,0.5970896832123344,390
433,0.6633693325160805,396
435,0.0,0
437,0.5400594844803145,617
439,0.3572881345236501,2345
440,0.31150066392744424,1220
441,0.5493881257253966,1177
443,0.5065089179041433,224
444,0.5943087629399906,181
445,0.5557198229051438,222
447,0.31049061809557155,224
448,0.5332429877513544,224
449,0.4869007516173804,221
450,0.48310464918526896,219
451,0.5917467821810455,2295
452,0.3547954423118999,90
454,0.40276598000216046,1160
455,0.7112108963123979,2285
459,0.44692794579309386,1260
460,0.2916090415135644,1239
462,0.2975606940789996,721
464,0.5978192921218719,722
467,0.36364534455206254,723
472,0.6640550382305908,2198
473,0.7471687267337058,1451
474,0.7018808903800626,2013
475,0.34444670353288526,2060
477,0.5990616278406368,2312
482,0.6474802583365136,739
483,0.6293121164547566,854
484,0.46331721665218906,589
485,0.533547690691891,590
487,0.5825603403126655,2820
493,0.3867605531437598,1284
494,0.6339301364022418,734
496,0.5301211274468021,851
498,0.6424757416238243,947
500,0.5073343825836745,710
501,0.33014239847379456,706
502,0.5800829113256147,708
506,0.6251360109709999,1521
507,0.521388757645152,1250
511,0.08673089773515506,57
513,0.6226246269185772,965
514,0.26933777130375736,965
515,0.5866470105548395,1004
516,0.7138044649415393,965
517,0.45779396936596317,442
518,0.5069468731957915,1111
524,0.6445715824294389,111
525,0.31896195011943207,53
526,0.13120323891155822,51
529,0.3691359628288109,1266
530,0.4004652792080903,1110
533,0.5411559135884866,1256
534,0.34912402422359107,1188
537,0.5767905859939795,222
539,0.5784751539167213,108
546,0.5995757323719059,52
548,0.5503597230942037,843
550,0.5531988842977655,1962
552,0.6365093589210915,1932
560,0.5183866941999624,2116
562,0.6006788920777769,2207
564,0.5610459498394029,2437
566,0.4821280405388512,239
570,0.6775800790341872,734
571,0.5731803391909708,712
572,0.323154968012913,832
578,0.6319861543831102,2577
579,0.5174462459279546,33
585,0.5510956585286748,2403
588,0.48964129350198676,951
590,0.48407602683312134,712
593,0.6021357427752178,1316
594,0.5776089044101734,700
595,0.6040819457642452,688
596,0.6036381842113796,839
597,0.6362282519050061,845
599,0.6141092646777973,1022
600,0.6174027297977299,1044
601,0.3313826517706432,1054
602,0.30365122503628644,965
603,0.5237701648271414,1027
604,0.4151617531717552,964
605,0.46825349664817023,1091
607,0.5796807421751149,1061
610,0.05145806136881277,140
612,4.955925607775894,88
613,0.5094394416127174,1060
614,0.562851019103666,1086
615,0.7147537085808443,1123
616,0.4842035599345737,1068
618,0.4600753204233157,2241
629,0.5540493820742108,1261
630,0.5976943322757431,1186
633,0.754620717890741,716
634,0.4431017487065642,4
635,0.5817960751179578,847
641,0.5772205536304398,1288
642,0.6425507746560907,62
643,0.5679934449475766,2078
646,0.6678037769678783,1990
648,0.5834057296190996,2069
651,0.7308958138578996,2100
653,0.303900476341619,2105
655,0.6245436884094345,2052
656,0.5125216932569174,4936
657,0.661059264598734,4999
659,0.704516890497192,5003
662,0.6140996788894375,2499
665,0.6350997643687964,843
672,0.7057414770503595,5429
673,0.5938059397004123,2830
674,0.6618354599978754,2892
675,0.3022290236519837,5123
678,0.5697893262268602,5214
680,0.4099942803650165,2440
685,0.30706979927554173,1019
687,0.6000027107743792,413
689,0.5989509913468669,949
690,0.67650093459297,703
691,0.4145986228620862,691
692,0.5046766753976178,691
694,0.32559621914837816,839
695,0.49825309192111117,845
696,0.7309021200520934,419
699,0.49902026219463325,1050
700,0.4928225631953077,1053
704,0.7327303977265468,185
709,0.6234708741684226,1057
711,0.5656450898971832,1037
713,0.597350344832003,1124
717,0.4211945451342612,2231
723,0.7492008295504766,1558
724,0.6373186703345526,1202
727,0.5617595786017655,2440
728,0.3229915701148233,1232
730,0.5436789599999995,261
731,0.5269006038735864,709
736,0.6006781234313,831
739,0.5588895160431807,1988
740,0.7045585368115508,1815
741,0.5767218288024195,1987
742,0.34906195592327677,1953
744,0.5509159707000739,4001
745,0.37684395125643444,2105
747,0.3142850769269622,2066
750,0.9973239035458541,64
752,0.5195406841138672,2032
754,0.532105226082248,2762
756,0.4812495883186844,2700
757,3.011196673091961,239
760,0.7162722308665154,725
763,0.7464232325572101,478
765,0.4509313474349526,60
769,0.6139081338652776,844
771,0.5548105714795134,2623
775,0.48677008530385757,2908
777,0.33768678739758845,2702
782,0.6792807290205346,2372
784,0.2841406189078277,22
787,0.680528526144865,1035
790,0.4987403686447797,38
795,0.44153396772897974,693
797,0.5244756929984561,686
799,0.5267255026167644,831
802,0.4781077562866118,2437
804,0.5408004819193124,832
808,0.6156093170160102,1036
809,0.557861992133051,1036
811,0.5499980612521758,1052
812,0.3851582590185371,81
819,0.5187870348549324,1117
821,0.552310691385079,1124
823,0.6385535721768497,728
824,0.0,0
827,0.6686828714762808,1269
836,0.6257203508854462,1320
837,0.5529565529918334,1321
840,0.0,0
841,0.5869909190310063,39
843,0.47002719412519134,436
844,0.38518767791265607,708
845,0.28506805162673204,625
846,0.7710779720876302,832
848,0.6228622015856556,833
850,0.0,0
851,0.2870455730368142,1943
853,0.6195566505095776,1332
854,0.6267966267145121,3731
858,0.2903953474764751,2225
859,0.28884903983992144,62
862,0.6673208072482921,2249
866,0.484897256616023,4221
867,0.4639672739736233,2991
869,0.6114742450842446,1643
870,0.34339041837690737,964
871,0.6501447212230821,1616
872,0.28733508034437605,928
876,0.33198272011521957,2705
877,0.4878639220819958,2714
880,0.6251600247181994,2395
881,0.5464872155492532,2395
884,0.5790622151438416,38
887,0.6765293379402919,1004
891,0.5329615116251281,38
892,0.5436174617133537,1045
893,0.0,0
896,0.7567603474511049,928
897,0.6034194395441171,929
900,0.5538894452479044,576
901,0.0,0
903,0.7683791804053781,2005
904,0.547864063700056,2002
906,0.43486101287103385,1023
909,0.38658951486845194,607
911,0.5871575184648814,1062
913,0.5929068274996034,1002
918,0.6136644110427417,1122
920,0.3074847924422529,1113
923,0.6953978565942043,1161
924,0.5776062501480628,725
925,0.6084589447652594,1202
926,0.314071422104713,1160
927,0.6527097300248474,1155
929,0.626276070922461,1199
930,0.5734244425214791,1310
941,0.7207591221985675,1297
945,0.6142935594165593,265
946,0.5809128866129966,918
951,0.0,0
960,0.46437050888220915,2027
961,0.5581070982113541,1900
964,0.3488450693028563,351
965,0.5640696729138385,1988
966,0.6302204744916895,3728
968,0.6732886973423232,2225
969,0.6259754204579732,2251
970,0.5371549488190099,2191
975,0.5717524397156593,2745
976,0.5994902073746028,2623
977,0.5873884335440052,2694
978,0.6893773855999388,967
979,0.1669877535347107,39
982,0.5160454426909169,2645
985,0.23333607832492406,31
990,0.2717429053023145,2398
993,0.6467105022665148,2028
995,0.5908406228100753,1040
999,0.6115404209613564,2001
1000,0.5825940017683459,499
1001,0.0,0
1006,0.0,0
1008,0.5549090451886832,570
1009,0.5619498947953949,569
1020,0.6346737911179183,2251
1023,0.2906103243417029,699
1024,0.5821805422744175,1201
1029,0.37854103234331465,1328
1031,0.7712077830606747,1329
1032,0.5947051171153905,1253
1034,0.4936981181430122,1308
1035,0.578951339178559,995
1037,0.7639934321585358,1268
1038,0.5442604645176331,3187
1041,0.6626851860085785,929
1042,0.5345262491348474,929
1043,0.6722191958062058,924
1047,0.0,0
1052,0.2872139625355365,1988
1054,0.614271818187795,1995
1057,0.4750520027987677,2218
1058,0.5809443002582522,2240
1061,0.49083753163858057,2257
1062,0.6775945024974386,55
1063,0.7722616067336711,2256
1068,0.5862455469009884,2733
1070,0.4654855495753515,911
1072,0.3065841618175337,22
1074,0.33902105155181556,574
1077,0.20263129714031178,35
1084,0.600606191990236,2746
1085,0.4830874415379432,2184
1089,0.6747918655811077,740
1090,0.33128222644686717,1013
1093,0.5206364544390899,1039
1094,0.3574912834025136,1037
1096,0.49486931135647444,1816
1097,0.349098946541643,928
1101,0.5170759524415531,926
1102,0.3342644694793692,1818
1106,0.4908962138786026,566
1108,0.6220640020213688,233
1111,0.6558334844018673,1055
1113,0.6314161561201397,2142
1114,0.6083182746059372,106
1115,0.4518685613635409,154
1118,0.4671714685079833,1211
1120,0.5634555914875616,1162
1121,0.6521244943497893,1151
1122,0.508461071551325,1205
1124,0.6522861219042279,1284
1128,0.605062938164094,1331
1131,0.6502522332902877,1281
1135,0.6535223360825463,1310
1136,0.7632181229123295,1922
1137,0.5219775075264623,1908
1139,0.5368909339289287,923
1140,0.6066315135512331,928
1143,0.5824755056876629,564
1145,0.5486379373587353,1900
1149,0.58285616403156,1974
1150,0.5496705764785471,1975
1157,0.582664561654535,2215
1158,0.5164237879190908,109
1160,0.5214945045620831,55
1162,0.5587507657703465,3867
1164,0.6245850530609514,2767
1165,0.621675075776232,5107
1167,0.6473335047671878,2695
1172,0.6029334505118372,2747
1173,0.514594718242705,2742
1176,0.5902931413953204,2659
1178,0.5211709182956399,1860
1182,0.5476785883662993,896
1183,0.0,0
1184,0.4771267475428241,903
1186,0.2639354313312898,891
1190,0.6429492432144222,568
1191,0.6168484620284511,568
1193,0.0,0
1194,0.4115458714086049,14
1198,0.0,0
1199,0.7262770296895042,998
1201,0.6260176128295559,1217
1203,0.6498962526411222,1173
1207,0.41669721533522125,1858
1208,0.6204331931564766,1191
1212,0.2951136685929613,1295
1213,0.5520086007640603,1223
1216,0.27477960377386346,1245
1217,0.5756058645937169,382
1218,0.27459339759284673,1206
1221,0.5175530868249347,1206
1222,0.5561804560408405,1338
1224,0.36213934879835297,1208
1226,0.5650877107585924,1269
1227,0.6044702227701902,1323
1228,0.5321900401633969,1270
1232,0.49687629646619635,1350
1235,0.610380085954085,4307
1238,0.6001087690771472,1287
1239,0.47219990482814533,2400
1240,0.5352866054131452,906
1241,0.5814856982670099,909
1243,0.5643826612713262,905
1245,0.6142885548726368,1820
1246,0.5382774640131323,904
1252,0.6433225006711885,1362
1253,0.3489693349763819,1972
1260,0.5301441351543204,4830
1261,0.5460145888580191,2193
1262,0.5563956511607105,2187
1264,0.5945979066271764,2263
1265,0.5733595909300412,2702
1268,0.633838098448585,2265
1272,0.3405173354306876,2395
1279,0.6768990327013027,2327
1287,0.334046874295529,2436
1288,0.6596280227393106,5082
1290,0.5760684952357463,4016
1296,0.4831446745767101,2653
1297,0.5342113280932926,2639
1298,0.6790354854132618,2591
1302,0.8491766283713088,2170
1304,0.5729889988645072,2169
1306,0.5524707153034369,892
1314,0.0,0
1315,0.5201216661007978,389
1317,0.2694685731505106,901
1320,0.5024188106771325,525
1322,0.5195697377477554,527
1328,0.6220434587452153,1060
1330,0.4779993278088952,1031
1331,0.32347293417795997,1063
1333,0.5016317931663847,1026
1337,0.6717241854481252,1201
1339,0.6447706396623898,1191
1341,0.6465150158509947,1164
1342,0.5708760657253997,1203
1343,0.5520744957434578,72
1346,0.605174850861625,92
1350,0.6086424301061233,1208
1354,0.6089353402843614,1321
1357,0.4539897345322522,1321
1358,0.2959974696302892,1397
1367,0.7505534648407681,905
1372,0.6079985093523309,525
1373,0.5943864581332486,526
1375,0.5332063496990274,526
1383,0.6041573981370683,2370
1384,0.30400247556785864,1967
1387,0.5182928650465227,2671
1389,0.5562020388662052,2688
1390,0.5864618148334761,1092
1393,0.6965449070956684,2677
1394,0.5272549545390346,2669
1396,0.5706245483900576,2679
1404,0.6844963473306239,2321
1413,0.5364733484182399,2477
1415,0.7076570309220029,58
1417,0.5843598618196614,2418
1418,0.6510259266840132,51
1422,0.5064388733827,2406
1423,0.5574746245115886,2548
1426,0.6144738710589482,2632
1427,0.5210172479580751,2611
1429,0.23768051362659398,903
1432,0.33385053509226364,773
1435,0.27246201367446554,933
1436,0.6790921739035644,1024
1438,0.5601467321444625,1019
1442,0.5295468143257868,1052
1445,0.5888061408903309,1025
1449,0.6135469972097299,1423
1451,0.32750156531795893,911
1453,0.5894821582715649,903
1457,1.004162798903992,518
1460,0.7051681635917753,520
1461,0.0,0
1465,0.4774132300814876,1024
1466,0.3626384096474377,1028
1467,0.6305643145180334,1064
1472,0.48985139996854865,3306
1478,0.6698353767204525,1218
1485,0.3421662969802667,1190
1492,0.5388913282546475,2363
1494,0.641127817149934,1174
1501,0.3024019862904996,702
1504,0.5228992319739547,1335
1505,0.553470685244052,1318
1509,0.5841680768364766,2487
1517,0.28046778558458463,904
1521,0.5042094539077877,907
1525,0.5993115865961188,911
1533,0.6051811432710047,62
1534,0.5616845353760115,2525
1535,0.6602319511186517,2489
1542,0.529521858236245,5034
1544,0.6411218815405247,2663
1546,0.5061650181320279,1152
1556,0.6378361293071003,2484
1557,0.5246460290140306,2694
1559,0.6439981573661887,2682
1560,0.5060097780850905,2617
1565,0.4777322570837634,60
1568,0.5281627926998235,2306
1570,0.6499631124525959,2350
1571,0.5816776757662574,185
1572,0.42330936622046983,908
1575,0.5700858582944033,2501
1577,0.4625971097098685,2482
1580,0.5139953735719203,2103
1581,0.18910532289455953,40
1585,0.6221346154743261,2396
1588,0.6946772889037497,2607
1590,0.4651187014925364,1075
1595,0.37574731534610656,1033
1597,0.781423076389179,666
1600,0.5019551397416269,1035
1601,0.5466853432006309,907
1603,0.7399649886368134,1032
1605,0.6008840214127252,1031
1607,0.5881390854391538,1033
1610,0.45995362680579815,1035
1618,0.5149036315325485,1375
1628,0.502690546491298,897
1631,0.48960005700065495,521
1635,0.519685310051439,520
1644,0.572711541016762,1054
1647,0.3198305077094206,1020
1649,0.5485273837732859,1234
1652,0.7419891337128312,1190
1653,0.6033281375859506,1034
1667,0.5744310877323648,227
1668,0.6042610931215338,245
1671,0.46326603772834674,1218
1679,0.3772949924903346,1217
1690,0.7308557687311715,2355
1692,0.7869924932418205,910
1695,0.6351150925340662,912
1699,0.6878834851864122,519
1702,0.0,0
1705,0.6183159310516042,2427
1706,0.745022238782755,1666
1709,0.8606285460953704,2365
1710,0.4139599466592801,2406
1712,0.3590405888600299,2643
1722,0.5498396801543137,2199
1723,0.6743164933400735,2378
1726,0.2698766207977587,2404
1743,0.318642920812356,2415
1750,0.2858240121396752,2441
1755,0.6128949649991838,51
1756,0.6009489183752293,2421
1758,0.5724981432250944,3368
1759,0.49237058832047703,4937
1762,0.4902927975656471,2603
1766,0.5012819708177988,1042
1777,0.2973763294121645,17
1780,0.4643649394489029,1042
1790,0.6545819964977416,571
1794,0.323512362972323,572
1795,0.5792610815744608,534
1798,0.42380316374520954,1048
1802,0.7294522351976891,1038
1803,0.34777010035168704,2036
1804,0.5805030507221616,1061
1805,0.552659778158914,1049
1811,0.6115078023427025,1034
1816,0.30403557551340027,890
1817,0.5677757174449429,1168
1818,0.6105909204310948,1218
1823,0.538659834339402,338
1826,0.49781016442263515,209
1827,0.6617498856108223,1207
1829,0.6531698856922602,1204
1830,0.7416348636454076,1188
1831,0.4719699447497032,1209
1837,0.5267331085992031,1218
1843,0.6471485395115197,2399
1846,0.8036803593770174,2331
1852,0.5419515968915822,913
1853,0.34176259043488433,17
1859,0.6813066278569605,911
1860,0.6019997011627531,707
1871,0.3456478948633107,5132
1872,0.48871990978741087,2768
1876,0.3444894899585065,2365
1879,0.2639668237640576,2688
1882,0.611379438652821,2684
1890,0.7131764174897997,5342
1891,0.6281470356914807,5434
1895,0.34820189454965317,5368
1896,0.36216130227558896,4098
1899,0.7060130971933667,921
1900,0.2791219474320873,925
1902,0.6704072858423903,905
1907,0.6568009971154185,2379
1908,0.504441194850458,2369
1912,0.5416386350430576,2446
1914,0.5735533420882869,2434
1916,0.5233777400095212,1033
1917,0.585553580062032,906
1922,0.4401364237807035,2052
1925,0.6007751121218945,2041
1929,0.6155763302592147,1049
1931,0.0,0
1933,0.35720973036714243,907
1939,0.5364141935539425,554
1941,0.654078031356081,572
1942,0.0,0
1946,0.3337234248700965,1066
1948,0.7521838838894037,1042
1951,0.6586067490755426,38
1953,0.3237568722261682,1034
1955,0.506147947542316,1077
1958,0.6722027129719799,1182
1962,0.5943916666984702,2494
1963,0.46627915016885624,1159
1964,0.6032943986571548,2489
1966,0.6452559638591764,1219
1968,0.4471943818046599,1218
1971,0.5738066739123759,2503
1973,0.5638255551589592,1179
1977,0.6916073254424708,1215
1980,0.4553884467518507,1179
1983,0.6203557269543077,59
1985,0.8016021771436562,205
1986,0.5334259941619209,1241
1988,0.6789111095975233,1228
1989,0.4116952957261181,1183
1991,0.6056703335174656,1239
1992,0.29381892298501766,2775
1997,0.6176712882117703,2851
1999,0.7069210152426338,915
2000,0.3563787724663933,902
2005,0.29401571083389694,920
2016,1.0000729971578275,53
2017,0.5751522840807514,3017
2024,0.4722544503606239,5658
2025,0.6895833803998366,2962
2026,0.5755878784121419,5663
2029,0.5745573511268085,59
2034,0.0,0
2035,0.5081208792376924,3065
2040,0.33560557901635885,3054
2043,0.3265178857986416,3032
2044,0.5779464516837268,3038
2046,0.0,0
2048,0.3821000283740026,18
2050,0.2835685200042481,899
2052,0.8168473721428258,914
2054,0.5855515629915408,218
2055,0.3259042829343144,920
2068,0.5473865879923856,2696
2070,0.5857738026765286,825
2078,0.6217196022421082,1063
2085,0.5797534808760125,1041
2087,0.6108932749142022,567
2088,0.5378962139465282,570
2097,0.36680656211212265,505
2098,0.5923212678033789,1066
2101,0.6497762042554677,1063
2102,0.5796455963464943,1033
2104,0.6323598313165724,38
2105,0.649796646144735,657
2108,0.2765661832132236,1061
2110,0.646449896682924,1040
2111,0.3544167253143192,1322
2112,0.6144007750419145,1323
2116,0.44165364217690284,1275
2117,0.6075037997074606,2324
2118,0.4641152543147334,1327
2125,0.657315695705694,1327
2127,0.11948886025916618,51
2128,0.5275484002596889,1340
2129,0.688301741096748,1339
2133,0.4876260173708306,1177
2134,0.39760572653972975,704
2138,0.33618007961042473,1231
2139,0.3102292580929714,1226
2147,0.5720622568210417,1230
2151,0.49926766284659596,52
2153,0.5621928672598402,1245
2156,0.5324203637350396,1173
2157,0.3316814868053455,1174
2159,0.3077908240558794,1304
2164,0.5556085350337393,1534
2166,0.6054317878267629,1665
2171,0.6616732651963039,925
2178,0.14391004233330323,50
2181,0.3153438645835084,2768
2184,0.6428684865682921,2700
2185,0.4756843936270382,2769
2191,0.6063297813463084,2722
2192,0.6479948517837936,2717
2194,0.25944825661452875,3065
2195,0.4865288973275969,3044
2198,0.3337473549442881,3093
2199,0.6083792213673257,3105
2202,0.7699365726467576,3152
2203,0.6431437483026013,2970
2207,0.27606177423452494,3169
2213,0.5673155350129017,3040
2218,0.7525848868781295,48
2219,0.5994102274141317,3035
2220,0.32278612027010684,901
2221,0.4009392376399161,18
2223,0.1593761622555587,15
2225,0.46294584128892147,254
2229,0.6126133089907881,5757
2230,0.28132244749160795,5793
2231,0.6149514507945895,2760
2233,0.5627380677445565,2895
2234,0.583868652775607,2809
2239,0.5053484258357284,49
2241,0.5703718467759165,2652
2249,0.574655258217262,1059
2250,0.6145087858622389,1769
2256,0.5260650480761115,1040
2258,4.858934008968589,5
2260,0.6074778588058815,1029
2268,0.65792074521765,75
2270,0.3209761224163153,1173
2277,0.5921507838801023,809
2280,0.5203336102725775,1174
2281,0.6098267332809582,1341
2283,0.8242815532056121,1261
2285,0.5896375019781608,1338
2286,0.7671036586252689,93
2287,0.4819465931687167,93
2289,0.5815259676915885,615
2293,0.5491038100445055,1567
2295,0.5877328360831581,1556
2297,0.5695070508085952,873
2299,0.34400947572618246,849
2302,0.631500672975994,1653
2304,0.5285523257590764,685
2311,1.1467974262850094,875
2312,0.3584915199838347,1612
2320,0.3475500287297349,744
2323,0.6762185610729956,843
2329,0.5048099526012512,684
2332,0.47363555928314516,802
2336,0.6150996630897734,1103
2337,0.6263077322575212,1032
2338,0.33742776240241945,1787
2339,0.6538280804408089,1037
2341,0.5365800713154171,1035
2342,0.6141668643391676,970
2348,0.5859999212355688,1024
2350,0.6206710140586984,2115
2353,0.4818626376710375,682
2356,0.5448666194963909,307
2357,0.28381214124224863,901
2361,0.5377735520650194,1613
2364,0.48831769154033455,1097
2367,0.34610049906285373,1181
2372,0.5811397471691047,1352
2373,0.697763844151466,1350
2378,0.33676560811663037,730
2382,0.5508810698465256,903
2383,0.6254119293315862,842
2385,0.6026467630141865,1641
2387,0.4889934394445886,25
2388,0.5448946555351047,2838
2389,0.4462749932042779,2758
2390,0.5475873701811556,2809
2392,0.6557133634955844,1393
2395,0.5737695706674051,672
2398,0.5381093661192671,758
2401,0.5390967412680496,715
2402,0.5565882730722115,771
2403,0.561359284432042,57
2414,0.5136802810141263,815
2416,0.6520830497357452,866
2421,0.6142854961917628,1804
2424,0.5414789087685637,873
2425,0.5188299538834269,876
2428,0.4991712922058778,1054
2432,0.12554481741577747,48
2436,0.55604595550067,150
2437,0.5865621620194266,1596
2438,0.6927807105723102,776
2442,0.5728120434154288,770
2443,0.5340248797669152,58
2448,0.6069510336556863,75
2450,0.505898482125781,77
2463,0.6517263206227039,1342
2464,0.5901605117686188,1327
2470,0.6203445136026103,771
2477,0.56946286760718,642
2480,0.2466265356786258,28
2481,0.7504924291450836,690
2483,0.356799468566847,1051
2484,0.5037740360387076,1030
2485,0.28725255464703464,1044
2486,0.6786840370168765,38
2489,0.7805835928246259,1108
2494,2.376040847263821,38
2501,0.6165492421073466,1319
2502,0.8412411395778019,2042
2504,0.31607937181416895,1291
2509,0.5815557511902169,1307
2510,0.46659486146548484,1326
2512,0.7044384748407523,1339
2523,0.46649409986272267,2124
2525,0.567449558581534,2277
2529,0.7432923488168616,2124
2530,0.7381711034006079,2158
2534,0.6127989169153083,2866
2535,0.3066814254467286,2216
2537,0.5086983509158701,3398
2539,0.5554755583261505,2214
2541,0.44586262816383876,2778
2542,0.42378190238759234,885
2547,0.3360262402689624,2792
2551,0.39290536925308406,1338
2553,0.36955245694513017,2691
2554,0.628598375878652,2801
2556,0.3166796372354658,2800
2559,0.7578611808877871,3036
2561,0.5371410108229464,2957
2563,0.5781817461502705,2886
2565,0.5665264840159075,2951
2567,0.5170963902545969,1777
2570,0.26067602478416774,2951
2575,0.51252393399512,3075
2581,0.6997719982402951,2755
2584,0.9094550290010239,3132
2588,0.5129740716618647,3063
2589,0.4594108178108803,3127
2591,0.2790268163713179,889
2594,0.6204990950167651,859
2596,0.2979466629735656,18
2598,0.6005608187718898,871
2603,0.3514850859238356,2828
2604,0.28557794007364673,2720
2605,0.3565463277503292,2667
2607,0.48920437746368234,876
2619,0.6181313660327449,617
2622,0.469448188992993,642
2625,0.5945726418731919,583
2629,0.5960996703026828,1054
2630,0.5382565730495641,1260
2635,0.7090127399567545,2284
2636,0.31246480156487716,1311
2641,0.7022679583662119,1346
2642,0.5164973656487495,1308
2644,0.41755752309032806,1346
2645,0.5361443867007085,1258
2649,0.5036367774933304,1338
2650,0.6193990376525158,106
2651,0.5001058889513258,1376
2663,0.5760189265879737,2191
2665,0.5664520718593722,2210
2666,0.50887725860937,358
2674,0.6491202811447202,5328
2683,0.5587979642419337,2778
2684,0.6077888689798692,2791
2686,0.5997920559353015,5391
2687,0.3224491529941503,5461
2690,0.2951832881374659,5456
2692,0.5631082186436073,8107
2693,0.3240596849999133,2600
2696,0.8051304964028776,2648
2697,0.0,0
2703,0.2779926982734217,2970
2707,0.4653453992917877,5956
2708,0.5999796861739859,62
2711,0.5083167404047828,3050
2712,0.3582074259909776,3060
2714,0.4888997840394032,3042
2718,0.6245461982328719,3047
2719,0.30439620469628687,910
2723,0.535214063199795,3073
2724,0.6201748780900568,3073
2725,0.4817685346307525,2372
2731,0.5478911353736124,3093
2732,0.5932741364634039,2680
2733,0.46761766121244075,3079
2735,0.42940960921309557,871
2741,0.0,0
2743,0.8141088804721879,2486
2744,0.0,0
2745,0.6483581171818072,2759
2751,0.5650082534521825,2671
2754,0.5803102816468465,872
2757,0.5894248354410402,2082
2758,0.5318435150678699,1045
2759,0.41517767156851826,878
2760,0.5893498956579315,876
2761,0.3473019277339029,872
2764,0.32015654629998297,18
2767,0.6427858733019227,2281
2768,0.6829849437602782,1240
2770,0.6752514483182198,2272
2771,0.3253413230629974,1247
2775,0.3689787966359349,1272
2781,0.38073577844187084,41
2784,0.6206582866536052,1230
2786,0.3821827492382883,1268
2793,0.47348644928034167,41
2798,0.3329761558853394,2660
2801,0.33272591716501104,59
2803,0.5360742804993038,222
2804,0.33598504614665475,811
2805,0.6312366039379913,2668
2806,0.5934742516114688,1380
2807,0.5651221421098777,1393
2810,0.5502424739011389,2192
2811,0.6514337111289249,1381
2817,0.6023036998807639,2197
2820,0.6274156940817075,2186
2821,0.5389142790288627,2199
2825,0.6541628263273944,2305
2826,0.6873230882190785,67
2828,0.6358253482224863,2227
2829,0.5243385490221355,1238
2830,0.5870186284431039,2291
2831,0.5700456312257902,2140
2833,0.539474538028575,4269
2836,0.5174421831446053,2728
2837,0.3106657117648658,70
2839,0.6758577446569992,2850
2843,0.3046918634637017,2678
2844,0.6361081723903202,2856
2846,0.5181594780282237,2748
2847,0.6993262568007483,2755
2848,0.8049917824438989,2680
2852,0.5384004324892692,2731
2853,0.6216776174367162,2734
2854,0.7054502779224701,2737
2855,0.5610945643219561,8502
2856,0.5962722936744557,62
2857,0.45685531821848496,2731
2859,0.6631278284405349,50
2865,0.5719663296551716,2853
2866,0.5324365516807286,1255
2867,0.5439995293997604,5970
2868,0.4976505188415066,3001
2870,0.47590482776971565,8924
2871,0.595374273585808,5952
2873,0.6330299847925501,6400
2876,0.2967157673880852,1126
2877,0.531409692672942,6455
2878,0.5898012023415079,6484
2879,0.3234887637122046,6470
2881,0.6343620914706596,6464
2900,0.2771787062836467,1234
2908,0.6115199092366591,1246
2913,0.538008664210254,1237
2916,0.5452283609790255,1236
2917,0.5852109774243045,1256
2923,0.628688640923004,1363
2926,0.5915102424737713,90
2927,0.595326791081382,1379
2931,0.6176230484018763,114
2933,0.29601806499944544,1385
2934,0.6593106349235035,597
2935,0.4994068448252846,49
2936,0.5340844293756247,1359
2939,0.35584056974773864,3458
2944,0.4782692649760738,1384
2945,0.3722645170195389,1334
2952,0.7041967563769257,2231
2953,0.6130107944176584,2243
2955,0.5384485065541179,2205
2957,0.5623953934643271,2235
2960,0.674681175284144,2658
2962,0.4980632547478905,2743
2963,0.49592331979843657,2666
2964,0.7479216340546399,2598
2976,0.5173465380863977,3073
2977,0.6114064647149362,2983
2978,0.4099896618942008,3065
2984,0.28815941171860604,72
2987,0.0,0
2989,0.4940225912490465,72
2993,0.6956885398352172,3415
2994,0.730379042406505,70
2995,0.5642201706527992,3246
2996,0.4994697227683145,70
3002,0.4935067192194972,1791
3005,0.9781694136180464,1250
3008,0.5329878405908686,1371
3009,0.29491573342800764,1373
3010,0.5189550568935818,102
3011,0.6357888426029862,3716
3019,0.5299652538066744,1335
3022,0.6391807600971234,1314
3026,0.6097375332267636,1378
3027,0.5494395333509712,1377
3029,0.6013797127642447,2453
3033,0.6574921965736782,4629
3034,0.5696769384010469,4623
3037,0.6568452177824617,4666
3038,0.6498028749782694,2520
3039,1.3349803036994858,71
3040,0.5186483523045745,4579
3041,0.8212102866793232,1024
3045,0.5566495973664525,888
3047,0.5771052983858539,1900
3049,0.5281099435987249,2738
3055,1.0135394207274135,2741
3057,0.6223179942423553,2742
3058,0.5425128027678664,2680
3060,0.6959242537124586,2735
3062,0.5346024179603753,2754
3064,0.28905310818346536,2937
3068,0.9950019506948773,73
3072,0.3162940116383474,3016
3073,0.6793096656191473,142
3074,0.7045649048518019,2981
3077,0.6688310458982575,71
3078,0.6458822850174701,3082
3080,0.6188589428580914,3323
3084,0.6432199408500234,3492
3086,0.0,0
3088,0.5820659940734281,2795
3094,0.667756439577743,3488
3096,0.30370213975281346,6039
3098,0.45460599754466974,5830
3102,0.44940556344530697,1138
3104,0.5834429858895508,1180
3105,0.5453105700405562,1175
3107,0.4538141749508288,1136
3109,0.4732316649196097,2477
3114,0.4507707736389664,238
3115,0.2842412684358602,1338
3117,0.5653614630206596,1373
3118,0.6181421512626637,116
3119,0.5023864904980777,1386
3120,0.4832153004472708,1385
3121,0.575776612119158,1352
3122,0.3083747398241183,1370
3124,0.5119644069904398,1431
3128,0.6273381198939344,1379
3129,0.6029317104745302,2561
3132,0.5560432003391534,2515
3138,0.80226123934412,2480
3139,0.5729172698096424,2483
3141,0.4706812081140286,2486
3143,0.5221501324144516,1034
3144,0.13533927026113987,52
3146,0.9958058550269041,2452
3147,0.5895429483960497,2516
3149,0.5695304291373363,2521
3150,0.549366535623,2668
3153,0.5784588497540769,5511
3155,0.4918274750256465,2690
3158,0.5877680099324232,5554
3159,0.47626878513028326,1990
3160,0.3108712655395416,5579
3161,0.6374583001874908,5541
3165,0.5691626612692146,5556
3166,0.5158713486081621,2750
3168,0.5884708825880367,5575
3169,0.5604291436449199,5541
3171,0.5137856803307972,8407
3172,0.6086681199101666,2888
3173,0.6271604485326195,4313
3175,0.0,0
3176,0.5111891733781692,2730
3177,0.5054147202897388,3998
3185,0.5684086587207358,1738
3187,0.6923469133756075,3030
3188,0.5776590827325889,3027
3189,0.4956204829444403,3018
3190,0.5215083157733027,3024
3195,0.5722836723402959,3501
3197,0.4981035609534749,3335
3199,0.50228671378967,3510
3204,0.30630152935772187,3245
3210,0.3733449923413773,3210
3212,0.361732424785779,1752
3261,0.5599496430476086,1337
3267,1.6305159702889707,52
3270,0.5805696919516654,2441
3273,0.38300539136047795,2470
3279,0.5964285060152524,2466
3280,0.4891078976526304,2544
3281,0.6777980088123287,2484
3282,0.6225320618525785,2554
3284,0.48411635436578765,2613
3289,0.6054309002116558,76
3290,0.6324325819036972,2525
3291,0.5520360586584755,5280
3295,0.33860403044118303,43
3297,0.6784959194677457,76
3300,0.2841055384755632,2062
3303,0.6388613524648986,2891
3305,0.5449852991106585,2893
3307,0.2985332444135645,2883
3308,0.5984609929913287,2889
3310,0.6073096058614972,6328
3312,0.4539719868142568,3408
3315,0.6760027232340059,6405
3317,0.5278340881396211,3490
3318,0.638373661127638,6113
3320,0.621043601669827,3501
3321,0.6291666120640272,4746
3322,0.5846944466238447,6305
3326,0.6689337437569395,3281
3328,0.5637772057251543,3181
3330,0.5789951426489286,5773
3331,0.4801340493465814,4629
3337,0.7123857151133994,1282
3339,0.34258975553723514,5102
3341,0.47289629059028826,2456
3344,1.0492116089917052,66
3345,0.5433694826002258,2492
3346,0.5367839424739356,5054
3347,0.5281594682493358,92
3348,0.4684632953104234,5139
3349,0.5973434783150616,1956
3351,0.5314507758410454,91
3354,0.5666607651307213,92
3356,0.5142944860152355,5113
3358,0.6206681485611885,2892
3359,0.5157082262389882,88
3360,0.33647685911030234,2545
3363,0.4994685494631391,92
3364,0.5079622526220359,92
3368,0.5768612347842196,2759
3376,0.49430527715822165,3570
3378,0.5281328649704249,3575
3381,0.6432221749681164,1939
3383,0.5708850160002455,3414
3384,0.7281585249151296,3480
3385,0.5123889199273982,81
3387,0.6208783810648135,6485
3390,0.5271546856029591,3192
3393,0.6888623953067927,3330
3396,0.627646812182739,3265
3398,0.29692917702253435,3201
3400,0.30620106145141346,3166
3402,0.6554080711201579,3186
3405,0.5138770860025853,2586
3407,0.46954461738475134,2657
3408,0.36126845452788303,2584
3409,0.6207638807645115,1567
3414,0.6011071139806397,2567
3415,0.6269104109423731,2884
3421,0.27185916191829407,2120
3422,0.5761503111193286,2912
3423,0.4618793846913835,2897
3426,0.3898699186490159,2895
3427,0.46178813799234586,2914
3439,0.310282181742641,3266
3440,0.6362883727635189,3264
3444,0.33241675040504265,2582
3445,0.3904157334337041,2642
3452,0.5793274465751742,2858
3459,0.3716607502335297,5384
3478,0.31338513929104556,3203
3484,0.7282654060530119,1386
3486,0.4718470484757754,235
3487,0.5575885208302235,2612
3488,0.3357644113151228,2617
3493,0.44574327852975015,75
3494,0.30362464618688817,2738
3501,0.5366366758692077,2749
3503,0.6380088820043374,115
3507,0.48586109641471503,2528
3508,0.5658528336755652,77
3509,0.5641182360409915,2640
3516,0.6749883091717592,2580
3520,0.6120045953387764,3196
3521,0.4506977766345443,2855
3523,0.0,0
3533,0.46008203185482777,2556
3537,0.3965746643927327,2611
3540,0.6736471691274664,5079
3542,0.4880559914476275,2627
3543,0.32601921094608866,5817
3544,0.46515992803549705,2628
3550,0.568749422073373,5611
3554,0.7071772637662477,1250
3566,0.5696673288645318,64
3567,0.7615729026241699,2522
3573,0.5312664684517884,1632
3574,0.5565701565251135,1620
3576,0.6122216910678538,1624
3578,0.5915217971074256,1382
3584,0.5475612886151289,818
3585,0.5554848591502956,755
3586,0.5591436331092668,210
3588,0.5423612357856121,769
3589,0.3210388958624135,770
3594,0.6052905011191503,718
3601,0.5550622617011761,870
3603,0.6244148142909801,808
3604,0.524379093529229,807
3605,0.8120413552717594,866
3607,0.5478157197800575,847
3608,0.4647789650492697,877
3609,0.5607057555301405,1062
3612,0.4909629256331192,1053
3613,0.34407391247899194,982
3615,0.5010697615056016,1183
3618,0.6553859364304037,2075
3621,0.6052687250397996,772
3622,0.6754492617381528,803
3627,0.5477171769698392,1179
3633,0.7228239551044328,156
3634,0.5525343127250171,374
3635,0.6170085550335792,1242
3639,0.6574966224454636,584
3641,0.6448116557989835,1623
3649,0.27861461284678074,717
3655,0.5908846035231132,1315
3657,0.5613880072618809,1458
3660,0.5346103276609175,813
3663,0.6328622511804868,712
3664,0.0997200153991523,53
3665,0.4628740647250787,822
3670,0.5016713636192269,764
3672,0.31127614643519513,778
3680,0.6868757471255845,783
3682,0.27578513528236215,1538
3686,0.6148125536745528,798
3689,0.5314695425474247,858
3690,0.6325987169875378,856
3691,0.445678151080003,76
3692,0.0,0
3694,0.5566876270355866,754
3696,0.5573201162762857,1049
3697,0.5748933915203498,1039
3698,0.6061400220351641,2331
3700,0.6504963891197315,746
3702,0.5661621664792582,752
3703,0.26357247475276235,762
3705,0.5598514890335757,694
3710,0.6648509851042124,78
3711,0.582676425277677,80
3714,0.6336534616926568,2319
3716,0.3047886509127154,1468
3719,0.5335700093083199,1321
3722,0.7160324390637607,1537
3725,1.5826513608590884,55
3727,0.5278544212166716,750
3730,0.6006135651052568,1613
3735,0.39671759249962824,1398
3738,0.592093504700594,773
3741,0.2847622733578256,1129
3746,0.5667027867962007,44
3749,0.6224577978648654,694
3751,0.35282278617815266,69
3752,0.5181986892987501,738
3753,0.6112894979787701,586
3754,0.5027083314413914,733
3756,0.5618841294057115,132
3758,0.5361059958374031,347
3760,0.5822811784181676,261
3762,0.4723437407651538,1033
3763,0.48050560312588714,946
3764,0.554995663320325,1018
3765,0.5111149055444292,1019
3766,0.5844544394704633,978
3770,0.6846229283798191,1019
3772,0.5405962957084403,1044
3777,0.6263200103714185,602
3778,0.6291146531253168,1291
3780,0.6199861214349894,546
3781,0.298380174624021,514
3782,0.571629068239698,544
3783,0.412446132867133,16
3786,0.5307695840859243,1420
3788,0.5545365372476339,82
3790,0.6157369872615018,85
3794,0.61436251182193,1405
3795,0.511542643461937,563
3796,0.6920928723949622,1504
3800,0.592143686861291,638
3801,0.30985385385446984,546
3806,0.6091760839682163,1609
3807,0.6111383614051195,3135
3808,0.5886094600284053,1301
3810,0.4698584319905278,1771
3818,0.3437092367735381,553
3819,0.5036622499391711,554
3821,0.2848052063504196,548
3822,0.658185408471639,717
3825,0.35746564715702656,64
3830,0.5736222300693907,731
3831,0.0,0
3832,0.6040629018219608,777
3837,0.7458771130259142,170
3838,0.30960780094723706,1016
3841,0.5761759524354412,970
3848,0.5751422136216212,1259
3849,0.6182424912082437,555
3850,0.0,0
3851,0.29978395374264094,16
3853,0.4794881634399736,587
3857,0.5219500451909337,536
3859,0.6099593529007105,1328
3860,0.6061264871813196,750
3862,0.582026006571331,1207
3865,0.5400627060613975,1339
3871,0.567916257457788,673
3875,0.5609741780597483,544
3881,0.45570651618277713,719
3886,0.29078129208160736,583
3887,0.3390601992088524,599
3888,0.6525109751973343,582
3890,0.7741218357680948,599
3891,0.28399773766368447,1109
3893,0.5099768131997481,546
3894,0.624475009653739,547
3897,0.32531216154120873,16
3898,0.5741167842084158,722
3899,0.4259627037215172,708
3901,0.6124973015115105,724
3903,0.33404356107185473,72
3910,0.5941445463344497,673
3913,1.0000373688370316,747
3915,0.40963587920230404,1699
3918,0.6129914592833873,1035
3921,0.4984787625418065,1021
3922,0.6420596116069897,991
3923,0.6612473380656617,928
3927,0.6063512745884274,597
3928,0.5834873215170817,578
3931,0.5454974146699128,548
3935,0.5661192777963573,1266
3936,0.5738306008197476,1267
3940,0.4875588149717004,538
3942,0.32781206642267746,1504
3943,0.49982593909811,81
3944,0.3671549409967883,1328
3951,0.5227014962500476,90
3952,0.6244907376395253,1514
3953,0.5989529714193846,1577
3954,0.5775266491831724,1484
3955,0.313273155073657,1364
3956,0.6696381006427066,2633
3957,0.5614284217164882,2639
3958,0.6570403643121375,2563
3959,0.46049460150282995,1180
3962,0.5745424105890725,694
3964,0.5777599275618928,592
3967,0.36181503196062825,547
3974,0.48772972704662576,534
3976,0.4567136024063855,708
3980,0.5642255429394797,753
3983,0.5831680544359735,321
3984,0.3021071162172245,999
3990,0.4690612490243969,930
3991,0.5820802871246921,1002
3993,0.7405574826827214,75
3995,0.40541059188336454,1007
4000,0.5403627247319953,1195
4005,0.5445562066002152,517
4006,0.5674457794157949,510
4007,0.27672508597358997,535
4008,0.6390159352451436,2436
4009,0.5425733266036364,2401
4010,0.7102691687421456,2432
4016,0.48042866425127073,1459
4017,0.35770871821899713,2002
4019,0.8696514573589147,2718
4021,0.36418179392849437,1664
4025,0.5369531422998014,636
4031,0.5291684090095709,1702
4032,0.6249619924270361,2863
4038,0.40272437691891333,612
4039,0.46016691580271996,77
4040,0.339601991235919,622
4041,0.3901181168697705,706
4044,0.5575388947522578,180
4047,0.3410344426556841,15
4048,0.5548605709963585,48
4049,0.5433598357362196,645
4050,0.3224663667019564,647
4053,0.6471606066627283,518
4054,0.3388941140397279,730
4056,0.19289839496930894,104
4057,0.47317361899890026,609
4058,0.6548656026928907,725
4061,0.6144928729617993,729
4065,0.2839100295686672,57
4067,0.5866498073983224,783
4069,0.6019100863966457,678
4070,1.000162455750074,47
4077,0.5318749702837597,784
4078,0.45167913312610675,760
4081,1.2947811471420485,74
4082,0.5805324250190306,74
4083,0.5047999937748673,927
4085,0.6235030043793677,923
4086,0.5693876028210388,246
4088,0.6818339875792333,227
4090,0.6152850065465371,249
4091,0.27719208334695766,1866
4092,0.626561137165318,907
4094,0.16153638394802097,31
4100,0.0,0
4102,0.589153501847932,1259
4103,0.4208909876606272,81
4104,0.8850539309848996,89
4107,0.8043659122784313,1267
4110,0.6060362961494723,1173
4117,0.6167992177122994,1392
4119,0.46217020592394203,2721
4121,0.3708062888561591,1400
4122,0.5250224142877273,1398
4123,0.5084293259002817,1362
4128,0.5791649132820058,631
4131,0.5450341530089805,510
4134,0.6277734331637281,1596
4135,0.45383625675379313,2961
4136,0.48281628983854563,2963
4137,0.5065232640765601,1570
4138,0.5417374937738751,69
4139,0.0,0
4141,0.5485207044671778,69
4142,0.457576571116296,1183
4182,0.5910731384415137,183
4184,0.35483432162022854,626
4186,0.33942479058502006,15
4189,0.3586864786384028,1127
4191,0.6358080742636757,504
4193,0.4036247129138598,25
4198,0.5143601320223963,777
4208,0.6455836628128356,356
4210,0.6028443557229218,798
4211,0.5146132978121283,321
4213,0.46910470691953704,799
4219,0.3644522788470937,912
4225,0.6944280880485783,151
4230,0.44205757799056694,946
4232,0.6492892048041771,1331
4247,0.6278662519441176,1239
4252,0.6780862737397635,1399
4261,0.5193593317367946,1365
4264,0.6331934463418786,1375
4265,0.6009961319240819,1372
4268,0.36885426116024106,38
4273,0.6513905723576082,2782
4274,0.5016133588217859,2861
4281,0.46271770630603787,1328
4283,0.5179446353321626,711
4294,0.5882599203102747,614
4298,0.3098815787955107,206
4300,0.44997678066853225,15
4301,0.5009549017415209,14
4303,0.0,0
4307,0.30528164496517757,513
4308,0.5897968957810864,693
4313,0.5629904315814914,725
4314,0.7277681074072625,704
4321,0.6791620978842736,681
4324,0.5013086048705767,770
4325,0.5429006618053739,685
4328,0.5714104732069001,355
4332,0.5629335565459116,915
4334,0.37846108944986845,758
4337,0.5440940315100907,881
4341,0.5884775110132152,48
4342,0.11731556091783832,52
4343,0.517453131227895,565
4344,0.5424081034301571,629
4351,0.6388342871724615,1243
4352,0.35049268062315625,1249
4353,0.6144215784549502,1247
4357,0.5626282180150669,173
4359,0.5887318808974563,1399
4376,0.5783234234458834,90
4378,0.506358780495752,1371
4379,0.32999182280436956,655
4380,0.357772737697516,38
4381,0.6511368348694595,619
4382,0.34689320119036615,1377
4386,0.5776756420673969,70
4387,0.4862176903463202,1462
4391,0.569406247409762,1289
4396,0.6160822367609511,691
4400,0.0,0
4403,0.5269048527835286,693
4404,0.5821468541920587,1157
4407,0.47026229418617077,95
4410,0.0,0
4415,0.3819136042635109,880
4416,0.6317125944517846,433
4417,0.5685817787872334,440
4418,0.5963225271622712,900
4419,0.6252883254467743,699
4420,0.5086313861783083,855
4421,0.35226660608579113,440
4422,0.0,0
4423,0.5875697339718358,439
4424,0.6335581386010816,414
4426,0.6261558142017807,436
4427,0.7519878604088561,441
4428,0.2912134663741559,733
4430,0.6004759981647854,768
4431,0.6515829789330272,777
